id,conversation_id,created_at,date,time,timezone,user_id,username,name,place,tweet,language,mentions,urls,photos,replies_count,retweets_count,likes_count,hashtags,cashtags,link,retweet,quote_url,video,thumbnail,near,geo,source,user_rt_id,user_rt,retweet_id,reply_to,retweet_date,translate,trans_src,trans_dest
1437660047983595522,1437651805882621955,2021-09-14 15:10:40 ´ëÇÑ¹Î±¹ Ç¥ÁØ½Ã,2021-09-14,15:10:40,+0900,989089875113775104,goodwalwar1,왈왈 🆅,,@FwIu9d3 하 ㅇㄱㄹㅇ.. 라면도 콩나물멓어서 뚝배기 팔팔 끓이면 장인의 라면 미침. 해장은 무조건 뚝배기에 담은걸로. 안식고 계속 보글보글 끓고잇는거 입에 집어넣고 허버허버 해야 먹는맛나는거죠,ko,[],[],[],0,0,0,[],[],https://twitter.com/goodwalwar1/status/1437660047983595522,False,,0,,,,,,,,"[{'screen_name': 'FwIu9d3', 'name': '콩순이', 'id': '1418442654417788933'}]",,,,
1378067779899727872,1378067779899727872,2021-04-03 04:32:16 ´ëÇÑ¹Î±¹ Ç¥ÁØ½Ã,2021-04-03,04:32:16,+0900,1300849052326617088,raeyeon___,💜래연💜,,고딩 때 학교 앞에 라면집 있었는데 거기가 진짜 맛있었음 뚝배기에 끓여주는데 해장라면 시키면 콩나물 얹어줘서 계란추가해먹으면 정말 좋았음 그거 먹고 버블티나 마카다미아 라떼 하나 마시면 야자 싫어 외치면서도 버틸만한 상태가 됏던 기억이 꼬리에 꼬리를 물고 떠오름,ko,[],[],[],0,0,2,[],[],https://twitter.com/Raeyeon___/status/1378067779899727872,False,,0,,,,,,,,[],,,,
1376138536747819012,1376138536747819012,2021-03-28 20:46:09 ´ëÇÑ¹Î±¹ Ç¥ÁØ½Ã,2021-03-28,20:46:09,+0900,316224412,ayumiffy151123,うさこちゃん,,오늘 저녁은 남편표 전주 콩나물 국밥 사이즈 맞는 뚝배기가 하나밖에 없어서 내꺼는 라면 냄비로 ㅎㅎㅎ 속에 오징어가 있어요🦑  https://t.co/Sr7G8CTN3Z,ko,[],[],"['https://pbs.twimg.com/media/ExkGsNpUUAMqVuD.jpg', 'https://pbs.twimg.com/media/ExkGs5FVgAAaV21.jpg']",0,0,2,[],[],https://twitter.com/ayumiffy151123/status/1376138536747819012,False,,1,https://pbs.twimg.com/media/ExkGsNpUUAMqVuD.jpg,,,,,,,[],,,,
1076864565818712065,1076864565818712065,2018-12-24 00:38:14 ´ëÇÑ¹Î±¹ Ç¥ÁØ½Ã,2018-12-24,00:38:14,+0900,144135604,urgulliver,🐻🐰🐯😷nobby🐥🐶🐱🦒,,"라면 유통기한 지나있어서 콩나물 뚝배기 먹는당,,,,,",ko,[],[],[],0,0,0,[],[],https://twitter.com/urgulliver/status/1076864565818712065,False,,0,,,,,,,,[],,,,
1005289704202227712,1005289704202227712,2018-06-09 12:25:17 ´ëÇÑ¹Î±¹ Ç¥ÁØ½Ã,2018-06-09,12:25:17,+0900,1003829160597262336,nlb7ussyuag9awv,게살샐러드,,990원이었나..? 마트에서..? 농심 콩나물 뚝배기당 스쿨푸드라는데 물붓고 5분이나 기다랴야 한다 이건 비효율적이에요! 근데 양도 많고 맛있다 알고보니 라면비스무리한거치고 칼로리도 낮다 긍정적이얌  https://t.co/Z6ahRIxwNa,ko,[],[],['https://pbs.twimg.com/media/DfOBplxUEAIpRdO.jpg'],0,0,0,[],[],https://twitter.com/nLB7uSsyuAG9AWv/status/1005289704202227712,False,,1,https://pbs.twimg.com/media/DfOBplxUEAIpRdO.jpg,,,,,,,[],,,,
982115801749532677,982115801749532677,2018-04-06 13:40:28 ´ëÇÑ¹Î±¹ Ç¥ÁØ½Ã,2018-04-06,13:40:28,+0900,248457464,changupia,이홍구,,콩나물김치해장뚝배기라면 ₩4000 #점심 #해장 #라면 #김밥천국 #lunch #ramyeon #noodles  https://t.co/I68gg4YyTA,ko,[],['https://www.instagram.com/p/BhN0amlAmFL/'],[],0,0,0,"['점심', '해장', '라면', '김밥천국', 'lunch', 'ramyeon', 'noodles']",[],https://twitter.com/changupia/status/982115801749532677,False,,0,,,,,,,,[],,,,
961215782242828288,961210042320961537,2018-02-07 21:31:15 ´ëÇÑ¹Î±¹ Ç¥ÁØ½Ã,2018-02-07,21:31:15,+0900,719422189682827264,beanari,RISE Nef,,콩나물 두부 양파 김치 라면등을 끓인 이 뚝배기찌개요리 이름을 맞히는분께는 다녀와서 뽀뽀해드림  https://t.co/nBCp31T2iI,ko,[],[],['https://pbs.twimg.com/media/DVbsopCVMAAD3nj.jpg'],1,0,0,[],[],https://twitter.com/BeaNari/status/961215782242828288,False,,1,https://pbs.twimg.com/media/DVbsopCVMAAD3nj.jpg,,,,,,,[],,,,
960885012827537409,960885012827537409,2018-02-06 23:36:54 ´ëÇÑ¹Î±¹ Ç¥ÁØ½Ã,2018-02-06,23:36:54,+0900,2254354508,fikertansoul,라므,,내츄럴즈가 조아하는 라면을 멋대로 정해보쟈 얀은 콩나물 뚝배기 애쉬는 육개장 다니엘은 짜파게티 레비는 불닭볶음면 마리니는 진짬뽕 조나단은 새우탕 음 라면 먹고 싶어,ko,[],[],[],0,0,2,[],[],https://twitter.com/FIKerTanSoul/status/960885012827537409,False,,0,,,,,,,,[],,,,
955414017777967104,955413003750395905,2018-01-22 21:17:07 ´ëÇÑ¹Î±¹ Ç¥ÁØ½Ã,2018-01-22,21:17:07,+0900,365334273,flyladyj,Green_holiday,,"말 나온김에 콩나물해장국 팁이라면  : 일인용 뚝배기에 끓여야 하고, 마지막에 김가루&amp;계란 톡 깨서&amp;참기름 한방울 들어가야 보글보글 개운하고 고소한 콩나물해장국~",ko,[],[],[],0,0,1,[],[],https://twitter.com/FlyLadyJ/status/955414017777967104,False,,0,,,,,,,,[],,,,
954598466071572480,954598466071572480,2018-01-20 15:16:24 ´ëÇÑ¹Î±¹ Ç¥ÁØ½Ã,2018-01-20,15:16:24,+0900,866991823150956544,mulluto_,Mulluto🌻,,콩나물뚝배기 컵라면 하나랑 불닭볶음면 봉지라면 하나가있ㄴ느데 콩나물뚝배기는 좀 맛없어보이고 그렇다고 불닭 먹으면 분명 매워사 후회할것같은데 둘중에 뭘먹는게 나을까요..,ko,[],[],[],0,0,0,[],[],https://twitter.com/Mulluto_/status/954598466071572480,False,,0,,,,,,,,[],,,,
930250506961805312,930250506961805312,2017-11-14 10:46:18 ´ëÇÑ¹Î±¹ Ç¥ÁØ½Ã,2017-11-14,10:46:18,+0900,3328613810,pie_meuni,뫼니에르(훠궈모드),,오늘도 회덮밥이면 나는 죽소 춥단 말이야 따신거 먹고싶어... 회덮밥 맛있지만 평일 점심은 됐어ㅠ 차라리 콩나물 뚝배기 라면을 줘,ko,[],[],[],0,0,0,[],[],https://twitter.com/pie_meuni/status/930250506961805312,False,,0,,,,,,,,[],,,,
924559649218600960,924559649218600960,2017-10-29 17:52:52 ´ëÇÑ¹Î±¹ Ç¥ÁØ½Ã,2017-10-29,17:52:52,+0900,3332053820,lin_aisatoshi,사토시 랜선 고모 린 샤오제,,콩나물뚝배기라면 신기하다,ko,[],[],[],0,0,0,[],[],https://twitter.com/lin_aisatoshi/status/924559649218600960,False,,0,,,,,,,,[],,,,
904017535015596032,904016550268624896,2017-09-03 01:25:50 ´ëÇÑ¹Î±¹ Ç¥ÁØ½Ã,2017-09-03,01:25:50,+0900,774616759592562688,ruka_mukbang,루카르엠이 먹는다!,,@ageha_ooo 이미 늦었읍니다 저는 라면을 먹기로 선택했지요 나가사키 짬뽕이랑 콩나물 뚝배기가 있는데 둘 중 뭘 먹을까여,ko,[],[],[],1,0,0,[],[],https://twitter.com/ruka_mukbang/status/904017535015596032,False,,0,,,,,,,,[],,,,
854025227822485504,854015663978893312,2017-04-18 02:34:15 ´ëÇÑ¹Î±¹ Ç¥ÁØ½Ã,2017-04-18,02:34:15,+0900,95255804,crzbro,미오,,"@ricky_mic_lim 아쉽게도 누룽지탕이랑 콩나물뚝배기, 라면밖에 없네오.....",ko,[],[],[],0,0,0,[],[],https://twitter.com/crzbro/status/854025227822485504,False,,0,,,,,,,,"[{'screen_name': 'ricky_mic_lim', 'name': '묘숨인', 'id': '735141960'}]",,,,
837587369448517633,837587369448517633,2017-03-03 17:56:05 ´ëÇÑ¹Î±¹ Ç¥ÁØ½Ã,2017-03-03,17:56:05,+0900,734932595285204993,ys00828,koala0828,,#농심 #콩나물뚝배기라면  국물이 시원하고 맛나다!! 진짜 아침에 먹기 좋음!!! 물론 저녁도 좋지만 살찌기때문에...ㅋㅋㅋ  https://t.co/hj88x1Wg0n,ko,[],[],"['https://pbs.twimg.com/media/C5-1Q7DVUAAQ-Qx.jpg', 'https://pbs.twimg.com/media/C5-1Q7CU8AEo5kp.jpg', 'https://pbs.twimg.com/media/C5-1Q7EUwAAybML.jpg']",0,1,0,"['농심', '콩나물뚝배기라면']",[],https://twitter.com/ys00828/status/837587369448517633,False,,1,https://pbs.twimg.com/media/C5-1Q7DVUAAQ-Qx.jpg,,,,,,,[],,,,
823131616172048386,823131616172048386,2017-01-22 20:34:04 ´ëÇÑ¹Î±¹ Ç¥ÁØ½Ã,2017-01-22,20:34:04,+0900,69770649,your_ukino,유키노,,"콩나물 뚝배기(농심 쌀국수면) 광고가 눈에 띄어 결국 사먹었다. 라면처럼 느끼한 구석이 없어서 이례적으로 국물까지 다 먹음. 라면 먹을 일 있음 이거 먹어도 괜찮을 듯. 아, 근데 콩나물 있는데 컵라면으로 말고 끓여먹을 것 그랬나보다; 아쉽ㅋ",ko,[],[],[],1,0,0,[],[],https://twitter.com/your_ukino/status/823131616172048386,False,,0,,,,,,,,[],,,,
819034609497161728,819034609497161728,2017-01-11 13:14:02 ´ëÇÑ¹Î±¹ Ç¥ÁØ½Ã,2017-01-11,13:14:02,+0900,2330508360,com_sullect,에스타😷🎗,,콩나물뚝배기 희대의 혜자라면이다,ko,[],[],[],0,0,0,[],[],https://twitter.com/Com_Sullect/status/819034609497161728,False,,0,,,,,,,,[],,,,
811137183759249409,811137183759249409,2016-12-20 18:12:29 ´ëÇÑ¹Î±¹ Ç¥ÁØ½Ã,2016-12-20,18:12:29,+0900,3271796508,koong_ga,쓰레기같은 입시생 쿵가,,콩나물 뚝배기 라면...,ko,[],[],[],0,0,0,[],[],https://twitter.com/koong_ga/status/811137183759249409,False,,0,,,,,,,,[],,,,
780928213325221888,780927395243003904,2016-09-28 09:32:49 ´ëÇÑ¹Î±¹ Ç¥ÁØ½Ã,2016-09-28,09:32:49,+0900,2565008598,artk11177,잡덕 레이레어,,@chfhrrhlanf @cheesedenu 그거 말만 콩나물 뚝배기지 그냥 라면 아냐...??,ko,[],[],[],0,0,0,[],[],https://twitter.com/artk11177/status/780928213325221888,False,,0,,,,,,,,"[{'screen_name': 'chfhrrhlanf', 'name': '초록괴물', 'id': '2271808466'}]",,,,
772593618838097921,772593618838097921,2016-09-05 09:34:07 ´ëÇÑ¹Î±¹ Ç¥ÁØ½Ã,2016-09-05,09:34:07,+0900,2934643285,94s288,태인,,저번엔 콩나물뚝배기 먹어봤고... 오늘은 보글보글 부대찌개라면..,ko,[],[],[],0,0,0,[],[],https://twitter.com/94S288/status/772593618838097921,False,,0,,,,,,,,[],,,,
769014506651422720,769014506651422720,2016-08-26 12:32:00 ´ëÇÑ¹Î±¹ Ç¥ÁØ½Ã,2016-08-26,12:32:00,+0900,249924979,candywindyalice,바람의 앨리스,,#콩나물뚝배기 #농심 이거 신상라면? 시식후기 머 광고에는 아침대용으로 나오는데 머 그정도 이긴 한데 맛은 별로 그냥 그럼 이건 쌀국수라 밀가루 음식 싫고 그냥 국물 있는거 먹기로는 머 그냥 근데 다시 안 먹을 지도 맛이 무맛,ko,[],[],[],1,0,0,"['콩나물뚝배기', '농심']",[],https://twitter.com/candywindyalice/status/769014506651422720,False,,0,,,,,,,,[],,,,
764107872770764800,764104558117203968,2016-08-12 23:34:47 ´ëÇÑ¹Î±¹ Ç¥ÁØ½Ã,2016-08-12,23:34:47,+0900,4269193932,nurnu1029,🌟김널누🌟,,@mud_1215 지에스최고군여ㅋㅋㅋㅋ저막 콩나물뚝배기라면사가눈ㅋㅋ,ko,[],[],[],0,0,0,[],[],https://twitter.com/nurnu1029/status/764107872770764800,False,,0,,,,,,,,[],,,,
759795595028541443,759794009405480962,2016-08-01 01:59:20 ´ëÇÑ¹Î±¹ Ç¥ÁØ½Ã,2016-08-01,01:59:20,+0900,4812584864,dana_725,단아 동결임,,@Gimew0912 오옹 컵라면 진짜 많다 ㅋㅋㅋㅋ 콩나물 뚝배기도 라면이야?,ko,[],[],[],0,0,0,[],[],https://twitter.com/danA_725/status/759795595028541443,False,,0,,,,,,,,[],,,,
752128445635633152,752128445635633152,2016-07-10 22:12:49 ´ëÇÑ¹Î±¹ Ç¥ÁØ½Ã,2016-07-10,22:12:49,+0900,133244995,hhhkkk5,가인,,"#콩나물뚝배기 #쌀국수 #컵라면 #라면 #편의점 #해장 #라면스타그램 #아침식사 #아침밥 [농심] 아침식사를 가볍게, 콩나물뚝배기 :  https://t.co/AI21rEXWRZ",ko,[],['https://www.youtube.com/embed/EfdnJl7NDTM?list=PLVTuhLnofvsIpA28SuPgPFA-cSYV9P3de'],[],0,0,0,"['콩나물뚝배기', '쌀국수', '컵라면', '라면', '편의점', '해장', '라면스타그램', '아침식사', '아침밥']",[],https://twitter.com/hhhkkk5/status/752128445635633152,False,,0,,,,,,,,[],,,,
751419105157091328,751419105157091328,2016-07-08 23:14:10 ´ëÇÑ¹Î±¹ Ç¥ÁØ½Ã,2016-07-08,23:14:10,+0900,133244995,hhhkkk5,가인,,"#콩나물뚝배기 #쌀국수 #컵라면 #라면 #편의점 #해장 #라면스타그램 #아침식사 #아침밥 [농심] 아침식사를 가볍게, 콩나물뚝배기 :  https://t.co/AI21rEXWRZ",ko,[],['https://www.youtube.com/embed/EfdnJl7NDTM?list=PLVTuhLnofvsIpA28SuPgPFA-cSYV9P3de'],[],0,0,1,"['콩나물뚝배기', '쌀국수', '컵라면', '라면', '편의점', '해장', '라면스타그램', '아침식사', '아침밥']",[],https://twitter.com/hhhkkk5/status/751419105157091328,False,,0,,,,,,,,[],,,,
750704225047367680,750704225047367680,2016-07-06 23:53:29 ´ëÇÑ¹Î±¹ Ç¥ÁØ½Ã,2016-07-06,23:53:29,+0900,133244995,hhhkkk5,가인,,"#콩나물뚝배기 #쌀국수 #컵라면 #라면 #편의점 #해장 #라면스타그램 #아침식사 #아침밥 [농심] 아침식사를 가볍게, 콩나물뚝배기 :  https://t.co/AI21rEXWRZ",ko,[],['https://www.youtube.com/embed/EfdnJl7NDTM?list=PLVTuhLnofvsIpA28SuPgPFA-cSYV9P3de'],[],0,0,1,"['콩나물뚝배기', '쌀국수', '컵라면', '라면', '편의점', '해장', '라면스타그램', '아침식사', '아침밥']",[],https://twitter.com/hhhkkk5/status/750704225047367680,False,,0,,,,,,,,[],,,,
749255049159667712,749255049159667712,2016-07-02 23:54:58 ´ëÇÑ¹Î±¹ Ç¥ÁØ½Ã,2016-07-02,23:54:58,+0900,133244995,hhhkkk5,가인,,#콩나물뚝배기 #쌀국수 #컵라면 #라면 #편의점 #해장 #라면스타그램 #아침식사 #아침밥 상세 | 농시미 이벤트 | 농시미 :  https://t.co/0Z3EJKOmlq,ko,[],['http://www.nongshimi.com/event/2016/06_ttukbaegi/ttukbaegi_event'],[],0,0,1,"['콩나물뚝배기', '쌀국수', '컵라면', '라면', '편의점', '해장', '라면스타그램', '아침식사', '아침밥']",[],https://twitter.com/hhhkkk5/status/749255049159667712,False,,0,,,,,,,,[],,,,
747818414979178497,747818414979178497,2016-06-29 00:46:18 ´ëÇÑ¹Î±¹ Ç¥ÁØ½Ã,2016-06-29,00:46:18,+0900,133244995,hhhkkk5,가인,,"#콩나물뚝배기  #쌀국수  #컵라면 #라면 #편의점 #해장 #라면스타그램 #아침식사 #아침밥 [농심] 아침식사를 가볍게, 콩나물뚝배기 :  https://t.co/AI21rEXWRZ",ko,[],['https://www.youtube.com/embed/EfdnJl7NDTM?list=PLVTuhLnofvsIpA28SuPgPFA-cSYV9P3de'],[],0,0,1,"['콩나물뚝배기', '쌀국수', '컵라면', '라면', '편의점', '해장', '라면스타그램', '아침식사', '아침밥']",[],https://twitter.com/hhhkkk5/status/747818414979178497,False,,0,,,,,,,,[],,,,
747777527800750080,747776567422517248,2016-06-28 22:03:50 ´ëÇÑ¹Î±¹ Ç¥ÁØ½Ã,2016-06-28,22:03:50,+0900,3254723472,rian5124,[동결] 리안,,"@rian5124 집에 있는 회지 생각이 나고요... 쨌든 그거 다 읽고, 꾸님도 기상해서 아침 먹었다. 열한시쯤? 라면 먹었다. 꾸르맛8ㅅ8 밥도 말아먹었음. 꾸님은 콩나물 뚝배기였나... 그거 드심. 아침 먹고 무도 타임을 가졌다. 과자랑 같이.",ko,[],[],[],1,0,0,[],[],https://twitter.com/rian5124/status/747777527800750080,False,,0,,,,,,,,"[{'screen_name': 'rian5124', 'name': '[동결] 리안', 'id': '3254723472'}]",,,,
746019218202628096,746019218202628096,2016-06-24 01:36:56 ´ëÇÑ¹Î±¹ Ç¥ÁØ½Ã,2016-06-24,01:36:56,+0900,133244995,hhhkkk5,가인,,#콩나물뚝배기 #쌀국수 #컵라면 #해장 #아침식사 #아침밥 #라면 농심-콩나물 뚝배기 쌀국수에 콩나물 뚝배기 맛 그대로~바쁜 아침에 간편한 식사 (출처 :  https://t.co/IJ52rCcx4k   https://t.co/nx4dkAmn6Q,ko,[],"['http://blog.naver.com/hhhkkk5/220744433059', 'http://me2.do/xFkgR2SP']",[],0,0,1,"['콩나물뚝배기', '쌀국수', '컵라면', '해장', '아침식사', '아침밥', '라면']",[],https://twitter.com/hhhkkk5/status/746019218202628096,False,,0,,,,,,,,[],,,,
745507353605242880,745507353605242880,2016-06-22 15:42:58 ´ëÇÑ¹Î±¹ Ç¥ÁØ½Ã,2016-06-22,15:42:58,+0900,132825441,mkkim7,토갱이엄마,,"간단한 아침식사, 농심 콩나물 뚝배기 #콩나물뚝배기 #쌀국수 #컵라면 #라면 #편의점 #해장 #라면스타그램 #아침식사 #아침밥  https://t.co/QlPu4gOPLh  https://t.co/NzEgf62ll5",ko,[],['http://me2.do/FYDQIvbz'],"['https://pbs.twimg.com/media/CliS9VvVEAEuf47.jpg', 'https://pbs.twimg.com/media/CliS-SiUYAUPpD7.jpg']",0,0,1,"['콩나물뚝배기', '쌀국수', '컵라면', '라면', '편의점', '해장', '라면스타그램', '아침식사', '아침밥']",[],https://twitter.com/mkkim7/status/745507353605242880,False,,1,https://pbs.twimg.com/media/CliS9VvVEAEuf47.jpg,,,,,,,[],,,,
740035654898221056,740035654898221056,2016-06-07 13:20:23 ´ëÇÑ¹Î±¹ Ç¥ÁØ½Ã,2016-06-07,13:20:23,+0900,4214194524,behindmin,behindmin,,밥을 먹지 않아도 배부르다 오늘부터 라면은 콩나물 뚝배기,ko,[],[],[],0,0,0,[],[],https://twitter.com/behindmin/status/740035654898221056,False,,0,,,,,,,,[],,,,
