id,conversation_id,created_at,date,time,timezone,user_id,username,name,place,tweet,language,mentions,urls,photos,replies_count,retweets_count,likes_count,hashtags,cashtags,link,retweet,quote_url,video,thumbnail,near,geo,source,user_rt_id,user_rt,retweet_id,reply_to,retweet_date,translate,trans_src,trans_dest
1469592650743689218,1469592650743689218,2021-12-11 17:59:26 ´ëÇÑ¹Î±¹ Ç¥ÁØ½Ã,2021-12-11,17:59:26,+0900,781637058,jin421jin,직jin,,먹는다 왜냐면 저는 지금 너구리 끓여먹을거거든요 진라면 얘기 나와서 하는 말인데 저 믿고 진라면 순한맛 컵라면 작은거 먹으세요 진짜 맛있음 무조건 작은컵      https://t.co/ubLpsjOrYA,ko,[],['https://peing.net/ko/qs/1122609253'],[],0,0,1,[],[],https://twitter.com/jin421jin/status/1469592650743689218,False,,0,,,,,,,,[],,,,
1442130060459188230,1442130060459188230,2021-09-26 23:12:54 ´ëÇÑ¹Î±¹ Ç¥ÁØ½Ã,2021-09-26,23:12:54,+0900,1413726526483230721,dlqotlswk,1B,,하츠토리하지메너구리순한맛큰컵좋아하는거맞죠?제가자료집이없어서요감사합니다,ko,[],[],[],0,0,0,[],[],https://twitter.com/dlqotlswk/status/1442130060459188230,False,,0,,,,,,,,[],,,,
1414836397479923747,1414836397479923747,2021-07-13 15:37:38 ´ëÇÑ¹Î±¹ Ç¥ÁØ½Ã,2021-07-13,15:37:38,+0900,923640235,lunasatellite_,루나🈁,,육개장작은컵 신라면 유부우동 너구리순한맛 택1,ko,[],[],[],1,0,0,[],[],https://twitter.com/LunaSatellite_/status/1414836397479923747,False,,0,,,,,,,,[],,,,
1362000996520497153,1362000996520497153,2021-02-17 20:28:36 ´ëÇÑ¹Î±¹ Ç¥ÁØ½Ã,2021-02-17,20:28:36,+0900,1262064367886954497,dahae27,하다해,,너구리순한맛먹을건데 가끔은진순이컵도먹고싶어,ko,[],[],[],0,0,2,[],[],https://twitter.com/Dahae27/status/1362000996520497153,False,,0,,,,,,,,[],,,,
1284063949122494464,1284059609737527298,2020-07-17 18:54:36 ´ëÇÑ¹Î±¹ Ç¥ÁØ½Ã,2020-07-17,18:54:36,+0900,879249870254522368,aermo8,김레프(트훔러),,내가 먹기엔....마가린 넣기전엔(위에서 2단계)너구리 순한맛의 농도를 옅고 옅기 만든다음이 사골국수 약간 소주컵 정도만 넣고 휘적거린거에 간이 안 밴 면을 먹는 맛이였습니다  4단계 이후의 맛은 나도 모르겠다,ko,[],[],[],1,0,0,[],[],https://twitter.com/aermo8/status/1284063949122494464,False,,0,,,,,,,,[],,,,
1223177311295377408,1223177311295377408,2020-01-31 18:32:51 ´ëÇÑ¹Î±¹ Ç¥ÁØ½Ã,2020-01-31,18:32:51,+0900,2494251332,kk6378361,뚱딴지 히로오카,,뽀로로 스파게티가 나왔다?? 게다가 너구리 순한맛 컵도?!!!!!,ko,[],[],[],1,0,0,[],[],https://twitter.com/kk6378361/status/1223177311295377408,False,,0,,,,,,,,[],,,,
1183318989197365253,1183318989197365253,2019-10-13 18:50:06 ´ëÇÑ¹Î±¹ Ç¥ÁØ½Ã,2019-10-13,18:50:06,+0900,1216928714,matcha_365,말차,,"라면은안성탕면,너구리순한맛,참깨라면,오동통면,컵누들등등으로먹음ㅋㅋㅋㄲ맵찔이,,,,,",ko,[],[],[],0,0,0,[],[],https://twitter.com/matcha_365/status/1183318989197365253,False,,0,,,,,,,,[],,,,
1139012533962960896,1139012533962960896,2019-06-13 12:32:04 ´ëÇÑ¹Î±¹ Ç¥ÁØ½Ã,2019-06-13,12:32:04,+0900,1013528443869229056,kitsch___frog,계이했음 메인트확인부탁,,너구리순한맛 컵 뿐이긴 한데 우리 매장은,ko,[],[],[],0,0,0,[],[],https://twitter.com/Kitsch___frog/status/1139012533962960896,False,,0,,,,,,,,[],,,,
1099151980826480641,1098882384290766854,2019-02-23 12:40:28 ´ëÇÑ¹Î±¹ Ç¥ÁØ½Ã,2019-02-23,12:40:28,+0900,878936643490598914,dakrong_0303,농장,,@KNJ_SugarPlease 사실 진라면 순한맛 큰컵은 있는데 너구리는 없을걸요..? ㅎㅎ,ko,[],[],[],0,0,0,[],[],https://twitter.com/dakrong_0303/status/1099151980826480641,False,,0,,,,,,,,[],,,,
1054913258287652864,1054913258287652864,2018-10-24 10:51:34 ´ëÇÑ¹Î±¹ Ç¥ÁØ½Ã,2018-10-24,10:51:34,+0900,1936663568,vldzmf97,Rose Selene Lion☾,,대용량 얼음콜라랑 라면 종류별로 먹고싶다.  공화춘짜장곱빼기 새우탕 사리곰탕면 진라면순한맛 너구리 치즈볶이 리얼치즈탕면 치즈맛라면 육개장 참깨라면 튀김우동 봉희설렁탕면 파스탕면 스낵면...다 큰컵으로. 치즈불닭이랑 베이컨참치마요 삼각김밥이랑 날계란도.  육회랑 찹쌀순대도 먹고싶음.,ko,[],[],[],1,0,0,[],[],https://twitter.com/vldzmf97/status/1054913258287652864,False,,0,,,,,,,,[],,,,
874699899341742081,874699488740294656,2017-06-14 03:48:01 ´ëÇÑ¹Î±¹ Ç¥ÁØ½Ã,2017-06-14,03:48:01,+0900,874696729479610369,ny4mm,개취음식잡담,,쌓여가는 거 같다...클래식한 봉지라면은 저 두 개랑 너구리 정도 먹는 거 같고...솔직히 너구리 왜 먹고 있는지 모르겠는데 자꾸 오동통면 사려다가 너구리 사옴...나는 컵라면이 훨씬 좋기 때문에 대부분의 경우 오징어 짬뽕 작은 컵 하나+컵누들 순한맛,ko,[],[],[],1,0,0,[],[],https://twitter.com/ny4mm/status/874699899341742081,False,,0,,,,,,,,[],,,,
789052350245642244,789047859932983298,2016-10-20 19:35:14 ´ëÇÑ¹Î±¹ Ç¥ÁØ½Ã,2016-10-20,19:35:14,+0900,1139497105,180x178,리타/リタ🐰,,@Althea_Air 너구리 순한맛ㅠㅠㅠ에아님 식성 저랑 비슷한듯해서 감동이어요 넵 쟁여놓기도 하고 진라면 순한맛 컵도 맛있어요헿헤,ko,[],[],[],1,0,0,[],[],https://twitter.com/180x178/status/789052350245642244,False,,0,,,,,,,,"[{'screen_name': 'Althea_Air', 'name': '에아님 ଳ', 'id': '3310361431'}]",,,,
