id,conversation_id,created_at,date,time,timezone,user_id,username,name,place,tweet,language,mentions,urls,photos,replies_count,retweets_count,likes_count,hashtags,cashtags,link,retweet,quote_url,video,thumbnail,near,geo,source,user_rt_id,user_rt,retweet_id,reply_to,retweet_date,translate,trans_src,trans_dest
1178744355193937920,1178744355193937920,2019-10-01 03:52:08 ´ëÇÑ¹Î±¹ Ç¥ÁØ½Ã,2019-10-01,03:52:08,+0900,2354592649,gtlove0915,𖠏에비🦐,,농심 까르보나라 다신안먹어미쳣어,ko,[],[],[],0,0,0,[],[],https://twitter.com/gtlove0915/status/1178744355193937920,False,,0,,,,,,,,[],,,,
1176403984975663105,1176403984975663105,2019-09-24 16:52:21 ´ëÇÑ¹Î±¹ Ç¥ÁØ½Ã,2019-09-24,16:52:21,+0900,960789064805842944,soba_1205,계이진행중 메인트,,"농심 스파게티 까르보나라 후기:  사람들이 왜 별로라고 했는지 알거같다 존나달아서 소금후추 미친듯이뿌려먹음; 김치 없었음 난 아마 속느글거려서 버렸을것 걍 치즈볶이살걸, ,,,,",ko,[],[],[],0,0,1,[],[],https://twitter.com/SOBA_1205/status/1176403984975663105,False,,0,,,,,,,,[],,,,
1164919040315285504,1164919040315285504,2019-08-24 00:15:17 ´ëÇÑ¹Î±¹ Ç¥ÁØ½Ã,2019-08-24,00:15:17,+0900,846403843571146752,dobedup,🍰듀념념🍰,,"농심 스파게티 까르보나라 1,600 원  물을 더 넣어서 그런가 조금 밍숭맹숭해! 치즈나 소세지 넣어먹어야 될 것 같음😋  https://t.co/4mgSThCzMF",ko,[],[],['https://pbs.twimg.com/media/ECqfrhdUYAAa7rV.jpg'],1,0,2,[],[],https://twitter.com/dobedup/status/1164919040315285504,False,,1,https://pbs.twimg.com/media/ECqfrhdUYAAa7rV.jpg,,,,,,,[],,,,
1163602423740432385,1163602423740432385,2019-08-20 09:03:31 ´ëÇÑ¹Î±¹ Ç¥ÁØ½Ã,2019-08-20,09:03:31,+0900,907071793361436672,violentallsolve,💮뭐든줘패면해결된다💮,,농심 까르보나라 스파게티 별로인거 타르타르 소스 넣어서 섞어 먹으면 맛잇다ㅓ,ko,[],[],[],0,0,0,[],[],https://twitter.com/ViolentAllSolve/status/1163602423740432385,False,,0,,,,,,,,[],,,,
1144601349377499136,1144601349377499136,2019-06-28 22:40:02 ´ëÇÑ¹Î±¹ Ç¥ÁØ½Ã,2019-06-28,22:40:02,+0900,965780937484087296,pdmd95,판다만두🐼,,움...농심 스파게티 까르보나라 내취향 아님 면은 좋은디 맛이별루.....나중에 토마토먹어봐야겟다,ko,[],[],[],0,0,0,[],[],https://twitter.com/pdmd95/status/1144601349377499136,False,,0,,,,,,,,[],,,,
1125068732185731072,1125068732185731072,2019-05-06 01:04:23 ´ëÇÑ¹Î±¹ Ç¥ÁØ½Ã,2019-05-06,01:04:23,+0900,853314147013939201,baem_main,김뱀,,농심... 까르보나라 머시기... 너무 맛없어서 지금 좀 빡친다. 어떻게 이딴 걸 돈받고 팔 생각을 할 수 있어?,ko,[],[],[],0,0,1,[],[],https://twitter.com/baem_main/status/1125068732185731072,False,,0,,,,,,,,[],,,,
1125008771183366144,1125008771183366144,2019-05-05 21:06:07 ´ëÇÑ¹Î±¹ Ç¥ÁØ½Ã,2019-05-05,21:06:07,+0900,1009407952141234176,l_liter_0322,리터,,농심 까르보나라 내 취향 아니야...,ko,[],[],[],0,0,0,[],[],https://twitter.com/L_Liter_0322/status/1125008771183366144,False,,0,,,,,,,,[],,,,
1121254646712950784,1121254646712950784,2019-04-25 12:28:34 ´ëÇÑ¹Î±¹ Ç¥ÁØ½Ã,2019-04-25,12:28:34,+0900,1119268228532883457,titzzzz_0_0,상태이상 : 출근 티츠,,점심 삼김과 농심에서 나온 까르보나라 스파게티 컵라면,ko,[],[],[],0,0,0,[],[],https://twitter.com/titzzzz_0_0/status/1121254646712950784,False,,0,,,,,,,,[],,,,
1115398464722964480,1115398464722964480,2019-04-09 08:38:11 ´ëÇÑ¹Î±¹ Ç¥ÁØ½Ã,2019-04-09,08:38:11,+0900,862922129406177284,danhanem,단하!!!,,??농심 까르보나라 사왔는데 맛없대 이거 괜히산건가...???,ko,[],[],[],0,0,0,[],[],https://twitter.com/danhanem/status/1115398464722964480,False,,0,,,,,,,,[],,,,
1115105926527078400,1115105926527078400,2019-04-08 13:15:45 ´ëÇÑ¹Î±¹ Ç¥ÁØ½Ã,2019-04-08,13:15:45,+0900,4452632539,mik__n,믹기안,,음 오늘 점심메뉴로 선택한 농심 스파게티 까르보나라 컵라면(?)은 맛이 없네,ko,[],[],[],0,0,0,[],[],https://twitter.com/mik__n/status/1115105926527078400,False,,0,,,,,,,,[],,,,
1113615458094051328,1113615458094051328,2019-04-04 10:33:09 ´ëÇÑ¹Î±¹ Ç¥ÁØ½Ã,2019-04-04,10:33:09,+0900,1030649154165338112,moonoon_ze,아일,,고기먿고싶다.... 어제 농심에서 나온 까르보나라 컵라면을 먹었는데요 맛있는게 왠일로 괜찮은 컵라면이다 싶었는데 미묘하게 까르보나라의 그맛은 아니였음.,ko,[],[],[],0,0,0,[],[],https://twitter.com/moonoon_ze/status/1113615458094051328,False,,0,,,,,,,,[],,,,
1109629569500233729,1109629569500233729,2019-03-24 10:34:39 ´ëÇÑ¹Î±¹ Ç¥ÁØ½Ã,2019-03-24,10:34:39,+0900,787554960548388864,cdf_hq,틜,,농심 스파게티 컵  1. 둘다 흠🤔 2. 하지만 먹을게 이거밖에 없다면 무조건 토마토 3. 저거 까르보나라는 먹을게 못 된다 느끼하고 달콤한 고무줄같고 먹으면 먹을수록 현타가오고 화가남 4. 토마토는 뭐... 맛있다!!는 아닌데 그래도 있으면 먹을 수는 있음 먹다보면괜찮은것같기도하거 아닌가??  https://t.co/brLHIsTCVA,ko,[],[],"['https://pbs.twimg.com/media/D2YyLmxUkAALDpo.jpg', 'https://pbs.twimg.com/media/D2YyMyFU0AAxM0z.jpg']",0,0,2,[],[],https://twitter.com/CDF_HQ/status/1109629569500233729,False,,1,https://pbs.twimg.com/media/D2YyLmxUkAALDpo.jpg,,,,,,,[],,,,
1107561894653517824,1107561894653517824,2019-03-18 17:38:27 ´ëÇÑ¹Î±¹ Ç¥ÁØ½Ã,2019-03-18,17:38:27,+0900,1102487382773755904,nyamx2masisseo,밥계,,"아까 점심? 간식? 으로 농심 까르보나라 스파게티 먹었는데,, 이거 왜케 면이 끊겨 있는지 알 수 x  https://t.co/Cd8YzRcFxZ",ko,[],[],['https://pbs.twimg.com/media/D17ZqY5VAAU3rBO.jpg'],0,0,0,[],[],https://twitter.com/nyamx2masisseo/status/1107561894653517824,False,,1,https://pbs.twimg.com/media/D17ZqY5VAAU3rBO.jpg,,,,,,,[],,,,
1106910020791209990,1106910020791209990,2019-03-16 22:28:09 ´ëÇÑ¹Î±¹ Ç¥ÁØ½Ã,2019-03-16,22:28:09,+0900,165379615,firstclasseggs,1등급 달걀,,농심 스파게티 까르보나라 컵라면 - 면에 모든 힘을 쏟아낸 농심은 소스(스프)에서 거짓말처럼 참패를 당했다.  https://t.co/GMeDmasAOS,ko,[],[],['https://pbs.twimg.com/media/D1yIyA3U0AAbxp-.jpg'],0,1,1,[],[],https://twitter.com/FirstClassEggs/status/1106910020791209990,False,,1,https://pbs.twimg.com/media/D1yIyA3U0AAbxp-.jpg,,,,,,,[],,,,
1100690204954812416,1100690204954812416,2019-02-27 18:32:49 ´ëÇÑ¹Î±¹ Ç¥ÁØ½Ã,2019-02-27,18:32:49,+0900,1055751132797067264,teng_9oo,텡구,,와 농심 스파게티 까르보나라 진짜 맛없다 이런걸 음식이라고 파냐,ko,[],[],[],0,0,1,[],[],https://twitter.com/Teng_9oo/status/1100690204954812416,False,,0,,,,,,,,[],,,,
1098978174199681024,1098978174199681024,2019-02-23 01:09:49 ´ëÇÑ¹Î±¹ Ç¥ÁØ½Ã,2019-02-23,01:09:49,+0900,576064298,urisa17,유리사,,삼양 콰트로치즈라면인가 그것도 너무 느끼해서 두번은 안사먹겠다했는데 농심 스파게티 까르보나라보단 천만배 맛있다 어휴 올해 제일 망한 선택이었어 내가 뭐 먹고 이렇게 난리치는 사람이 아닌데 어휴 뭐 그런걸 돈받고파냐,ko,[],[],[],0,0,0,[],[],https://twitter.com/urisa17/status/1098978174199681024,False,,0,,,,,,,,[],,,,
1098843429155483648,1098843429155483648,2019-02-22 16:14:23 ´ëÇÑ¹Î±¹ Ç¥ÁØ½Ã,2019-02-22,16:14:23,+0900,576064298,urisa17,유리사,,아니 농심 스파게티 까르보나라 트윗검색좀 하고살걸 새로 시도하는거는 검색해보고 사는데 하필 검색 안하고 아무생각없이 산게 개맛없음 고무줄 삶은거같고 꾸역꾸역 먹었다 어휴 두개샀으면 큰일날뻔,ko,[],[],[],0,0,0,[],[],https://twitter.com/urisa17/status/1098843429155483648,False,,0,,,,,,,,[],,,,
1098069727979532289,1098069727979532289,2019-02-20 12:59:58 ´ëÇÑ¹Î±¹ Ç¥ÁØ½Ã,2019-02-20,12:59:58,+0900,3185178733,ayogurt_,‘ᯅ’,,농심 스파게티 까르보나라 컵.. 호기심에 먹어보았지만 호기심에 도전하지 말아야 할 음식.. 이 돈으로 먹을 수 있는 맛있는 음식은 충분히 많다.,ko,[],[],[],0,0,0,[],[],https://twitter.com/ayogurt_/status/1098069727979532289,False,,0,,,,,,,,[],,,,
1097052492087476227,1097052492087476227,2019-02-17 17:37:51 ´ëÇÑ¹Î±¹ Ç¥ÁØ½Ã,2019-02-17,17:37:51,+0900,728223451274563585,lee_jeomjang,이점장님🏖,,올해 최악의 선택 농심 스파게티 까르보나라 진짜 오지게 맛이없네 죽겟다,ko,[],[],[],0,0,0,[],[],https://twitter.com/Lee_jeomjang/status/1097052492087476227,False,,0,,,,,,,,[],,,,
1095010034818310145,1095010034818310145,2019-02-12 02:21:51 ´ëÇÑ¹Î±¹ Ç¥ÁØ½Ã,2019-02-12,02:21:51,+0900,858350852901281792,countryrider88,본격! 농촌 라이더 🏔,,아 농심 까르보나라 컵면 충격적으로 맛없다. 프림에다 소금넣어놨네,ko,[],[],[],0,0,1,[],[],https://twitter.com/CountryRider88/status/1095010034818310145,False,,0,,,,,,,,[],,,,
1093947027992412160,1093947027992412160,2019-02-09 03:57:50 ´ëÇÑ¹Î±¹ Ç¥ÁØ½Ã,2019-02-09,03:57:50,+0900,789230581523488768,bs5735,깜짝랭구(૭ ᐕ)૭ 💥🥚💫🍳🍳,,몸바쳐서 알아낸 오늘에 리빙포인트 : 농심 까르보나라 조오오오오오오오올라 맛없ㅇ다 이거 어떻게더먹지 걍 버려야겠ㄴ음,ko,[],[],[],0,0,0,[],[],https://twitter.com/BS5735/status/1093947027992412160,False,,0,,,,,,,,[],,,,
1093698281534701568,1093698281534701568,2019-02-08 11:29:24 ´ëÇÑ¹Î±¹ Ç¥ÁØ½Ã,2019-02-08,11:29:24,+0900,149847314,hyeon2____a,계정 알티태우지마세용 아카이브,,농심에서 나온 스파게티 까르보나라 존나 맛없으니까 사먹지마세요 제발.... 내가 어릴때 맛보고 10여년을 거리감을 둔 그 크림맛이야 시발... 냄새부터 토나올거같음 김치로 겨우겨우 향 맛 지우고 먹음,ko,[],[],[],0,0,0,[],[],https://twitter.com/hyeon2____a/status/1093698281534701568,False,,0,,,,,,,,[],,,,
1092985105063112704,1092985105063112704,2019-02-06 12:15:30 ´ëÇÑ¹Î±¹ Ç¥ÁØ½Ã,2019-02-06,12:15:30,+0900,761091354688561152,mintchoko27_a,공허애미╯(¬'' ¬ ╰ 🍀,,"농심 까르보나라 스파게티 먹는데 생각보다 맛있어서 놀람,,,,,까르보나라 맛은 아닌데 맛있어",ko,[],[],[],0,0,0,[],[],https://twitter.com/MintChoko27_A/status/1092985105063112704,False,,0,,,,,,,,[],,,,
1092013777287929856,1092013777287929856,2019-02-03 19:55:47 ´ëÇÑ¹Î±¹ Ç¥ÁØ½Ã,2019-02-03,19:55:47,+0900,448873286,5dt_5dt,오동통(お豚トン),,농심 스파게티 컵라면 맛나길래 마트 들른 김에 몇 개 집었는데 아뿔싸 까르보나라 맛이야ㅠㅠ어떨까 싶어 먹어봤는데 날 매우치고 싶어,ko,[],[],[],0,0,0,[],[],https://twitter.com/5dt_5dt/status/1092013777287929856,False,,0,,,,,,,,[],,,,
1091973044409495552,1091973044409495552,2019-02-03 17:13:56 ´ëÇÑ¹Î±¹ Ç¥ÁØ½Ã,2019-02-03,17:13:56,+0900,817848902,kimanbang,복권언니 김안방,,슈기가 광고하는 농심까르보나라 더럽게 맛없다던데,ko,[],[],[],0,0,0,[],[],https://twitter.com/kimanbang/status/1091973044409495552,False,,0,,,,,,,,[],,,,
1089428986738831365,1089428986738831365,2019-01-27 16:44:45 ´ëÇÑ¹Î±¹ Ç¥ÁØ½Ã,2019-01-27,16:44:45,+0900,290512064,fredelt,스피아🐟🙈‼️,,워너원 콘서트 장에 농심 스파게티 까르보나라 CF가 방영되고있고 저거 맛없어 😑,ko,[],[],[],0,0,0,[],[],https://twitter.com/fredelt/status/1089428986738831365,False,,0,,,,,,,,[],,,,
1087857049403183104,1087857049403183104,2019-01-23 08:38:26 ´ëÇÑ¹Î±¹ Ç¥ÁØ½Ã,2019-01-23,08:38:26,+0900,995623377489412101,dkftodn427,멍철,,농심 스파게티 까르보나라 진짜 구토맛나네 토마토 스파게티는 괜찮아서 맛있을줄알았는데 냄새부터 역하고 한입먹고 토나올것같아서 걍버림 나 까르보나라 엄청좋아하는데 이렇게 맛없는건 첨보네진짜,ko,[],[],[],0,1,0,[],[],https://twitter.com/dkftodn427/status/1087857049403183104,False,,0,,,,,,,,[],,,,
1085519923864981505,1085519923864981505,2019-01-16 21:51:32 ´ëÇÑ¹Î±¹ Ç¥ÁØ½Ã,2019-01-16,21:51:32,+0900,1227183373,new_mango_,FEEL🥭,,농심 까르보나라 쫄면맛... 삼양 투움바파스타가 더 맛있음,ko,[],[],[],0,0,0,[],[],https://twitter.com/new_mango_/status/1085519923864981505,False,,0,,,,,,,,[],,,,
1085500439779454981,1085500439779454981,2019-01-16 20:34:07 ´ëÇÑ¹Î±¹ Ç¥ÁØ½Ã,2019-01-16,20:34:07,+0900,1005493096434450432,tisnow_0w0owo,여우,,그 농심 스파게티 까르보나라는 드시지 마시구 귤맛우유도 드시지마세요,ko,[],[],[],0,0,0,[],[],https://twitter.com/tisnow_0w0owo/status/1085500439779454981,False,,0,,,,,,,,[],,,,
1085389108258713600,1085389108258713600,2019-01-16 13:11:43 ´ëÇÑ¹Î±¹ Ç¥ÁØ½Ã,2019-01-16,13:11:43,+0900,2217149983,o_juho,오주호,,I liked a @YouTube video  https://t.co/IAxA9bn7rS [4K] 슈기님? 이게 정말 맛있다구요? 농심 스파게티 까르보나라,ko,"[{'screen_name': 'youtube', 'name': 'youtube', 'id': '10228272'}]",['http://youtu.be/Xfisx93l1qQ?a'],[],0,0,0,[],[],https://twitter.com/o_juho/status/1085389108258713600,False,,0,,,,,,,,[],,,,
1085183819953520644,1085183819953520644,2019-01-15 23:35:59 ´ëÇÑ¹Î±¹ Ç¥ÁØ½Ã,2019-01-15,23:35:59,+0900,1005518771170115584,dammitt00,mit,,와... 나 까르보나라맛으로 가져온진 몰랐는데 ㅋㅋ  아무튼 농심 스파게티 까르보나라맛 안먹는게 좋은 것 같네요.... 거의 자정에 늘 배고파서 뭐 먹는데 방금 농심 스파게티 까르보나라 먹고 토하는줄 ㅋ ㅋㅋㅋㅋㅋㅋㅋㅋㅋㅋ 너무 달고 5분 제대로재면서 기다렸는데 면도 안익고 소세지색 역겨움,ko,[],[],[],1,1,1,[],[],https://twitter.com/dammitt00/status/1085183819953520644,False,,0,,,,,,,,[],,,,
1084117056755183616,1084117056755183616,2019-01-13 00:57:02 ´ëÇÑ¹Î±¹ Ç¥ÁØ½Ã,2019-01-13,00:57:02,+0900,1063100450466029569,sadab_love,사답,,소중한 존잘님들을 위해 죽기전에 유언 남김니다 호기심으로라도 농심 스파게티 까르보나라는 먹지마세요,ko,[],[],[],0,2,2,[],[],https://twitter.com/sadab_love/status/1084117056755183616,False,,0,,,,,,,,[],,,,
1083026224346148864,1083026224346148864,2019-01-10 00:42:28 ´ëÇÑ¹Î±¹ Ç¥ÁØ½Ã,2019-01-10,00:42:28,+0900,539163179,accuvi,은하수,,아... 그냥 개인적인 의견이고 제 입맛이긴 한데요. 농심까르보나라도 제가 엄청 기대하고 먹어서 실망한 건지는 모르겠는데ㅠㅠ 정말 면이 듀럼 세몰리나 면은 맞는 듯해요. 근데 진짜 그뿐이고 소스가 면맛에 묻힌다고 할까요? 제 취향도 아니었지만 소스랑 면이 겉도는 느낌입니다.,ko,[],[],[],1,0,0,[],[],https://twitter.com/accuvi/status/1083026224346148864,False,,0,,,,,,,,[],,,,
1082286921768816645,1082244861699403776,2019-01-07 23:44:44 ´ëÇÑ¹Î±¹ Ç¥ÁØ½Ã,2019-01-07,23:44:44,+0900,1012916714273558529,jenrangcu_16,숭당당,,@_black_fantasy 아 농심이넼ㅋㅋㅋㅋ 스파게티 과자인데 까르보나라 맛인줄...,ko,[],[],[],0,0,0,[],[],https://twitter.com/JenrangCU_16/status/1082286921768816645,False,,0,,,,,,,,"[{'screen_name': '_black_fantasy', 'name': '블누ෆ', 'id': '1007796294285324288'}]",,,,
1081237174866010112,1081237174866010112,2019-01-05 02:13:25 ´ëÇÑ¹Î±¹ Ç¥ÁØ½Ã,2019-01-05,02:13:25,+0900,1008679058660515843,nowwhi,라유 사담 덕질계,,농심 까르보나라 스파게티 컵라면 무조건 거르세요 진짜  ㅋㅋㅋㅋㅋㅋㅋㅋㅋㅋㅋㅋㅋㅋㅋ이건 아니다,ko,[],[],[],2,1,0,[],[],https://twitter.com/nowWhi/status/1081237174866010112,False,,0,,,,,,,,[],,,,
1081052197641629696,1081052197641629696,2019-01-04 13:58:23 ´ëÇÑ¹Î±¹ Ç¥ÁØ½Ã,2019-01-04,13:58:23,+0900,785477600068055040,suha__789,수하,,"와 농심에서 만든 까르보나라 파스타 사먹을바에야 그냥 그돈 바닥에 버리는게 나을거같음 진심으로 입버렸음 ㅅㅂ,,,,",ko,[],[],[],0,0,0,[],[],https://twitter.com/Suha__789/status/1081052197641629696,False,,0,,,,,,,,[],,,,
1080430846950043648,1080430846950043648,2019-01-02 20:49:22 ´ëÇÑ¹Î±¹ Ç¥ÁØ½Ã,2019-01-02,20:49:22,+0900,1666488518,a_b_aba,이순희,,농심 까르보나라 컵라면 ... 내 인생 최악의 라면으로 뽑겠다... 까르보나라는 무슨... 그... 롯데리아 감자 시즈닝을 삶은 면에 뿌려 먹어도 이것보단 맛있을듯... 한입먹고 역해서 헛구역질하고 버림,ko,[],[],[],0,0,0,[],[],https://twitter.com/a_b_aba/status/1080430846950043648,False,,0,,,,,,,,[],,,,
1080106218146824192,1080106218146824192,2019-01-01 23:19:24 ´ëÇÑ¹Î±¹ Ç¥ÁØ½Ã,2019-01-01,23:19:24,+0900,191801643,sur_rw,슈르🍤😷🏳️‍🌈덕질계,,농심 스파게티 토마토 용기면이 그럭저럭 나쁘지 않길래 까르보나라도 먹어 봤는데 울고 싶을 정도로 맛이 없다...............,ko,[],[],[],0,1,0,[],[],https://twitter.com/SuR_RW/status/1080106218146824192,False,,0,,,,,,,,[],,,,
1079406776821268480,1079406776821268480,2018-12-31 01:00:04 ´ëÇÑ¹Î±¹ Ç¥ÁØ½Ã,2018-12-31,01:00:04,+0900,107966220,shene_81,John Shene,,"[농심파스타] 농심 스파게티 까르보나라, 솔직한 후기...  https://t.co/41tYFusiji",ko,[],['https://shene81.tistory.com/150'],[],0,0,0,[],[],https://twitter.com/shene_81/status/1079406776821268480,False,,0,,,,,,,,[],,,,
1079004512898052097,1078994089540898816,2018-12-29 22:21:37 ´ëÇÑ¹Î±¹ Ç¥ÁØ½Ã,2018-12-29,22:21:37,+0900,1023970720055844865,c_u_hongchoming,@re_hongchoming으로 계이함🐇홍조🐇,,@Kanon_983 농심 스파게티 까르보나라,ko,[],[],[],1,0,1,[],[],https://twitter.com/c_u_hongchoming/status/1079004512898052097,False,,0,,,,,,,,"[{'screen_name': 'Kanon_983', 'name': '夏音(Kanon) 🍁/Нет войне', 'id': '952149651439853568'}]",,,,
1078999186811416576,1078994089540898816,2018-12-29 22:00:27 ´ëÇÑ¹Î±¹ Ç¥ÁØ½Ã,2018-12-29,22:00:27,+0900,1023970720055844865,c_u_hongchoming,@re_hongchoming으로 계이함🐇홍조🐇,,@Kidstar_Ryu1223 농심 스파게티 까르보나라..,ko,[],[],[],0,0,0,[],[],https://twitter.com/c_u_hongchoming/status/1078999186811416576,False,,0,,,,,,,,[],,,,
1078993178089254912,1078993178089254912,2018-12-29 21:36:35 ´ëÇÑ¹Î±¹ Ç¥ÁØ½Ã,2018-12-29,21:36:35,+0900,1058361167268110336,hongchocup,홍조 컵라면 리뷰,,농심 스파게티 까르보나라 1. 물붓고있는데 동생이 이거 맛없다했다(그걸 왜 지금 말해줘) 2. 한입 먹고 버리고싶었다 3. 대체 왜 만든거야 이런거 4. 입에다 쑤셔넣고 바로 아이스티 들이킴 5. 뭐라설명해야하지 이 맛을 짜고 느끼함? 6. 별점 줄 가치도 없다  https://t.co/rgRYOaR9i1,ko,[],[],['https://pbs.twimg.com/media/DvlakQsVAAEBFF7.jpg'],2,16,9,[],[],https://twitter.com/hongchocup/status/1078993178089254912,False,,1,https://pbs.twimg.com/media/DvlakQsVAAEBFF7.jpg,,,,,,,[],,,,
1078983483735736320,1078983483735736320,2018-12-29 20:58:03 ´ëÇÑ¹Î±¹ Ç¥ÁØ½Ã,2018-12-29,20:58:03,+0900,1023970720055844865,c_u_hongchoming,@re_hongchoming으로 계이함🐇홍조🐇,,티엠아이지만 홍조는 컵라면 리뷰 계정이 있습니다 오늘의 주인공은 농심 스파게티 까르보나라,ko,[],[],[],0,0,0,[],[],https://twitter.com/c_u_hongchoming/status/1078983483735736320,False,,0,,,,,,,,[],,,,
1078621549282775041,1078621549282775041,2018-12-28 20:59:51 ´ëÇÑ¹Î±¹ Ç¥ÁØ½Ã,2018-12-28,20:59:51,+0900,881753646303551488,taetaemylife__,박아미,,여러분 농심 신제품이 나왔다 까르보나라컵 알단 둘다샀는데 뭐먹 오늘밤,ko,[],[],[],2,0,0,[],[],https://twitter.com/taetaemylife__/status/1078621549282775041,False,,0,,,,,,,,[],,,,
1078592843965358080,1078592843965358080,2018-12-28 19:05:47 ´ëÇÑ¹Î±¹ Ç¥ÁØ½Ã,2018-12-28,19:05:47,+0900,4428543078,nmat_83a,kA라일,,이거 진짜 맛없음 진짜 개맛없어 이렇게 맛없는 까르보나라는 난생 처음 짓짜 존나 맛없다 농심 스파게티 까르보나라 존나 맛없어 안먹어보고 파나  https://t.co/SyyV3Izje6,ko,[],[],['https://pbs.twimg.com/media/DvfudmPUUAA8e1g.jpg'],1,0,0,[],[],https://twitter.com/nmat_83A/status/1078592843965358080,False,,1,https://pbs.twimg.com/media/DvfudmPUUAA8e1g.jpg,,,,,,,[],,,,
1078552485806010369,1078552485806010369,2018-12-28 16:25:25 ´ëÇÑ¹Î±¹ Ç¥ÁØ½Ã,2018-12-28,16:25:25,+0900,342555082,gkawkd02,M.H,,편의점 농심 까르보나라 맛이 좀 최악인데,ko,[],[],[],0,0,0,[],[],https://twitter.com/gkawkd02/status/1078552485806010369,False,,0,,,,,,,,[],,,,
1077115283477737473,1077115283477737473,2018-12-24 17:14:30 ´ëÇÑ¹Î±¹ Ç¥ÁØ½Ã,2018-12-24,17:14:30,+0900,2834932555,zo_pyo,🐯조표🐵,,농심 스파게티 까르보나라 후기 스프에 면말아먹는느낌 엄청 달아 삼양 파스타테이블 투움바 파스타 후기 안매운 불닭까르보나라 ㅇㄱㄹㅇ,ko,[],[],[],1,0,0,[],[],https://twitter.com/zo_pyo/status/1077115283477737473,False,,0,,,,,,,,[],,,,
1077072283254964226,1077072283254964226,2018-12-24 14:23:38 ´ëÇÑ¹Î±¹ Ç¥ÁØ½Ã,2018-12-24,14:23:38,+0900,3935497513,vonly_uv,보라돌이태태,,[위메프] 농심 스파게티 까르보나라 0원! 0원 &gt;&gt; 구경하러가기  https://t.co/ZfQOm3lGyt,ko,[],['http://mapi.wemakeprice.com/mobile_app/direct_to_app/4208937'],[],0,0,0,[],[],https://twitter.com/vonly_Uv/status/1077072283254964226,False,,0,,,,,,,,[],,,,
1077040882312826882,1077040882312826882,2018-12-24 12:18:51 ´ëÇÑ¹Î±¹ Ç¥ÁØ½Ã,2018-12-24,12:18:51,+0900,927794897146462208,v8l0kvclzzifpyd,dlqurwn,,농심 스파게티 까르보나라 0원! 0원 ▶ 구경하러가기  https://t.co/ATY8zMriX1,ko,[],['http://www.wemakeprice.com/deal/adeal/4208937'],[],0,0,0,[],[],https://twitter.com/v8l0kvCLzzifPYD/status/1077040882312826882,False,,0,,,,,,,,[],,,,
1077039860437774336,1077039860437774336,2018-12-24 12:14:47 ´ëÇÑ¹Î±¹ Ç¥ÁØ½Ã,2018-12-24,12:14:47,+0900,929327827299713026,mami0285081,mami0285081,,농심 스파게티 까르보나라 0원! 0원 ▶ 구경하러가기  https://t.co/5n9kqmu9oh,ko,[],['http://www.wemakeprice.com/deal/adeal/4208937'],[],0,0,0,[],[],https://twitter.com/mami0285081/status/1077039860437774336,False,,0,,,,,,,,[],,,,
1077034636843208704,1077034636843208704,2018-12-24 11:54:02 ´ëÇÑ¹Î±¹ Ç¥ÁØ½Ã,2018-12-24,11:54:02,+0900,818365660824641536,orangrape,푸른자몽,,농심에서 스파게티가 잘되서 까르보나라를 출시를 했었는데 이거 맛이 삽쓰레기였어요 분유 썩은 맛 났었어요 친구랑 하나 사서 둘이 세입먹고 버리고 편의점가서 소세지먹음...  https://t.co/v6ABEnT4l8,ko,[],[],['https://pbs.twimg.com/media/DvJlSCYUYAEbYbQ.jpg'],0,1,0,[],[],https://twitter.com/orangrape/status/1077034636843208704,False,,1,https://pbs.twimg.com/media/DvJlSCYUYAEbYbQ.jpg,,,,,,,[],,,,
1076830109405917184,1076830109405917184,2018-12-23 22:21:19 ´ëÇÑ¹Î±¹ Ç¥ÁØ½Ã,2018-12-23,22:21:19,+0900,1408081046,kame_dyota,됴타(덕질은 걍 행복하게..),,농심..테스트 안하고 출시하나..? 스파게티 까르보나라 고무면+인조크림맛 어우..냄새 이거 어떻게 할거냐.. 토나와.. 이거 2+1해서 두개 더 남았는데 어쩌지..  https://t.co/2wQVcF4dJI,ko,[],[],"['https://pbs.twimg.com/media/DvGrP7NUYAEOaiM.jpg', 'https://pbs.twimg.com/media/DvGrQzCUwAEoh-b.jpg']",0,1,0,[],[],https://twitter.com/kame_dyota/status/1076830109405917184,False,,1,https://pbs.twimg.com/media/DvGrP7NUYAEOaiM.jpg,,,,,,,[],,,,
1076738046312116224,1076738046312116224,2018-12-23 16:15:29 ´ëÇÑ¹Î±¹ Ç¥ÁØ½Ã,2018-12-23,16:15:29,+0900,1056058832852406273,anyway4whatever,☾𖤐 𝙰𝙽𝚆𝙰,,농심 스파게티 까르보나라 후기:  https://t.co/BAVvaBEdIb,ko,[],[],['https://pbs.twimg.com/media/DvFXhsWVYAAGV_C.jpg'],0,6,1,[],[],https://twitter.com/ANyway4WhAtever/status/1076738046312116224,False,,1,https://pbs.twimg.com/media/DvFXhsWVYAAGV_C.jpg,,,,,,,[],,,,
1076448836560646145,1076448836560646145,2018-12-22 21:06:16 ´ëÇÑ¹Î±¹ Ç¥ÁØ½Ã,2018-12-22,21:06:16,+0900,2191634328,ledeparts,"Jonathan, Jae kwang",,농심 스파게티 까르보나라 0원! 0원 ▶ 구경하러가기  https://t.co/tw9Ob6umuT,ko,[],['http://www.wemakeprice.com/deal/adeal/4208937'],[],0,0,0,[],[],https://twitter.com/ledeparts/status/1076448836560646145,False,,0,,,,,,,,[],,,,
1076402726542569472,1076402726542569472,2018-12-22 18:03:03 ´ëÇÑ¹Î±¹ Ç¥ÁØ½Ã,2018-12-22,18:03:03,+0900,2908519429,oooliil,첸,,그 뭐냐 미니언 치즈라면이 제일 맛있었고 허니치즈볶음면이었나 최고로 맛있어요 밥말아먹을래&gt;&gt;리얼치즈라면 매운데 국물없는거 먹고싶다&gt;&gt;불닭 까르보나라 스파게티먹고싶다&gt;&gt;파스타 테이블(굿) 치즈볶음면&gt;&gt;콕콕콕 치즈볶이  맥앤치즈는 최후의 수단 농심 스파게티시리즈 거르세요,ko,[],[],[],1,0,2,[],[],https://twitter.com/oOoliil/status/1076402726542569472,False,,0,,,,,,,,[],,,,
1076105465975599104,1076105465975599104,2018-12-21 22:21:50 ´ëÇÑ¹Î±¹ Ç¥ÁØ½Ã,2018-12-21,22:21:50,+0900,2676773214,potatojonmat,박찰리,,님덜 농심 스파게티 뭐시기 까르보나라 절대 먹지마세요 당신의 돈을 소중히...,ko,[],[],[],0,0,2,[],[],https://twitter.com/potatojonmat/status/1076105465975599104,False,,0,,,,,,,,[],,,,
1076027994441826304,1076027994441826304,2018-12-21 17:14:00 ´ëÇÑ¹Î±¹ Ç¥ÁØ½Ã,2018-12-21,17:14:00,+0900,905339456181362689,clockwalker23,ዪልቿፕ :: 로그아웃했고 메인트봐주세요,,아무리 괴식가라고는 하지만 도무지 못먹겠다..농심 까르보나라 스파게티요...그거...평상시 볶음라면 먹는거처럼 물 남겼는데 맛이.. 농담이아니라 약먹는거같아요...물어어어어어어어어어엄청 적게넣어야 될거같은데 얘 사먹지않는게 좋아요.. 지금 배고파 속쓰려서 먹었는데 입이 괴랄해짐,ko,[],[],[],1,0,1,[],[],https://twitter.com/clockwalker23/status/1076027994441826304,False,,0,,,,,,,,[],,,,
1076007320193122304,1076007320193122304,2018-12-21 15:51:51 ´ëÇÑ¹Î±¹ Ç¥ÁØ½Ã,2018-12-21,15:51:51,+0900,477620696,0501_mari,영화광♡,,[위메프] 농심 스파게티 까르보나라 0원! 0원 &gt;&gt; 구경하러가기  https://t.co/KKUrJzsRNH,ko,[],['http://mapi.wemakeprice.com/mobile_app/direct_to_app/4208937'],[],0,0,0,[],[],https://twitter.com/0501_Mari/status/1076007320193122304,False,,0,,,,,,,,[],,,,
1075502923667271680,1075502923667271680,2018-12-20 06:27:33 ´ëÇÑ¹Î±¹ Ç¥ÁØ½Ã,2018-12-20,06:27:33,+0900,1063992362303549441,gisu_han,gisu han,,[위메프] 농심 스파게티 까르보나라 0원! 0원 &gt;&gt; 구경하러가기  https://t.co/q4JJuP2SQt,ko,[],['http://mapi.wemakeprice.com/mobile_app/direct_to_app/4208937'],[],0,0,0,[],[],https://twitter.com/gisu_han/status/1075502923667271680,False,,0,,,,,,,,[],,,,
1075257019018309633,1075257019018309633,2018-12-19 14:10:25 ´ëÇÑ¹Î±¹ Ç¥ÁØ½Ã,2018-12-19,14:10:25,+0900,866884710491758593,mayuneyong,Mayun,,ㅎ.. 농심은.. 까르보나라가 무슨 맛인지 모르나뷰내....ㅎㅎ.. 이게 까르보나라라고....무슨...맛이냐........  https://t.co/bG6wKp8lKF,ko,[],[],['https://pbs.twimg.com/media/DuwUjYwU8AAIfJH.jpg'],1,1,1,[],[],https://twitter.com/MayunEyong/status/1075257019018309633,False,,1,https://pbs.twimg.com/media/DuwUjYwU8AAIfJH.jpg,,,,,,,[],,,,
1074217626199441409,1074217626199441409,2018-12-16 17:20:14 ´ëÇÑ¹Î±¹ Ç¥ÁØ½Ã,2018-12-16,17:20:14,+0900,266084997,adbotton,susie,,[위메프] 농심 스파게티 까르보나라 0원! 0원 &gt;&gt; 구경하러가기  https://t.co/JqJ5MCIwqC,ko,[],['http://mapi.wemakeprice.com/mobile_app/direct_to_app/4208937'],[],0,0,0,[],[],https://twitter.com/Adbotton/status/1074217626199441409,False,,0,,,,,,,,[],,,,
1073877186669506560,1073877186669506560,2018-12-15 18:47:27 ´ëÇÑ¹Î±¹ Ç¥ÁØ½Ã,2018-12-15,18:47:27,+0900,1063227102818795520,dkm62073059,Dkm그녀,,[위메프] 농심 스파게티 까르보나라 0원! 0원 &gt;&gt; 구경하러가기  https://t.co/ErDT0MdHrD,ko,[],['http://mapi.wemakeprice.com/mobile_app/direct_to_app/4208937'],[],0,0,0,[],[],https://twitter.com/Dkm62073059/status/1073877186669506560,False,,0,,,,,,,,[],,,,
1073851865442398208,1073851865442398208,2018-12-15 17:06:50 ´ëÇÑ¹Î±¹ Ç¥ÁØ½Ã,2018-12-15,17:06:50,+0900,967833725005217792,z_ul_0000,비울,,시팔진짜시팔... 농심까르보나라 존나 맛없어서 화나,ko,[],[],[],0,0,0,[],[],https://twitter.com/Z_ul_0000/status/1073851865442398208,False,,0,,,,,,,,[],,,,
1073748628194246656,1073748628194246656,2018-12-15 10:16:36 ´ëÇÑ¹Î±¹ Ç¥ÁØ½Ã,2018-12-15,10:16:36,+0900,1020491806843154433,review_gs25,(구)GS25편순이,,농심 스파게티 까르보나라 토마토맛 맛있어가지구 너무 기대를 한 것인가..우움..디게 가벼운 맛..으음.. 내 몸상태가 안 좋아서 그런 것인가.. 이거 토마토맛이 더 맛있음  https://t.co/N8aZf7arGS,ko,[],[],"['https://pbs.twimg.com/media/Dua4op-V4AAfb0L.jpg', 'https://pbs.twimg.com/media/Dua4qslUUAA9e3J.jpg']",0,1,1,[],[],https://twitter.com/review_GS25/status/1073748628194246656,False,,1,https://pbs.twimg.com/media/Dua4op-V4AAfb0L.jpg,,,,,,,[],,,,
1073557497842065408,1073557497842065408,2018-12-14 21:37:07 ´ëÇÑ¹Î±¹ Ç¥ÁØ½Ã,2018-12-14,21:37:07,+0900,3766740974,rimvelyo_o,림블리,,[위메프] 농심 스파게티 까르보나라 0원! 0원 &gt;&gt; 구경하러가기  https://t.co/tn7fG3XGmh,ko,[],['http://mapi.wemakeprice.com/mobile_app/direct_to_app/4208937'],[],0,0,0,[],[],https://twitter.com/rimvelyo_o/status/1073557497842065408,False,,0,,,,,,,,[],,,,
1073557342778580992,1073557342778580992,2018-12-14 21:36:30 ´ëÇÑ¹Î±¹ Ç¥ÁØ½Ã,2018-12-14,21:36:30,+0900,411367753,shyodd,Anna Kim,,[위메프] 농심 스파게티 까르보나라 0원! 0원 &gt;&gt; 구경하러가기  https://t.co/tdJpzxeroj,ko,[],['http://mapi.wemakeprice.com/mobile_app/direct_to_app/4208937'],[],0,0,0,[],[],https://twitter.com/SHYODD/status/1073557342778580992,False,,0,,,,,,,,[],,,,
1073521975102849024,1073521975102849024,2018-12-14 19:15:58 ´ëÇÑ¹Î±¹ Ç¥ÁØ½Ã,2018-12-14,19:15:58,+0900,1315857864,tyfy0305,우월한,,농심 스파게티 까르보나라 0원! 0원 ▶ 구경하러가기  https://t.co/FMdYBJ4ma3,ko,[],['http://www.wemakeprice.com/deal/adeal/4208937'],[],0,0,0,[],[],https://twitter.com/tyfy0305/status/1073521975102849024,False,,0,,,,,,,,[],,,,
1073511382111272961,1073511382111272961,2018-12-14 18:33:53 ´ëÇÑ¹Î±¹ Ç¥ÁØ½Ã,2018-12-14,18:33:53,+0900,917073234205466625,crazena___,김광배,,농심 까르보나라 생각보다 너무 맛있어서 바로 ㅎ하나 더 먹을 예정 키킼ㅋ헿ㅎ헿힣ㅎ히,ko,[],[],[],0,0,1,[],[],https://twitter.com/crazena___/status/1073511382111272961,False,,0,,,,,,,,[],,,,
1073228403031961600,1073220402262884354,2018-12-13 23:49:25 ´ëÇÑ¹Î±¹ Ç¥ÁØ½Ã,2018-12-13,23:49:25,+0900,288809700,nobodyknowhere,Taneleer Tivan,,"@totheno1 안녕하세요, 저는 불닭볶음면 까르보나라맛을 떠올리지 않을 수 없었습니다. 물론 캡사이신을 훨씬 덜 넣었겠지만...아무튼 저도 맛있게 먹었습니다. 농심의 크림소스 스파게티 컵라면보다 훨씬 괜찮았네요.",ko,[],[],[],1,1,0,[],[],https://twitter.com/nobodyknowhere/status/1073228403031961600,False,,0,,,,,,,,"[{'screen_name': 'totheno1', 'name': '다인의 편의점이것저것_채다인', 'id': '104372430'}]",,,,
1073116021127471104,1073116021127471104,2018-12-13 16:22:51 ´ëÇÑ¹Î±¹ Ç¥ÁØ½Ã,2018-12-13,16:22:51,+0900,2341362811,lim_observer,#SaveUkraine제한적관찰자,,농심 스파게티 까르보나라 - 2천?  이전의 토마토와 비슷하게 준수하다. 건파스타 특유의 식감이 살아있고 소스도 적절한 정도로 받쳐준다. 크림이 들어가는 방향인데 크림맛이 좀 약하다 싶은건 아쉽다. 미트크림스프의 고기 플레이크가 조금 더 컷으면 좋았겠지만 충분한 악센트. 한번쯤 시도 추천.  https://t.co/BRaHDcB8el,ko,[],[],"['https://pbs.twimg.com/media/DuR5R6yUYAIIL_U.jpg', 'https://pbs.twimg.com/media/DuR5S1cVYAA_DAQ.jpg', 'https://pbs.twimg.com/media/DuR5TfaUcAAVZgd.jpg', 'https://pbs.twimg.com/media/DuR5UsfUcAAW8ZO.jpg']",1,0,1,[],[],https://twitter.com/Lim_observer/status/1073116021127471104,False,,1,https://pbs.twimg.com/media/DuR5R6yUYAIIL_U.jpg,,,,,,,[],,,,
1072634602546741248,1072634602546741248,2018-12-12 08:29:52 ´ëÇÑ¹Î±¹ Ç¥ÁØ½Ã,2018-12-12,08:29:52,+0900,2973718902,lhohjj,노현정,,농심 스파게티 까르보나라 0원!  https://t.co/2QvIsxbzpz,ko,[],['http://blog.naver.com/lhohj/221417448865'],[],0,0,0,[],[],https://twitter.com/lhohjj/status/1072634602546741248,False,,0,,,,,,,,[],,,,
1072591599098576897,1072591599098576897,2018-12-12 05:38:59 ´ëÇÑ¹Î±¹ Ç¥ÁØ½Ã,2018-12-12,05:38:59,+0900,191356536,ysych23,YJoe,,[위메프] 농심 스파게티 까르보나라 0원! 0원 &gt;&gt; 구경하러가기  https://t.co/UTUtdoENFt,ko,[],['http://mapi.wemakeprice.com/mobile_app/direct_to_app/4208937'],[],0,0,0,[],[],https://twitter.com/ysych23/status/1072591599098576897,False,,0,,,,,,,,[],,,,
1072520812316508160,1072520812316508160,2018-12-12 00:57:42 ´ëÇÑ¹Î±¹ Ç¥ÁØ½Ã,2018-12-12,00:57:42,+0900,1072456108059484160,tjdals9271,lsm,,농심 스파게티 까르보나라 0원! 0원 ▶ 구경하러가기  https://t.co/K2CZLa225u,ko,[],['http://www.wemakeprice.com/deal/adeal/4208937'],[],0,0,0,[],[],https://twitter.com/tjdals9271/status/1072520812316508160,False,,0,,,,,,,,[],,,,
1072495499746439168,1072495499746439168,2018-12-11 23:17:07 ´ëÇÑ¹Î±¹ Ç¥ÁØ½Ã,2018-12-11,23:17:07,+0900,329519059,harpoon0511,이승명,,농심 스파게티 까르보나라 0원! 0원 ▶ 구경하러가기  https://t.co/Ktjb9iHCLz,ko,[],['http://www.wemakeprice.com/deal/adeal/4208937'],[],0,0,0,[],[],https://twitter.com/harpoon0511/status/1072495499746439168,False,,0,,,,,,,,[],,,,
1072484587966816256,1072484587966816256,2018-12-11 22:33:46 ´ëÇÑ¹Î±¹ Ç¥ÁØ½Ã,2018-12-11,22:33:46,+0900,253356832,0ykse0,Mango,,농심 스파게티 까르보나라 0원! 0원 ▶ 구경하러가기  https://t.co/3c8X1azOGW,ko,[],['http://www.wemakeprice.com/deal/adeal/4208937'],[],0,0,0,[],[],https://twitter.com/0ykse0/status/1072484587966816256,False,,0,,,,,,,,[],,,,
1072463348405624833,1072463348405624833,2018-12-11 21:09:22 ´ëÇÑ¹Î±¹ Ç¥ÁØ½Ã,2018-12-11,21:09:22,+0900,341615488,lovelyhw_j,WonnieL💕,,[위메프] 농심 스파게티 까르보나라 0원! 0원 &gt;&gt; 구경하러가기  https://t.co/p1Y52E7K6v  https://t.co/uGMyRvSwAP,ko,[],['http://mapi.wemakeprice.com/mobile_app/direct_to_app/4208937'],['https://pbs.twimg.com/media/DuInu1_WwAAQDEr.jpg'],0,0,0,[],[],https://twitter.com/lovelyhw_J/status/1072463348405624833,False,,1,https://pbs.twimg.com/media/DuInu1_WwAAQDEr.jpg,,,,,,,[],,,,
1072450813329620992,1072450813329620992,2018-12-11 20:19:33 ´ëÇÑ¹Î±¹ Ç¥ÁØ½Ã,2018-12-11,20:19:33,+0900,757912053184987136,rhcn159,제천쓰,,[위메프] 농심 스파게티 까르보나라 0원! 0원 &gt;&gt; 구경하러가기  https://t.co/sVq6KYBBFZ,ko,[],['http://mapi.wemakeprice.com/mobile_app/direct_to_app/4208937'],[],0,0,0,[],[],https://twitter.com/rhcn159/status/1072450813329620992,False,,0,,,,,,,,[],,,,
1072446685853425664,1072446685853425664,2018-12-11 20:03:09 ´ëÇÑ¹Î±¹ Ç¥ÁØ½Ã,2018-12-11,20:03:09,+0900,750292411134337025,cideoel,LLB,,[위메프] 농심 스파게티 까르보나라 0원! 0원 &gt;&gt; 구경하러가기  https://t.co/BsBr7sBCKE,ko,[],['http://mapi.wemakeprice.com/mobile_app/direct_to_app/4208937'],[],0,0,0,[],[],https://twitter.com/Cideoel/status/1072446685853425664,False,,0,,,,,,,,[],,,,
1072407692638064640,1072407692638064640,2018-12-11 17:28:12 ´ëÇÑ¹Î±¹ Ç¥ÁØ½Ã,2018-12-11,17:28:12,+0900,1070226210410586112,jplehuz5cmhnusk,르,,[위메프] 농심 스파게티 까르보나라 0원! 0원 &gt;&gt; 구경하러가기  https://t.co/YQvSkbKr5e,ko,[],['http://mapi.wemakeprice.com/mobile_app/direct_to_app/4208937'],[],0,0,0,[],[],https://twitter.com/jPLEHuz5cMHnUsk/status/1072407692638064640,False,,0,,,,,,,,[],,,,
1072396493460594688,1072396493460594688,2018-12-11 16:43:42 ´ëÇÑ¹Î±¹ Ç¥ÁØ½Ã,2018-12-11,16:43:42,+0900,198761606,kycsdj0814,서다정,,[위메프] 농심 스파게티 까르보나라 0원! 0원 &gt;&gt; 구경하러가기  https://t.co/KPorfrwSlM,ko,[],['http://mapi.wemakeprice.com/mobile_app/direct_to_app/4208937'],[],0,0,0,[],[],https://twitter.com/kycsdj0814/status/1072396493460594688,False,,0,,,,,,,,[],,,,
1072393160532389889,1072393160532389889,2018-12-11 16:30:28 ´ëÇÑ¹Î±¹ Ç¥ÁØ½Ã,2018-12-11,16:30:28,+0900,85529987,dolmandu,돌만두@ひろみたち。,,"농심 컵 스파케티 까르보나라맛  전에 나온 토마토맛이 되게 컵 스파게티 치고 준수했던지라, 새로 나온 까르보나라맛도 좀 기대했는데 증말 실망이다 되게 별로임... 뭔가 기존 컵 까르보나라류 라면이랑 스프 차별화하려고 열심히 만든것 같은데 머랄까 열심히 맛없음;;",ko,[],[],[],0,2,0,[],[],https://twitter.com/dolMandu/status/1072393160532389889,False,,0,,,,,,,,[],,,,
1072382356156231681,1072382356156231681,2018-12-11 15:47:32 ´ëÇÑ¹Î±¹ Ç¥ÁØ½Ã,2018-12-11,15:47:32,+0900,155139082,green611,YJ,,농심 스파게티 까르보나라 0원! 0원 ▶ 구경하러가기  https://t.co/3Di1Hv0ZGH,ko,[],['http://www.wemakeprice.com/deal/adeal/4208937'],[],0,0,0,[],[],https://twitter.com/green611/status/1072382356156231681,False,,0,,,,,,,,[],,,,
1072371680931209216,1072371680931209216,2018-12-11 15:05:07 ´ëÇÑ¹Î±¹ Ç¥ÁØ½Ã,2018-12-11,15:05:07,+0900,189021531,kmh6580,Kwak Mi Hye,,[위메프] 농심 스파게티 까르보나라 0원! 0원 &gt;&gt; 구경하러가기  https://t.co/bjcwWF2pxS,ko,[],['http://mapi.wemakeprice.com/mobile_app/direct_to_app/4208937'],[],0,0,0,[],[],https://twitter.com/kmh6580/status/1072371680931209216,False,,0,,,,,,,,[],,,,
1072369735780708359,1072369735780708359,2018-12-11 14:57:23 ´ëÇÑ¹Î±¹ Ç¥ÁØ½Ã,2018-12-11,14:57:23,+0900,385494774,seeeundoyoo,김시은,,[위메프] 농심 스파게티 까르보나라 0원! 0원 &gt;&gt; 구경하러가기  https://t.co/ifGObwxQ7K,ko,[],['http://mapi.wemakeprice.com/mobile_app/direct_to_app/4208937'],[],0,0,0,[],[],https://twitter.com/seeeundoyoo/status/1072369735780708359,False,,0,,,,,,,,[],,,,
1072368043660140544,1072368043660140544,2018-12-11 14:50:39 ´ëÇÑ¹Î±¹ Ç¥ÁØ½Ã,2018-12-11,14:50:39,+0900,135023713,suhye7805,suhye7805,,농심 스파게티 까르보나라 0원! 0원 ▶ 구경하러가기  https://t.co/2t9AlGFvF9,ko,[],['http://www.wemakeprice.com/deal/adeal/4208937'],[],0,0,0,[],[],https://twitter.com/suhye7805/status/1072368043660140544,False,,0,,,,,,,,[],,,,
1072340140243238912,1072340140243238912,2018-12-11 12:59:47 ´ëÇÑ¹Î±¹ Ç¥ÁØ½Ã,2018-12-11,12:59:47,+0900,4740111854,vannessxiao38,한소,,[위메프] 농심 스파게티 까르보나라 0원! 0원 &gt;&gt; 구경하러가기  https://t.co/apEawbggOF,ko,[],['http://mapi.wemakeprice.com/mobile_app/direct_to_app/4208937'],[],0,0,0,[],[],https://twitter.com/vannessxiao38/status/1072340140243238912,False,,0,,,,,,,,[],,,,
1072335889467092993,1072335889467092993,2018-12-11 12:42:53 ´ëÇÑ¹Î±¹ Ç¥ÁØ½Ã,2018-12-11,12:42:53,+0900,925913063756251136,vmflejatmxkdlf,wjdghk,,[위메프] 농심 스파게티 까르보나라 0원! 0원 &gt;&gt; 구경하러가기  https://t.co/Nz9qNv9g4I,ko,[],['http://mapi.wemakeprice.com/mobile_app/direct_to_app/4208937'],[],0,0,0,[],[],https://twitter.com/vmflejatmxkdlf/status/1072335889467092993,False,,0,,,,,,,,[],,,,
1072333422771781633,1072333422771781633,2018-12-11 12:33:05 ´ëÇÑ¹Î±¹ Ç¥ÁØ½Ã,2018-12-11,12:33:05,+0900,120339355,hms2156,한미숙,,[위메프] 농심 스파게티 까르보나라 0원! 0원 &gt;&gt; 구경하러가기  https://t.co/1Ckk2xOOdp,ko,[],['http://mapi.wemakeprice.com/mobile_app/direct_to_app/4208937'],[],0,0,0,[],[],https://twitter.com/hms2156/status/1072333422771781633,False,,0,,,,,,,,[],,,,
1072328750384070656,1072328750384070656,2018-12-11 12:14:31 ´ëÇÑ¹Î±¹ Ç¥ÁØ½Ã,2018-12-11,12:14:31,+0900,1050969723658063879,zeivsb33nzgujp3,김형준,,[위메프] 농심 스파게티 까르보나라 0원! 0원 &gt;&gt; 구경하러가기  https://t.co/yUvJzszC0X,ko,[],['http://mapi.wemakeprice.com/mobile_app/direct_to_app/4208937'],[],0,0,0,[],[],https://twitter.com/zEiVsB33NZgujP3/status/1072328750384070656,False,,0,,,,,,,,[],,,,
1072322992225509376,1072322992225509376,2018-12-11 11:51:38 ´ëÇÑ¹Î±¹ Ç¥ÁØ½Ã,2018-12-11,11:51:38,+0900,2552992927,yooooooung__,영,,[위메프] 농심 스파게티 까르보나라 0원! 0원 &gt;&gt; 구경하러가기  https://t.co/p7OuZcuIIl,ko,[],['http://mapi.wemakeprice.com/mobile_app/direct_to_app/4208937'],[],0,0,0,[],[],https://twitter.com/yooooooung__/status/1072322992225509376,False,,0,,,,,,,,[],,,,
1072318965832069120,1072318965832069120,2018-12-11 11:35:38 ´ëÇÑ¹Î±¹ Ç¥ÁØ½Ã,2018-12-11,11:35:38,+0900,952146542407827456,lsynova,이진용,,농심 스파게티 까르보나라 0원! 0원 ▶ 구경하러가기  https://t.co/bWg6ep62rv,ko,[],['http://www.wemakeprice.com/deal/adeal/4208937'],[],0,0,0,[],[],https://twitter.com/lsynova/status/1072318965832069120,False,,0,,,,,,,,[],,,,
1072306795337658368,1072306795337658368,2018-12-11 10:47:17 ´ëÇÑ¹Î±¹ Ç¥ÁØ½Ã,2018-12-11,10:47:17,+0900,3287059388,thdus06131,소연이,,[위메프] 농심 스파게티 까르보나라 0원! 0원 &gt;&gt; 구경하러가기  https://t.co/539NL4XWFK,ko,[],['http://mapi.wemakeprice.com/mobile_app/direct_to_app/4208937'],[],0,0,0,[],[],https://twitter.com/thdus06131/status/1072306795337658368,False,,0,,,,,,,,[],,,,
1072300101010448384,1072300101010448384,2018-12-11 10:20:41 ´ëÇÑ¹Î±¹ Ç¥ÁØ½Ã,2018-12-11,10:20:41,+0900,3257299268,bada25791,김혜선,,[위메프] 농심 스파게티 까르보나라 0원! 0원 &gt;&gt; 구경하러가기  https://t.co/raWhBQjx6g,ko,[],['http://mapi.wemakeprice.com/mobile_app/direct_to_app/4208937'],[],0,0,0,[],[],https://twitter.com/bada25791/status/1072300101010448384,False,,0,,,,,,,,[],,,,
1072296731029790720,1072296731029790720,2018-12-11 10:07:17 ´ëÇÑ¹Î±¹ Ç¥ÁØ½Ã,2018-12-11,10:07:17,+0900,807291644957442048,7575dotori,happy_jung,,농심 스파게티 까르보나라 0원! 0원 ▶ 구경하러가기  https://t.co/wtYf5ckXYO,ko,[],['http://www.wemakeprice.com/deal/adeal/4208937'],[],0,0,0,[],[],https://twitter.com/7575dotori/status/1072296731029790720,False,,0,,,,,,,,[],,,,
1072294097287704576,1072294097287704576,2018-12-11 09:56:49 ´ëÇÑ¹Î±¹ Ç¥ÁØ½Ã,2018-12-11,09:56:49,+0900,3106831141,hoho20150324,행복한 고냥이,,농심 스파게티 까르보나라 0원! 0원 ▶ 구경하러가기  https://t.co/1z4SbnPEco,ko,[],['http://www.wemakeprice.com/deal/adeal/4208937'],[],0,0,0,[],[],https://twitter.com/hoho20150324/status/1072294097287704576,False,,0,,,,,,,,[],,,,
1072278155237326848,1072278155237326848,2018-12-11 08:53:28 ´ëÇÑ¹Î±¹ Ç¥ÁØ½Ã,2018-12-11,08:53:28,+0900,177077355,jhc1973,이호델라루나,,농심 스파게티 까르보나라 0원! 0원 ▶ 구경하러가기  https://t.co/cPYzijmbZR,ko,[],['http://www.wemakeprice.com/deal/adeal/4208937'],[],0,0,0,[],[],https://twitter.com/jhc1973/status/1072278155237326848,False,,0,,,,,,,,[],,,,
1072268918775922688,1072268918775922688,2018-12-11 08:16:46 ´ëÇÑ¹Î±¹ Ç¥ÁØ½Ã,2018-12-11,08:16:46,+0900,886023463499997184,bellemsk,SK,,[위메프] 농심 스파게티 까르보나라 0원! 0원 &gt;&gt; 구경하러가기  https://t.co/fdajkWW30g,ko,[],[],['https://pbs.twimg.com/media/DuF25SdUcAAaP6o.jpg'],0,0,0,[],[],https://twitter.com/bellemsk/status/1072268918775922688,False,,1,https://pbs.twimg.com/media/DuF25SdUcAAaP6o.jpg,,,,,,,[],,,,
1072238396133658624,1072238396133658624,2018-12-11 06:15:29 ´ëÇÑ¹Î±¹ Ç¥ÁØ½Ã,2018-12-11,06:15:29,+0900,536902208,hzf2039,11명의 가수들을 엄청 좋아하는 팬♡,,[위메프] 농심 스파게티 까르보나라 0원! 0원 &gt;&gt; 구경하러가기  https://t.co/LR5oFMlVyD,ko,[],['http://mapi.wemakeprice.com/mobile_app/direct_to_app/4208937'],[],0,0,0,[],[],https://twitter.com/hzf2039/status/1072238396133658624,False,,0,,,,,,,,[],,,,
1072192970105925632,1072192970105925632,2018-12-11 03:14:59 ´ëÇÑ¹Î±¹ Ç¥ÁØ½Ã,2018-12-11,03:14:59,+0900,1014158000532013056,abck1009,노마,,[위메프] 농심 스파게티 까르보나라 0원! 0원 &gt;&gt; 구경하러가기  https://t.co/rm8nDxR84B,ko,[],['http://mapi.wemakeprice.com/mobile_app/direct_to_app/4208937'],[],0,1,0,[],[],https://twitter.com/abck1009/status/1072192970105925632,False,,0,,,,,,,,[],,,,
1072188917523214337,1072188917523214337,2018-12-11 02:58:52 ´ëÇÑ¹Î±¹ Ç¥ÁØ½Ã,2018-12-11,02:58:52,+0900,573498578,daulhouse,😊항상젊게살자😊,,[위메프] 농심 스파게티 까르보나라 0원! 0원 &gt;&gt; 구경하러가기  https://t.co/WjESV0x3qx,ko,[],['http://mapi.wemakeprice.com/mobile_app/direct_to_app/4208937'],[],0,0,1,[],[],https://twitter.com/daulhouse/status/1072188917523214337,False,,0,,,,,,,,[],,,,
1072188873046802432,1072188873046802432,2018-12-11 02:58:42 ´ëÇÑ¹Î±¹ Ç¥ÁØ½Ã,2018-12-11,02:58:42,+0900,1138447471,sgh0914,뽐뽐이,,[위메프] 농심 스파게티 까르보나라 0원! 0원 &gt;&gt; 구경하러가기  https://t.co/8bLSyG2hXX,ko,[],['http://mapi.wemakeprice.com/mobile_app/direct_to_app/4208937'],[],0,0,0,[],[],https://twitter.com/sgh0914/status/1072188873046802432,False,,0,,,,,,,,[],,,,
1072185084357238784,1072185084357238784,2018-12-11 02:43:39 ´ëÇÑ¹Î±¹ Ç¥ÁØ½Ã,2018-12-11,02:43:39,+0900,715280295373615104,hellonll,hellonll,,[위메프] 농심 스파게티 까르보나라 0원! 0원 &gt;&gt; 구경하러가기  https://t.co/sRN9rLTlzr,ko,[],['http://mapi.wemakeprice.com/mobile_app/direct_to_app/4208937'],[],0,0,0,[],[],https://twitter.com/hellonll/status/1072185084357238784,False,,0,,,,,,,,[],,,,
1072166422007111680,1072166422007111680,2018-12-11 01:29:29 ´ëÇÑ¹Î±¹ Ç¥ÁØ½Ã,2018-12-11,01:29:29,+0900,169131009,coffeeplug,Seunghyun,,농심 스파게티 까르보나라 0원! 0원 ▶ 구경하러가기  https://t.co/ZufpJZSwWw,ko,[],['http://www.wemakeprice.com/deal/adeal/4208937'],[],0,0,0,[],[],https://twitter.com/coffeeplug/status/1072166422007111680,False,,0,,,,,,,,[],,,,
1072154099880095744,1072154099880095744,2018-12-11 00:40:31 ´ëÇÑ¹Î±¹ Ç¥ÁØ½Ã,2018-12-11,00:40:31,+0900,863972389427724288,cucutalk,CH_Seong,,[위메프] 농심 스파게티 까르보나라 0원! 0원 &gt;&gt; 구경하러가기  https://t.co/N8RelMsoLC,ko,[],['http://mapi.wemakeprice.com/mobile_app/direct_to_app/4208937'],[],0,0,0,[],[],https://twitter.com/cucutalk/status/1072154099880095744,False,,0,,,,,,,,[],,,,
1072153512069328896,1072153512069328896,2018-12-11 00:38:11 ´ëÇÑ¹Î±¹ Ç¥ÁØ½Ã,2018-12-11,00:38:11,+0900,4300371014,jbbora2486,콩1013,,[위메프] 농심 스파게티 까르보나라 0원! 0원 &gt;&gt; 구경하러가기  https://t.co/bZeX3TzPqW,ko,[],['http://mapi.wemakeprice.com/mobile_app/direct_to_app/4208937'],[],0,0,0,[],[],https://twitter.com/jbbora2486/status/1072153512069328896,False,,0,,,,,,,,[],,,,
1072148908904607744,1072148908904607744,2018-12-11 00:19:54 ´ëÇÑ¹Î±¹ Ç¥ÁØ½Ã,2018-12-11,00:19:54,+0900,1002210948860407809,azmcxegvfzadtv9,고순이,,[위메프] 농심 스파게티 까르보나라 0원! 0원 &gt;&gt; 구경하러가기  https://t.co/IEXRv5LOut,ko,[],['http://mapi.wemakeprice.com/mobile_app/direct_to_app/4208937'],[],0,0,0,[],[],https://twitter.com/AzmcXeGvfzaDtV9/status/1072148908904607744,False,,0,,,,,,,,[],,,,
1072146389021249536,1072146389021249536,2018-12-11 00:09:53 ´ëÇÑ¹Î±¹ Ç¥ÁØ½Ã,2018-12-11,00:09:53,+0900,1063992362303549441,gisu_han,gisu han,,[위메프] 농심 스파게티 까르보나라 0원! 0원 &gt;&gt; 구경하러가기  https://t.co/q4JJuP2SQt,ko,[],['http://mapi.wemakeprice.com/mobile_app/direct_to_app/4208937'],[],0,0,0,[],[],https://twitter.com/gisu_han/status/1072146389021249536,False,,0,,,,,,,,[],,,,
1072145296770002944,1072145296770002944,2018-12-11 00:05:32 ´ëÇÑ¹Î±¹ Ç¥ÁØ½Ã,2018-12-11,00:05:32,+0900,224648964,kys0454,kimyongsuk,,[위메프] 농심 스파게티 까르보나라 0원! 0원 &gt;&gt; 구경하러가기  https://t.co/a6FrRPzKKL,ko,[],['http://mapi.wemakeprice.com/mobile_app/direct_to_app/4208937'],[],0,0,0,[],[],https://twitter.com/kys0454/status/1072145296770002944,False,,0,,,,,,,,[],,,,
1072103036049211392,1072103036049211392,2018-12-10 21:17:37 ´ëÇÑ¹Î±¹ Ç¥ÁØ½Ã,2018-12-10,21:17:37,+0900,818463647886258177,yeonbean_17,엑소굿즈팔아요,,명랑 고구마 통모짜 JMT✨ 농심 스파게티 까르보나라 컵라면 진짜 개맛없음 약맛나요 ㅠ,ko,[],[],[],0,0,0,[],[],https://twitter.com/yeonbean_17/status/1072103036049211392,False,,0,,,,,,,,[],,,,
1072014227047469063,1072014227047469063,2018-12-10 15:24:43 ´ëÇÑ¹Î±¹ Ç¥ÁØ½Ã,2018-12-10,15:24:43,+0900,907507185625608192,thfcksdl,솔찬이와 보배,,까르보나라 스파게티 라면ㅋㅋㅋ뻐킹어쩌다 이런 괴랄한 맛을 내는 음식이 나왔는지...농심 정신차려라...이딴거 만들시간에 신라면 후레이크 양이나 늘려...,ko,[],[],[],0,0,0,[],[],https://twitter.com/thfcksdl/status/1072014227047469063,False,,0,,,,,,,,[],,,,
1071949786738114561,1071949786738114561,2018-12-10 11:08:39 ´ëÇÑ¹Î±¹ Ç¥ÁØ½Ã,2018-12-10,11:08:39,+0900,426752417,erissue,이코노믹리뷰,,[ZZIM] 직접 먹어 본 농심 신제품 '스파게티 까르보나라'   https://t.co/ykMZ6mcmfK  https://t.co/6V5wFRUqwy,ko,[],['http://www.econovill.com/news/articleView.html?idxno=352264'],['https://pbs.twimg.com/media/DuBUpndVYAAznMq.jpg'],0,0,0,[],[],https://twitter.com/erissue/status/1071949786738114561,False,,1,https://pbs.twimg.com/media/DuBUpndVYAAznMq.jpg,,,,,,,[],,,,
1071032150617600000,1071029933726556160,2018-12-07 22:22:18 ´ëÇÑ¹Î±¹ Ç¥ÁØ½Ã,2018-12-07,22:22:18,+0900,983336618034577408,jansang0422,잔상,,먹방 보니까 농심에서 까르보나라 컵라면도 나온 것 같던데 요즘 라면 업계들 신상 파스타 나 스파게티인지....,ko,[],[],[],0,0,0,[],[],https://twitter.com/jansang0422/status/1071032150617600000,False,,0,,,,,,,,[],,,,
1070833347847315456,1070674936178499584,2018-12-07 09:12:19 ´ëÇÑ¹Î±¹ Ç¥ÁØ½Ã,2018-12-07,09:12:19,+0900,2719738178,nlang28,낭랑,,@blueple1412 헐 나 농심 까르보나라 스파게티샀는데ㅜ!!,ko,[],[],[],0,0,0,[],[],https://twitter.com/nlang28/status/1070833347847315456,False,,0,,,,,,,,[],,,,
1070244716568924160,1070244716568924160,2018-12-05 18:13:19 ´ëÇÑ¹Î±¹ Ç¥ÁØ½Ã,2018-12-05,18:13:19,+0900,871367194206019584,bambanim,밤바,,농심 스파게티 컵라면 까르보나라맛 만든사람 요식업계에서 퇴출시켜야함,ko,[],[],[],1,0,1,[],[],https://twitter.com/bambanim/status/1070244716568924160,False,,0,,,,,,,,[],,,,
1069975951193235456,1069975951193235456,2018-12-05 00:25:20 ´ëÇÑ¹Î±¹ Ç¥ÁØ½Ã,2018-12-05,00:25:20,+0900,716154089839599616,anick_dm12,아닉🥊🤸🏻‍♂️🩰💕,,농심 까르보나라 컵라면 광고.. 슈기... 앙 ㅁㅁ띠 광고문구 실화냐...?,ko,[],[],[],0,0,0,[],[],https://twitter.com/Anick_DM12/status/1069975951193235456,False,,0,,,,,,,,[],,,,
1069836817359224832,1069836817359224832,2018-12-04 15:12:28 ´ëÇÑ¹Î±¹ Ç¥ÁØ½Ã,2018-12-04,15:12:28,+0900,1034078513555361798,odd__red,알멩🌑,,농심 스파게티 컵라면 까르보나라 맛 궁금해서 먹어봤는데 ㅅㅂ 내 돈내놔 존나 맛없어 ㅅㅂㅅㅂ 이것도 음식이라고 만들어놨냐,ko,[],[],[],0,0,0,[],[],https://twitter.com/ODD__Red/status/1069836817359224832,False,,0,,,,,,,,[],,,,
1069654065217396736,1069470597195780097,2018-12-04 03:06:17 ´ëÇÑ¹Î±¹ Ç¥ÁØ½Ã,2018-12-04,03:06:17,+0900,202146993,tiktok_20,똑 딱 (편식 먹트),,농심 스파게티 까르보나라 애인이 정말 맛없다며 한입 먹고 못 먹은 그것.  https://t.co/9A2Z2DLiRi,ko,[],[],['https://pbs.twimg.com/media/DtgssjGVYAAkhws.jpg'],0,5,0,[],[],https://twitter.com/TikTok_20/status/1069654065217396736,False,,1,https://pbs.twimg.com/media/DtgssjGVYAAkhws.jpg,,,,,,,[],,,,
1069569169694253056,1069569169694253056,2018-12-03 21:28:56 ´ëÇÑ¹Î±¹ Ç¥ÁØ½Ã,2018-12-03,21:28:56,+0900,825886568648892418,eggssammuwich,계란쌈무위치,,농심 까르보나라 스파게티 진짜 별로다 내가 먹다 포기한 컵라면은 정말 오랜만인듯,ko,[],[],[],1,0,0,[],[],https://twitter.com/eggssammuwich/status/1069569169694253056,False,,0,,,,,,,,[],,,,
1069470597195780097,1069470597195780097,2018-12-03 14:57:14 ´ëÇÑ¹Î±¹ Ç¥ÁØ½Ã,2018-12-03,14:57:14,+0900,202146993,tiktok_20,똑 딱 (편식 먹트),,GS25 삼양 파스타테이블 투움바 파스타 농심 스파게티 까르보나라 오뚜기 맥앤치즈 스파게티  https://t.co/L8lTrtmZTP,ko,[],[],['https://pbs.twimg.com/media/DteF1YMV4AAYvom.jpg'],2,14,6,[],[],https://twitter.com/TikTok_20/status/1069470597195780097,False,,1,https://pbs.twimg.com/media/DteF1YMV4AAYvom.jpg,,,,,,,[],,,,
1068621992553721857,1068621516269531136,2018-12-01 06:45:11 ´ëÇÑ¹Î±¹ Ç¥ÁØ½Ã,2018-12-01,06:45:11,+0900,350113973,appler_ichi,AppleRichi,,냄새는 햄 냄새가 확나고 까르보나라 냄새인지는 잘 모르겠음 저번에 농심 스파게티 토마토인가 먼저 나온거 면 맛있고 평가 좋아서 이거 먹어본건데 면만 괜찮고 맛도 별로고 끝마무리도 찝찝하고 냄새도 영,ko,[],[],[],0,0,1,[],[],https://twitter.com/AppleR_ichi/status/1068621992553721857,False,,0,,,,,,,,[],,,,
1068621516269531136,1068621516269531136,2018-12-01 06:43:18 ´ëÇÑ¹Î±¹ Ç¥ÁØ½Ã,2018-12-01,06:43:18,+0900,350113973,appler_ichi,AppleRichi,,농심 스파게티 까르보나라 궁금해서 먹어봄  존나달다 12월에 립톤아이스티 1+1이라서 같이 먹었는데 립톤보다 까르보나라가 더 달게 느껴지면 심각한거 아님? 조금 느끼한건 까르보나라 특징이니 그러려니 한다 쳐도 좀,ko,[],[],[],1,0,1,[],[],https://twitter.com/AppleR_ichi/status/1068621516269531136,False,,0,,,,,,,,[],,,,
1068456117930323968,1068456117930323968,2018-11-30 19:46:04 ´ëÇÑ¹Î±¹ Ç¥ÁØ½Ã,2018-11-30,19:46:04,+0900,1068421864362397696,fmtuve,fmtuve,,리얼확대리뷰 채널 @fmtuve 업데이트! #넌_으로시작하는_자동완성_글쓰기 #농심까르보나라 #투움바파스타  https://t.co/KSipmZV2b7  https://t.co/G2CTH8belS,ko,"[{'screen_name': 'fmtuve', 'name': 'fmtuve', 'id': '1068421864362397696'}]",['https://youtu.be/V3bOy2F53zc'],['https://pbs.twimg.com/media/DtPrJSaU8AARRWj.jpg'],0,0,0,"['넌_으로시작하는_자동완성_글쓰기', '농심까르보나라', '투움바파스타']",[],https://twitter.com/fmtuve/status/1068456117930323968,False,,1,https://pbs.twimg.com/media/DtPrJSaU8AARRWj.jpg,,,,,,,[],,,,
1068297847395672064,1068297847395672064,2018-11-30 09:17:09 ´ëÇÑ¹Î±¹ Ç¥ÁØ½Ã,2018-11-30,09:17:09,+0900,4793951539,lovely_sijare,쇠약 강😨 시자리,,아 맛없다....넘 달아ㅜ 농심 스파게티 토마토는 맛있었는데 까르보나라...안녕...☆  https://t.co/Oq8DMqhozL,ko,[],[],['https://pbs.twimg.com/media/DtNbORFU0AAyGeK.jpg'],0,0,0,[],[],https://twitter.com/lovely_Sijare/status/1068297847395672064,False,,1,https://pbs.twimg.com/media/DtNbORFU0AAyGeK.jpg,,,,,,,[],,,,
1068200776521048065,1068200776521048065,2018-11-30 02:51:25 ´ëÇÑ¹Î±¹ Ç¥ÁØ½Ã,2018-11-30,02:51:25,+0900,4839117912,_lee_zzle,리즐,,농심 스파게티 까르보나라 후기 존나달다 나 굴소스도 단거 못느끼는 단맛맹인디 이거는 먹으면서 케익먹는느낌으로 달다...무슨 라면이 이렇게 달아..디저트야 뭐야..면 식감은 쫄깃한듯 뚝뚝 끊어지고 걍 너무 달고...조리예에 나온 소스 모양 존나 사기잖아 다 분말소슨데..액상도아니고  https://t.co/GNh6Zk8JJC,ko,[],[],['https://pbs.twimg.com/media/DtMC780VAAExmjC.jpg'],3,0,1,[],[],https://twitter.com/_lee_zzle/status/1068200776521048065,False,,1,https://pbs.twimg.com/media/DtMC780VAAExmjC.jpg,,,,,,,[],,,,
1067401342509961217,1067401342509961217,2018-11-27 21:54:46 ´ëÇÑ¹Î±¹ Ç¥ÁØ½Ã,2018-11-27,21:54:46,+0900,104372430,totheno1,다인의 편의점이것저것_채다인,,"토마토 소스에 이어 새롭게 출시한 농심 스파게티 까르보나라(1,600원)진짜로 면발이 쓸데없이 본격적이다.스파게피 면의 식감을 85% 까지 재현.크림소스랑도 잘 어울린다 😋😋😋  https://t.co/tE2pBpKCQa  https://t.co/jf9JFkciCf",ko,[],['http://totheno1.egloos.com/4163189'],"['https://pbs.twimg.com/media/DtArZ5qVAAAUmoi.jpg', 'https://pbs.twimg.com/media/DtArcUZU4AEZSnF.jpg', 'https://pbs.twimg.com/media/DtAreowVAAAVrAX.jpg', 'https://pbs.twimg.com/media/DtArf_5U0AAk68m.jpg']",1,307,122,[],[],https://twitter.com/totheno1/status/1067401342509961217,False,,1,https://pbs.twimg.com/media/DtArZ5qVAAAUmoi.jpg,,,,,,,[],,,,
957632493959565317,957632493959565317,2018-01-29 00:12:33 ´ëÇÑ¹Î±¹ Ç¥ÁØ½Ã,2018-01-29,00:12:33,+0900,725601249551212544,alba__est,__🎗,,첨 까르보나라 불닭 먹엇고 앞으로 불닭 먹어야지.. 그리고 농심 아니고 삼양이라서 더 잘사먹을 수 있을거 같음ㅠㅠ 감사합니다 #iHeartAwards #BestBoyBand #BTS,ko,[],[],[],0,0,0,"['iheartawards', 'bestboyband', 'bts']",[],https://twitter.com/alba__est/status/957632493959565317,False,,0,,,,,,,,[],,,,
949893021402673153,949893021402673153,2018-01-07 15:38:39 ´ëÇÑ¹Î±¹ Ç¥ÁØ½Ã,2018-01-07,15:38:39,+0900,888518760298037248,ainography,니레,,[농심 매콤 너구보나라] 그럭저럭 괜찮은데 그렇게 막 중독되는 맛은 아닌듯. 까르보나라 향이 느껴지는 볶음너구리.  https://t.co/AY9dZzg2JK,ko,[],[],['https://pbs.twimg.com/media/DS6ycFIU8AEYI7O.jpg'],0,0,2,[],[],https://twitter.com/ainography/status/949893021402673153,False,,1,https://pbs.twimg.com/media/DS6ycFIU8AEYI7O.jpg,,,,,,,[],,,,
946400580813115392,946400580813115392,2017-12-29 00:20:56 ´ëÇÑ¹Î±¹ Ç¥ÁØ½Ã,2017-12-29,00:20:56,+0900,843392952223367168,foodfightertube,最強の大食いフードファイター集めました,,신제품 먹방! 밴쯔 농심 너구리 까르보나라 [너구보나라] 먹방!  https://t.co/leInFdt8Vt  https://t.co/2pDwNe01Vp,ko,[],['http://tube.rash.jp/foodfighter/2017/12/28/%ec%8b%a0%ec%a0%9c%ed%92%88-%eb%a8%b9%eb%b0%a9-%eb%b0%b4%ec%af%94-%eb%86%8d%ec%8b%ac-%eb%84%88%ea%b5%ac%eb%a6%ac-%ea%b9%8c%eb%a5%b4%eb%b3%b4%eb%82%98%eb%9d%bc-%eb%84%88%ea%b5%ac%eb%b3%b4%eb%82%98/'],['https://pbs.twimg.com/media/DSJKT8OVoAAg-0s.jpg'],0,0,0,[],[],https://twitter.com/foodfightertube/status/946400580813115392,False,,1,https://pbs.twimg.com/media/DSJKT8OVoAAg-0s.jpg,,,,,,,[],,,,
943783476402315264,943783476402315264,2017-12-21 19:01:30 ´ëÇÑ¹Î±¹ Ç¥ÁØ½Ã,2017-12-21,19:01:30,+0900,114684815,danbix,단비스,,"농심 매콤 너구보나라 컵라면, 너구리 매콤한 까르보나라 신제품 비빔면 라면...  https://t.co/JUa5zbBDjS",ko,[],['http://youtu.be/1dNnBtoi9Cg?a'],[],0,0,0,[],[],https://twitter.com/danbix/status/943783476402315264,False,,0,,,,,,,,[],,,,
941830093969571840,941827538568876032,2017-12-16 09:39:27 ´ëÇÑ¹Î±¹ Ç¥ÁØ½Ã,2017-12-16,09:39:27,+0900,718038350649667585,haemu_,해무,,@K__3VA 농심에서 새로 나왔어요! 매운 까르보나라? 치즈 넣은 너구리...ㅇ0ㅇ 볶음 너구리는 너무 짠데 이건 갠차는것 같아!!!!!,ko,[],[],[],1,0,0,[],[],https://twitter.com/Haemu_/status/941830093969571840,False,,0,,,,,,,,"[{'screen_name': 'K__3VA', 'name': '𝑘', 'id': '809606689250906113'}]",,,,
941214918556004352,941214918556004352,2017-12-14 16:54:58 ´ëÇÑ¹Î±¹ Ç¥ÁØ½Ã,2017-12-14,16:54:58,+0900,132803402,fungs25,GS25,,🍜라면 꿀조합 꿰뚫고 있는  🍜면 덕후들 주목❗️  신상 너구보나라 한마리 몰고가thㅔ요😻 매콤너구리+ 까르보나라 이 조합 진심옳구나... 쫄깃쫄깃 오동통통💛 GS25로 몰러가세요  #가까운행복을만나다 #GS25 #농심 #매콤너구보나라 #1600원 #너구리_쿠션담요_갖고싶징?  https://t.co/aMEzbnJLj4,ko,[],[],[],0,16,20,"['가까운행복을만나다', 'gs25', '농심', '매콤너구보나라', '1600원', '너구리_쿠션담요_갖고싶징']",[],https://twitter.com/funGS25/status/941214918556004352,False,,1,https://pbs.twimg.com/ext_tw_video_thumb/941214744148447232/pu/img/1qeufNE_CIHPIeVo.jpg,,,,,,,[],,,,
908842922350542848,908842922350542848,2017-09-16 09:00:12 ´ëÇÑ¹Î±¹ Ç¥ÁØ½Ã,2017-09-16,09:00:12,+0900,254367316,alwjddk2,김상현,,[ #Tistory ] 블로그 소식농심 참치마요 비빔면 후기 이거 혹시 까르보나라?  https://t.co/wfAHxV9mzk,ko,[],['http://jjoggomilk.tistory.com/213'],[],0,0,0,['tistory'],[],https://twitter.com/alwjddk2/status/908842922350542848,False,,0,,,,,,,,[],,,,
869583517121826816,867627504059600897,2017-05-31 00:57:21 ´ëÇÑ¹Î±¹ Ç¥ÁØ½Ã,2017-05-31,00:57:21,+0900,2840736738,beyourbasil,라륵•••,,어제그제 먹은건 뺐어 1) 핵불닭까르보나라 삶은흰자 2) 매운맛짜왕 후라이 3) 스팸이랑 묵은지썰어넣은 농심 부대찌개면 4) 볶음쌀국수와 망고연유밥 5) 새우간장알리오올리오 6) 의령식 온소바와 돈까스 7) 들깨칼국수 8) 게살로제스파게티,ko,[],[],[],0,0,0,[],[],https://twitter.com/beyourbasil/status/869583517121826816,False,,0,,,,,,,,[],,,,
