id,conversation_id,created_at,date,time,timezone,user_id,username,name,place,tweet,language,mentions,urls,photos,replies_count,retweets_count,likes_count,hashtags,cashtags,link,retweet,quote_url,video,thumbnail,near,geo,source,user_rt_id,user_rt,retweet_id,reply_to,retweet_date,translate,trans_src,trans_dest
1470020578224787460,1470014900017987586,2021-12-12 22:19:52 ´ëÇÑ¹Î±¹ Ç¥ÁØ½Ã,2021-12-12,22:19:52,+0900,3240925147,butler_2j,누룽지,,'최애라면?' 제가 오랜만에 생각나서 라면을 부셔먹었는데 라면을 부셔먹을때는 기본 라면을 부셔먹는다고 생각을하잖아요 근데 제가 평소에 많이 접하지 않았던 라면인데 저희 언니 집 갔을 때 너무 맛있어가지고 오징어 짬뽕 라면을 사가지고 왔거든요? 그래서 그걸 뿌셔 먹었는데,ko,[],[],[],1,0,2,[],[],https://twitter.com/Butler_2J/status/1470020578224787460,False,,0,,,,,,,,[],,,,
1466966580173373453,1466966580173373453,2021-12-04 12:04:22 ´ëÇÑ¹Î±¹ Ç¥ÁØ½Ã,2021-12-04,12:04:22,+0900,720537533575073792,xhey_rkdmf,이복떡,,코스트코 고메 중화짬뽕 진짜 맛있다.. 일단 면이 진짜 중식당 가면 나오는 짬뽕 면이고 청경채 오징어 +a 고명이 많음~~~~~ 고명이 많아서 냉동보관 주의해야 한다는 게 나름?단점?이 될수도 있을듯 나는 짬뽕라면에 기름 둥둥 뜨는거 별로 안좋아했는데 얘는 중국집이랑 거의 비슷한 맛인거갗애  https://t.co/9cStmhJcIe,ko,[],[],['https://pbs.twimg.com/media/FFu2UxtaIAAAe4p.jpg'],1,0,0,[],[],https://twitter.com/Xhey_rkdmf/status/1466966580173373453,False,,1,https://pbs.twimg.com/media/FFu2UxtaIAAAe4p.jpg,,,,,,,[],,,,
1428289947971178507,1428201310571040773,2021-08-19 18:37:14 ´ëÇÑ¹Î±¹ Ç¥ÁØ½Ã,2021-08-19,18:37:14,+0900,1211161593410551808,shallalala2019,샬라,,@nanhai_85 오징어 많이 싸졌는데 오징어와 콩나물이 팍팍 들어감 짬뽕라면 어또십니까?,ko,[],[],[],1,0,0,[],[],https://twitter.com/shallalala2019/status/1428289947971178507,False,,0,,,,,,,,"[{'screen_name': 'nanhai_85', 'name': '남기피', 'id': '1240208429584543744'}]",,,,
1427167647305658371,1427167647305658371,2021-08-16 16:17:37 ´ëÇÑ¹Î±¹ Ç¥ÁØ½Ã,2021-08-16,16:17:37,+0900,1370649784533409792,yousin_lgm,유신,,저녁으로 오징어 짬뽕 라면 먹을라그랬는데 누가 여기로 이비가 짬뽕 배달시킴ㅋㅋㅋㅋㅋㅋ 참놔 일해야되는데 탕수육 냄새나 왜 여기로 배달시킴? 개민폐ㅡㅅㅡ,ko,[],[],[],1,0,0,[],[],https://twitter.com/yousin_lgm/status/1427167647305658371,False,,0,,,,,,,,[],,,,
1422152927351689218,1422152927351689218,2021-08-02 20:10:54 ´ëÇÑ¹Î±¹ Ç¥ÁØ½Ã,2021-08-02,20:10:54,+0900,819525237947539457,moont_ff14,어케될랑가,,오징어ㅠ짬뽕라면에 계란,ko,[],[],[],0,0,0,[],[],https://twitter.com/MoonT_ff14/status/1422152927351689218,False,,0,,,,,,,,[],,,,
1403263993213448193,1403263697292648452,2021-06-11 17:13:02 ´ëÇÑ¹Î±¹ Ç¥ÁØ½Ã,2021-06-11,17:13:02,+0900,819525237947539457,moont_ff14,어케될랑가,,오징어 짬뽕라면과 쫄면중에 추천은? 오징어짬뽕 만들기 쉽지만 좀 덥고 맛잇음 쫄면 손 많이가지만 안 더움 맛잇고 개매움.. 정로환 준비필수,ko,[],[],[],1,0,0,[],[],https://twitter.com/MoonT_ff14/status/1403263993213448193,False,,0,,,,,,,,[],,,,
1399715483570503683,1399715483570503683,2021-06-01 22:12:31 ´ëÇÑ¹Î±¹ Ç¥ÁØ½Ã,2021-06-01,22:12:31,+0900,1007504425814855680,d__b__n,음식일기🐈,,월요일에 먹은 것들. 점심은 오징어 짬뽕 라면에 가리비 관자살이랑 고춧가루 넣어서 먹음. 이제 매운 거 그만 먹어야지… 저녁은 도미노 피자 2조각 먹음ㅎㅎ.  https://t.co/EPrRZ4ReCD,ko,[],[],"['https://pbs.twimg.com/media/E2zJzrdVEAMGGn5.jpg', 'https://pbs.twimg.com/media/E2zJzsyVgAEXfSP.jpg']",2,0,5,[],[],https://twitter.com/d__b__n/status/1399715483570503683,False,,1,https://pbs.twimg.com/media/E2zJzrdVEAMGGn5.jpg,,,,,,,[],,,,
1399619582935986176,1399619582935986176,2021-06-01 15:51:26 ´ëÇÑ¹Î±¹ Ç¥ÁØ½Ã,2021-06-01,15:51:26,+0900,1261026786982285312,dd_r_b,뚜루찹쌀떡🍡,,오늘 오징어국에 비엔나 먹었는데 또 배고파서 방금 짬뽕라면 끓여먹구왓어요&gt;.&lt; ㅋㅋㅋㅋㅋㅋㅋㅋ     https://t.co/HrEtd3sl0e,ko,[],['https://peing.net/ko/qs/1007168578'],[],0,0,0,[],[],https://twitter.com/DD_R_B/status/1399619582935986176,False,,0,,,,,,,,[],,,,
1380762355542286336,1380731408293920771,2021-04-10 14:59:33 ´ëÇÑ¹Î±¹ Ç¥ÁØ½Ã,2021-04-10,14:59:33,+0900,333486017,olive4012,올리브,,"다 먹을 위가 안되니 결국 선택한 건 볶음짬뽕.  (feat. 파, 마늘, 고춧가루, 식용유, 양파, 오징어, 굴소스) 정작 짬뽕라면 스프는 간 맞추느라 반만 썼다는.  #남편표 맛있게 잘 먹었습니다!  https://t.co/kskvvWPvRw",ko,[],[],['https://pbs.twimg.com/media/Eyl0Cz_VoAMN0tz.jpg'],0,1,6,['남편표'],[],https://twitter.com/olive4012/status/1380762355542286336,False,,1,https://pbs.twimg.com/media/Eyl0Cz_VoAMN0tz.jpg,,,,,,,[],,,,
1376820589852119045,1376820589852119045,2021-03-30 17:56:23 ´ëÇÑ¹Î±¹ Ç¥ÁØ½Ã,2021-03-30,17:56:23,+0900,1337788481918042112,hesha_201208,헤샤,,오징어 짬뽕 라면 꼭 건더기 따로 물에 넣어서 불리고 면만 삶아서 물 버리고 볶음으로 해드세요 미쳤어 겁나 맛있어요 스프는 좀 남기고 넣어야 안 짜요 꼭 그렇게 드셔보세요 진짜 겁나 맛있어요,ko,[],[],[],1,0,5,[],[],https://twitter.com/hesha_201208/status/1376820589852119045,False,,0,,,,,,,,[],,,,
1376351852048961539,1376343560593698819,2021-03-29 10:53:47 ´ëÇÑ¹Î±¹ Ç¥ÁØ½Ã,2021-03-29,10:53:47,+0900,1150960073675440128,park_blue_eyes,푸른눈의기공사(青い目の技工士)+No war in Ukraine!,,@uwongman13 농심 오징어 짬뽕 라면 있는데,ko,[],[],[],1,0,0,[],[],https://twitter.com/park_blue_eyes/status/1376351852048961539,False,,0,,,,,,,,"[{'screen_name': 'uwongman13', 'name': '우엉야옹이', 'id': '1057247047697358848'}]",,,,
1375388173715472388,1375388173715472388,2021-03-26 19:04:28 ´ëÇÑ¹Î±¹ Ç¥ÁØ½Ã,2021-03-26,19:04:28,+0900,782068757610967040,b1a4kamdong,비포란감동💕이삼돌,,배고파.그리고 졸려워. 본가에서 가져온 새우  냉동실에서 꺼내놓고 오징어 짬뽕라면 사러나가야지.  근데 잠못자서 졸려운가봐 오타를 몇번이나 지우는거냐구요.🤣,ko,[],[],[],0,0,0,[],[],https://twitter.com/b1a4kamdong/status/1375388173715472388,False,,0,,,,,,,,[],,,,
1371778564652027905,1371778564652027905,2021-03-16 20:01:10 ´ëÇÑ¹Î±¹ Ç¥ÁØ½Ã,2021-03-16,20:01:10,+0900,1250714694639222784,mmminreeen,꿈별🪄🔮,,🐰 라면 먹고싶다 .. 🦊 ‼️ 🦊 어떤거 먹고시퍼? 🐰 오징어 짬뽕 라면 🦊 오짬? (소근) 난 진짬  윤ㅅㅌㅇ 명대사 생각난다ㅋㅋ 왜 은밀하게 얘기해? 나 쟤랑 사귀니? ㅋㅋㅋㅋ  https://t.co/Nck0L3JjB8,ko,[],[],[],0,25,40,[],[],https://twitter.com/MMMinreeen/status/1371778564652027905,False,,1,https://pbs.twimg.com/ext_tw_video_thumb/1371778539557560324/pu/img/hEQZxPdiXuFwnfzB.jpg,,,,,,,[],,,,
1371044948804399108,1371044948804399108,2021-03-14 19:26:03 ´ëÇÑ¹Î±¹ Ç¥ÁØ½Ã,2021-03-14,19:26:03,+0900,135117115,xm6m2b0e,"빙의(possession), 일상 이야기",,오늘 아침에 일어나서 밥 먹기 귀찮아서 미숫가루와 커피로 때우다 이제 오징어 짬뽕라면 끓이고 있다. 나이가 드니 소화도 잘 안돼서 간편식 위주로 먹게 된다. 아무리 비싸고 귀한 음식도 많이 먹으면 질리듯이 나이가 드니 밥 자체도 질리게 된다. 알약 한알로 식사가 해결될 날이 왔으면 좋겠다.,ko,[],[],[],0,0,0,[],[],https://twitter.com/xm6m2b0e/status/1371044948804399108,False,,0,,,,,,,,[],,,,
1357541668803629057,1357541668803629057,2021-02-05 13:08:50 ´ëÇÑ¹Î±¹ Ç¥ÁØ½Ã,2021-02-05,13:08:50,+0900,135117115,xm6m2b0e,"빙의(possession), 일상 이야기",,"점심 먹었다. 계란, 비비고 평양만두를 오징어 짬뽕라면에 넣어 끓여 먹었다. 귀신 쫒는다면서 사람 때려 죽이고 마귀짓이라며 음모론 내세우며 정작 마귀 좋아하는 짓만 하는 사람들이 끊어지지 않는 이유가 뭐지? 마귀는 참으로 교활하다.",ko,[],[],[],0,0,0,[],[],https://twitter.com/xm6m2b0e/status/1357541668803629057,False,,0,,,,,,,,[],,,,
1329824795001720832,1329824795001720832,2020-11-21 01:31:52 ´ëÇÑ¹Î±¹ Ç¥ÁØ½Ã,2020-11-21,01:31:52,+0900,1000410095727951872,hrr3_blue,ㅎr롱,,김치 오면.....굴이랑 오징어 사서.......짬뽕라면 끓여 먹을거야,ko,[],[],[],0,0,0,[],[],https://twitter.com/hrr3_blue/status/1329824795001720832,False,,0,,,,,,,,[],,,,
1325581894784741376,1325581894784741376,2020-11-09 08:32:06 ´ëÇÑ¹Î±¹ Ç¥ÁØ½Ã,2020-11-09,08:32:06,+0900,778377654,reona_west__,메인트 RT♥일본 가고 싶다/레오나최애♥사라 최애♥린카최애♥가끔 올게요,,불닭 보단 그렇게 안맵넹 오징어 짬뽕 라면 처음 끓여 보는데 맛있넹 ㅋㅋ  https://t.co/RxtozSTkGH,ko,[],[],['https://pbs.twimg.com/media/EmVps7TVMAAhNS9.jpg'],0,0,1,[],[],https://twitter.com/reona_west__/status/1325581894784741376,False,,1,https://pbs.twimg.com/media/EmVps7TVMAAhNS9.jpg,,,,,,,[],,,,
1315663180182429697,1315663180182429697,2020-10-12 23:38:40 ´ëÇÑ¹Î±¹ Ç¥ÁØ½Ã,2020-10-12,23:38:40,+0900,1163747772970889217,drag_on_king,접률⬇️ 용왕,,오징어 짬뽕 라면 먹고싶다,ko,[],[],[],0,0,0,[],[],https://twitter.com/drag_on_king/status/1315663180182429697,False,,0,,,,,,,,[],,,,
1277543579334791168,1277543579334791168,2020-06-29 19:04:59 ´ëÇÑ¹Î±¹ Ç¥ÁØ½Ã,2020-06-29,19:04:59,+0900,1205145623311179777,9dxgpllarwbdokv,요리만찬,,보고 있나? 이것이 찐 오징어 짬뽕라면이다!! 농심 회장님 보고 계신다면 후원 좀 부탁 ㅋ/ 라면 / 짬뽕 / 오징어 짬뽕 / 농...  https://t.co/RipBYvAjMG via @YouTube,ko,"[{'screen_name': 'youtube', 'name': 'youtube', 'id': '10228272'}]",['https://youtu.be/4P_vlHjpCYs'],[],0,0,0,[],[],https://twitter.com/9dxgPlLaRwbdokv/status/1277543579334791168,False,,0,,,,,,,,[],,,,
1276064934720200704,1276064934720200704,2020-06-25 17:09:23 ´ëÇÑ¹Î±¹ Ç¥ÁØ½Ã,2020-06-25,17:09:23,+0900,127479100,sadobawl,봄비…☔,,"삼겹살 구워 먹고 남은 기름과 고기에 배추 한줌, 양파, 대파, 당근 조금, 다진 마늘 쬐금에 공화춘 짬뽕 라면 스프와 블럭 스프 넣고 센불에 볶아 주다, 오징어 몇 조각 던져 넣고..물 붓고 취향에 따라 고추가루 추가하면 꽤 근사한 짬뽕 국물이 완성된다..배추는 거의 필수다, 션한 맛 담당이다",ko,[],[],[],0,0,0,[],[],https://twitter.com/sadobawl/status/1276064934720200704,False,,0,,,,,,,,[],,,,
1275293765289140224,1275293765289140224,2020-06-23 14:05:02 ´ëÇÑ¹Î±¹ Ç¥ÁØ½Ã,2020-06-23,14:05:02,+0900,467268898,sa_no3991,사_노,,짬뽕라면에 오징어 한조각 바지락 한개 새우 한마리라니 노아의 방주식인가,ko,[],[],[],0,0,1,[],[],https://twitter.com/sa_no3991/status/1275293765289140224,False,,0,,,,,,,,[],,,,
1260807378712301569,1260807378712301569,2020-05-14 14:41:18 ´ëÇÑ¹Î±¹ Ç¥ÁØ½Ã,2020-05-14,14:41:18,+0900,1063469359291494400,moong_2064,무믕,,오징어 넣고 짬뽕(라면) 끓였다,ko,[],[],[],0,0,1,[],[],https://twitter.com/moong_2064/status/1260807378712301569,False,,0,,,,,,,,[],,,,
1256671828208005120,1256657896223330304,2020-05-03 04:48:06 ´ëÇÑ¹Î±¹ Ç¥ÁØ½Ã,2020-05-03,04:48:06,+0900,1160361868831019008,ttsnoopytt,빵빵거리면서우러(T⌓T),,"@dubbb_woo 넹ㅇㅅㅇ..  아,짬뽕라면은 오징어만 쇽쇽 골라넣구 나머지는 다 버려여",ko,[],[],[],0,0,0,[],[],https://twitter.com/TTsnoopyTT/status/1256671828208005120,False,,0,,,,,,,,[],,,,
1246823793642749952,1246823793642749952,2020-04-06 00:35:31 ´ëÇÑ¹Î±¹ Ç¥ÁØ½Ã,2020-04-06,00:35:31,+0900,928858261721251840,kkkyaakkk,캭🫂,,"요즘 집에서 밥을 자주 해 먹는데 대체로 노성비(노력 대비 성능비) 높은 메뉴가 만족도가 높았다. 오징어볶음 비빔국수, 간장 비빔국수, 카레우동, 버섯무밥, 고기짬뽕라면, 짜글이찌개 등등",ko,[],[],[],1,0,0,[],[],https://twitter.com/kkkyaakkk/status/1246823793642749952,False,,0,,,,,,,,[],,,,
1243166269253152768,1243163305184657408,2020-03-26 22:21:50 ´ëÇÑ¹Î±¹ Ç¥ÁØ½Ã,2020-03-26,22:21:50,+0900,936609921558224897,loveucalyptus,loveucalyptus,,@nuest_naomingi 어릴 땐 오징어 짬뽕 라면 좋아했대요.^^  https://t.co/jXwzucRu3d,ko,[],[],['https://pbs.twimg.com/media/EUCdIKhUYAIQ_OD.jpg'],1,0,1,[],[],https://twitter.com/loveucalyptus/status/1243166269253152768,False,,1,https://pbs.twimg.com/media/EUCdIKhUYAIQ_OD.jpg,,,,,,,"[{'screen_name': 'nuest_naomingi', 'name': 'z상큼Naomi♡W', 'id': '928617353453039617'}]",,,,
1242634256137908224,1242471940616417280,2020-03-25 11:07:48 ´ëÇÑ¹Î±¹ Ç¥ÁØ½Ã,2020-03-25,11:07:48,+0900,63775908,ruemel,루메링,,@_aquali 신박한듯욬ㅋㅋㅋㅋㅋㅋㅋ오징어 넣은 짬뽕라면 되나요ㅋㅋㅋㅋ,ko,[],[],[],0,0,0,[],[],https://twitter.com/Ruemel/status/1242634256137908224,False,,0,,,,,,,,"[{'screen_name': '_aquali', 'name': 'Jerry', 'id': '2247159048'}]",,,,
1222127365137952768,1222127365137952768,2020-01-28 21:00:44 ´ëÇÑ¹Î±¹ Ç¥ÁØ½Ã,2020-01-28,21:00:44,+0900,2297054840,dark19796157,Pro-Metaller(a.k.a Brutal Metaller),,"오늘은 간단하게 짬뽕라면을 만들어봤습니다  레시피는 정말 간단합니다 ㅋ  냄비에 식용유를 넣고 마늘을 넣고 순차적으로 파, 양파, 배추, 고추를 넣어서 살짝 볶아주시고 거기에 사골곰탕국물을 넣고 끓여주다가 면을 넣고 면이 좀 익었다 싶으면 바지락, 굴 오징어를 넣고 나머지 끓여서 드세요  https://t.co/6bylAc8LAd",ko,[],[],['https://pbs.twimg.com/media/EPXeWg0U4AEWtsa.jpg'],3,7,15,[],[],https://twitter.com/dark19796157/status/1222127365137952768,False,,1,https://pbs.twimg.com/media/EPXeWg0U4AEWtsa.jpg,,,,,,,[],,,,
1210212509241577473,1210212509241577473,2019-12-26 23:55:21 ´ëÇÑ¹Î±¹ Ç¥ÁØ½Ã,2019-12-26,23:55:21,+0900,800655536731525120,dv93123,롳염둥,,안녕 저의 식성 티엠아이 갑자기 주절 제일 좋아하는 음식 매운샤브샤브랑 김치삼겹살이고요 말하는 지금도 머고싶군여 라면은 얼큰너구리랑 불닭오리지널 짬뽕라면류를 제일 조아해요 떡볶이에 튀김은 고구마 오징어 계란 이 시간에 너무했네 반성중입니다,ko,[],[],[],1,0,5,[],[],https://twitter.com/dv93123/status/1210212509241577473,False,,0,,,,,,,,[],,,,
1206019212407230464,1206019068366426112,2019-12-15 10:12:41 ´ëÇÑ¹Î±¹ Ç¥ÁØ½Ã,2019-12-15,10:12:41,+0900,1162278728,twinklingtime,나른,,남편은 오징어 짬뽕 라면을 먹었다,ko,[],[],[],0,0,3,[],[],https://twitter.com/twinklingtime/status/1206019212407230464,False,,0,,,,,,,,[],,,,
1201734390780268544,1201734390780268544,2019-12-03 14:26:20 ´ëÇÑ¹Î±¹ Ç¥ÁØ½Ã,2019-12-03,14:26:20,+0900,205288439,lgsgs_91,조금바쁜 링글스,,오늘점심은 오징어를 넣어 끓인 대파짬뽕라면되겠슴다  https://t.co/bgMa5ugoZy,ko,[],[],['https://pbs.twimg.com/media/EK1rDB5UEAEyVyh.jpg'],0,0,0,[],[],https://twitter.com/LGSGS_91/status/1201734390780268544,False,,1,https://pbs.twimg.com/media/EK1rDB5UEAEyVyh.jpg,,,,,,,[],,,,
1194953528877318145,1194953528877318145,2019-11-14 21:21:37 ´ëÇÑ¹Î±¹ Ç¥ÁØ½Ã,2019-11-14,21:21:37,+0900,926958595,totoro_totoro2,또키와꼬부기(맞팔),,라면 맛있게 끓이기/해물라면/해물 짬뽕 라면/오징어라면/새우라면[수현집밥레시피]    https://t.co/7I4rqjaPRV,ko,[],['http://naver.me/GOyWi8Sp'],[],0,2,0,[],[],https://twitter.com/totoro_totoro2/status/1194953528877318145,False,,0,,,,,,,,[],,,,
1193522709952516104,1193522709952516104,2019-11-10 22:36:03 ´ëÇÑ¹Î±¹ Ç¥ÁØ½Ã,2019-11-10,22:36:03,+0900,455610276,sm070221,탐닉,,불맛❎ 짬뽕라면2개에 카레가루 넣고 끓여서 오징어김치랑 먹고 밥 말아서 먹고 맛있어서 라죽까지 해서 먹는다❤👍👍👍  https://t.co/Gq7NzJEzKU,ko,[],[],"['https://pbs.twimg.com/media/EJA-fEqVUAASw9o.jpg', 'https://pbs.twimg.com/media/EJA-hYDUcAAK5zV.jpg', 'https://pbs.twimg.com/media/EJA-jHKUUAEmuzl.jpg']",0,2,3,[],[],https://twitter.com/sm070221/status/1193522709952516104,False,,1,https://pbs.twimg.com/media/EJA-fEqVUAASw9o.jpg,,,,,,,[],,,,
1193357317879713792,1193357317879713792,2019-11-10 11:38:50 ´ëÇÑ¹Î±¹ Ç¥ÁØ½Ã,2019-11-10,11:38:50,+0900,1173222961379037185,iamsnackbar,간이식당,,라면먹고갈래_짬뽕라면_오징어장뽕으로 만든#짱뽕라면  https://t.co/rWWmU3dzEG @YouTube 님이 공유,ko,"[{'screen_name': 'youtube', 'name': 'youtube', 'id': '10228272'}]",['https://youtu.be/7aMERKlfmSM'],[],0,0,0,[],[],https://twitter.com/iamsnackbar/status/1193357317879713792,False,,0,,,,,,,,[],,,,
1186598616187785217,1186598616187785217,2019-10-22 20:02:10 ´ëÇÑ¹Î±¹ Ç¥ÁØ½Ã,2019-10-22,20:02:10,+0900,953322423495024640,ff14_manda,만모씨 ٩(๑òωó๑)۶,,아.. 홍콩반점 해운대역점은 정말 맛있고 불맛도 있었는데 뭔 광안리해변가점?은 불맛은 없고 그냥 물에 소스넣고 간을짜게한 맛이야 이거 먹을바엔 진짬뽕 라면 먹는게 낫지 오징어도 두점? 홍합도 1개 이더라 뭔 만두는 편의점 만두가 더맛있는거 같고 정말 편의점만두라면 질릴때 갈만한곳으로 느낌  https://t.co/qZWJIpTSLa,ko,[],[],"['https://pbs.twimg.com/media/EHelEuZUYAAKAn0.jpg', 'https://pbs.twimg.com/media/EHelGNDUEAANW90.jpg', 'https://pbs.twimg.com/media/EHelHnMUEAE6-Cm.jpg', 'https://pbs.twimg.com/media/EHelJAaVAAAS__C.jpg']",0,0,2,[],[],https://twitter.com/FF14_Manda/status/1186598616187785217,False,,1,https://pbs.twimg.com/media/EHelEuZUYAAKAn0.jpg,,,,,,,[],,,,
1184302724600348672,1184302437751873536,2019-10-16 11:59:07 ´ëÇÑ¹Î±¹ Ç¥ÁØ½Ã,2019-10-16,11:59:07,+0900,778029470326206464,tbk_0201,카멜린(椿🌺),,@Z_HanByul 짬뽕라면드세여 오징어 짬뽕 추천함 라면스프를 기름에 볶으면 좀더 찐같아집네다,ko,[],[],[],1,0,1,[],[],https://twitter.com/Tbk_0201/status/1184302724600348672,False,,0,,,,,,,,"[{'screen_name': 'Z_HanByul', 'name': '전한별쒸(ღ′◡‵)', 'id': '2301537265'}]",,,,
1177030068872212480,1177030068872212480,2019-09-26 10:20:11 ´ëÇÑ¹Î±¹ Ç¥ÁØ½Ã,2019-09-26,10:20:11,+0900,316381351,leepianoman,PI@NOMAN,,"네팔 캠프4 베이스캠프에서 농심 오징어 짬뽕 라면 먹고난 후에 경의로운 표정을 하는 독일애 갑자기 생각남.   "" 끓인 물만 부었는데 어떻게 이런 맛이 날수있는거지? ""   그리고 5일동안 내 라면 그새끼가 다 뺏어먹음. 내 배낭엔 슈바인학센 진공포장이 가득. 소주안주로 끝내줬음",ko,[],[],[],1,0,1,[],[],https://twitter.com/LeePianoman/status/1177030068872212480,False,,0,,,,,,,,[],,,,
1176060590818619392,1176058586302009344,2019-09-23 18:07:49 ´ëÇÑ¹Î±¹ Ç¥ÁØ½Ã,2019-09-23,18:07:49,+0900,918642968977797122,miluju_te_bts,밀루유떼⁷,,@sung11036013 @BTS_twt 짬뽕을 먹지 말라는건지 그럼에도 불구하고 먹으라는건지 사진보는순간 오징어 짬뽕라면도 못먹겠더라구요 🤣🤣🤣🤣🤣🤣  2019 PCA BTS🎸🌿 #TheConcertTour #PCAs  #LoveYourselfSpeakYourself  @BTS_twt,ko,"[{'screen_name': 'bts_twt', 'name': '방탄소년단', 'id': '335141638'}]",[],[],1,1,1,"['theconcerttour', 'pcas', 'loveyourselfspeakyourself']",[],https://twitter.com/Miluju_te_BTS/status/1176060590818619392,False,,0,,,,,,,,"[{'screen_name': 'sung11036013', 'name': '진아♡♡.BTS💜나날이 깊어지는 마음⚘', 'id': '1090593373738524673'}, {'screen_name': 'BTS_twt', 'name': '방탄소년단', 'id': '335141638'}]",,,,
1175704644657410050,1175704644657410050,2019-09-22 18:33:25 ´ëÇÑ¹Î±¹ Ç¥ÁØ½Ã,2019-09-22,18:33:25,+0900,1131933237125627906,hata_kunong,🌸Hata🌸,,ㅋㅋㅋㅋㅌㅋ아빠가 해준 짬뽕라면인데 오징어랑 채소랑 짱많이넣었음ㅋㅋㅋㅋ  https://t.co/reZoFJyxNh,ko,[],[],['https://pbs.twimg.com/media/EFDxIiJUYAAaxEK.jpg'],0,0,3,[],[],https://twitter.com/Hata_kunong/status/1175704644657410050,False,,1,https://pbs.twimg.com/media/EFDxIiJUYAAaxEK.jpg,,,,,,,[],,,,
1172054287221788673,1172054287221788673,2019-09-12 16:48:12 ´ëÇÑ¹Î±¹ Ç¥ÁØ½Ã,2019-09-12,16:48:12,+0900,1154089972627996672,cvikk6wdyhbfnbj,유창민,,나의 음료 과자 음식 이름 생각 있습니다   짜장면 탕수육 짬뽕밥 군만두 볶음밥 덮밥 계란과자 치토스 꿀떡 신라면 짬뽕라면 카레 아이스크림  팥빙수   오이무침 오징어무침 전 튀김 치킨 떡볶이 머리고기 상추 삼겹살 시금치 제육볶음 볶음밥   불고기버거 한우버거 새우버거 더블비버거 치즈스틱,ko,[],[],[],1,0,0,[],[],https://twitter.com/cviKK6WDYHbfnbJ/status/1172054287221788673,False,,0,,,,,,,,[],,,,
1164411307866484738,1164411307866484738,2019-08-22 14:37:44 ´ëÇÑ¹Î±¹ Ç¥ÁØ½Ã,2019-08-22,14:37:44,+0900,987349095332237312,preya_elin,한보모 프레야,,오징어 짬뽕 라면 끓여먹는데 나무젓가락 없어서 종이빨대 준비했음 과연 괜찮을까,ko,[],[],[],0,0,0,[],[],https://twitter.com/preya_elin/status/1164411307866484738,False,,0,,,,,,,,[],,,,
1162302842524168193,1162300805791137792,2019-08-16 18:59:26 ´ëÇÑ¹Î±¹ Ç¥ÁØ½Ã,2019-08-16,18:59:26,+0900,1014866683448549376,bts0613km,깽찜(나의 세상🐥),,@BTS_twt 라면~~오징어 짬뽕라면ㅜㅜ 다이어트 해야하는데 겁나 맛나게 먹었으요..ㅜㅜ 내일부터!! 꼬오옥!!~ 지민씨는 맛있는거 건강한음식 잘 챙겨먹어요~💜  https://t.co/UIjWjGHdKh,ko,[],[],['https://pbs.twimg.com/tweet_video_thumb/ECFUQKqUYAAAmBg.jpg'],0,0,0,[],[],https://twitter.com/BTS0613KM/status/1162302842524168193,False,,1,https://pbs.twimg.com/tweet_video_thumb/ECFUQKqUYAAAmBg.jpg,,,,,,,"[{'screen_name': 'BTS_twt', 'name': '방탄소년단', 'id': '335141638'}]",,,,
1158224736880476161,1158224736880476161,2019-08-05 12:54:30 ´ëÇÑ¹Î±¹ Ç¥ÁØ½Ã,2019-08-05,12:54:30,+0900,2254354508,fikertansoul,라므,,콩나물 넣은 칼칼한 오징어 짬뽕 라면 먹고 알 꽉 들어찬 간장게장 쭉쭉 빨아먹고 게딱지에 밥 쓱쓱 비벼 먹고 쿠우쿠우 가서 한치 초밥 오징어 초밥 문어 초밥 간장 새우 초밥 먹고 싶다,ko,[],[],[],0,1,0,[],[],https://twitter.com/FIKerTanSoul/status/1158224736880476161,False,,0,,,,,,,,[],,,,
1155868316650487808,1155866699867930625,2019-07-30 00:50:56 ´ëÇÑ¹Î±¹ Ç¥ÁØ½Ã,2019-07-30,00:50:56,+0900,3527874752,macaron_cheese,치즈마카롱,,@SY_Lee__ 이야... 짬뽕라면에 오징어에 콩나물 완전 해장라면인데 거기다 만두라니 그거만한 조합이 없잖어 맛잘알 찜질방이자너~~~,ko,[],[],[],0,0,0,[],[],https://twitter.com/Macaron_cheese/status/1155868316650487808,False,,0,,,,,,,,[],,,,
1133861042692481026,1133861042692481026,2019-05-30 07:21:53 ´ëÇÑ¹Î±¹ Ç¥ÁØ½Ã,2019-05-30,07:21:53,+0900,161964576,mtgps,JS.PARK,,진짜 오징어 짬뽕 라면 #아침밥 #진짜 #오징어 #짬뽕 #라면 #국물  #해장 #김밥 #굿모닝  https://t.co/yN67XGZprv,ko,[],['https://www.instagram.com/p/ByECKaug6sh/?igshid=1qmmbieyq8pzd'],[],0,0,0,"['아침밥', '진짜', '오징어', '짬뽕', '라면', '국물', '해장', '김밥', '굿모닝']",[],https://twitter.com/MtGPS/status/1133861042692481026,False,,0,,,,,,,,[],,,,
1125372070865428481,1125372070865428481,2019-05-06 21:09:44 ´ëÇÑ¹Î±¹ Ç¥ÁØ½Ã,2019-05-06,21:09:44,+0900,936547935344459779,sweet121016,밀키주인,,오징어 짬뽕 라면 사랑해~❤️,ko,[],[],[],0,0,0,[],[],https://twitter.com/sweet121016/status/1125372070865428481,False,,0,,,,,,,,[],,,,
1125371365735878656,1125371365735878656,2019-05-06 21:06:56 ´ëÇÑ¹Î±¹ Ç¥ÁØ½Ã,2019-05-06,21:06:56,+0900,936547935344459779,sweet121016,밀키주인,,나는 등심 돈가스랑 오징어 짬뽕 라면 둘다 먹고 싶었는데,ko,[],[],[],0,0,0,[],[],https://twitter.com/sweet121016/status/1125371365735878656,False,,0,,,,,,,,[],,,,
1115267936904552448,1115267936904552448,2019-04-08 23:59:31 ´ëÇÑ¹Î±¹ Ç¥ÁØ½Ã,2019-04-08,23:59:31,+0900,1168428361,rabbitshamr0ck,☘️샴록☘️,,먹은지 좀 된 오늘 저녁. 오뚜기 해선장 소스에 청경채 넣은 오징어 짬뽕라면 맛있었다🍜🥬  https://t.co/rwQAmfs4ia,ko,[],[],"['https://pbs.twimg.com/media/D3o6RBKUUAY7BqY.jpg', 'https://pbs.twimg.com/media/D3o6RBOUYAIFANO.jpg']",0,0,1,[],[],https://twitter.com/rabbitShamr0ck/status/1115267936904552448,False,,1,https://pbs.twimg.com/media/D3o6RBKUUAY7BqY.jpg,,,,,,,[],,,,
1106047552099475456,1106043880225427456,2019-03-14 13:21:00 ´ëÇÑ¹Î±¹ Ç¥ÁØ½Ã,2019-03-14,13:21:00,+0900,4852947449,konooverstar,🌟코노🌟,,맛있다(!) 학식 개선했다더니 ㄹㅇ인가봐 짬뽕라면과 짬뽕의 중간 느낌 매웡 짬뽕밥이었음 더 좋았겠다 오징어 맛있다,ko,[],[],[],0,0,0,[],[],https://twitter.com/KonoOverStar/status/1106047552099475456,False,,0,,,,,,,,[],,,,
1099982235569012736,1099982235569012736,2019-02-25 19:39:36 ´ëÇÑ¹Î±¹ Ç¥ÁØ½Ã,2019-02-25,19:39:36,+0900,930972676125999104,ff14_kanival,카니발,,와.. 그 라면스프 티백 이거 물건이다... 매운맛 먹었는데 오징어 짬뽕라면 맛이나...,ko,[],[],[],0,0,0,[],[],https://twitter.com/ff14_kanival/status/1099982235569012736,False,,0,,,,,,,,[],,,,
1072523332401184769,1072523332401184769,2018-12-12 01:07:43 ´ëÇÑ¹Î±¹ Ç¥ÁØ½Ã,2018-12-12,01:07:43,+0900,3307395566,ajfnekffo1991,(반동결)레이튼도 파고 흡툭죽도 파는 머달,,홍합과 오징어 들어간 짬뽕라면 먹고싶다,ko,[],[],[],1,0,1,[],[],https://twitter.com/ajfnekffo1991/status/1072523332401184769,False,,0,,,,,,,,[],,,,
1043741621034962944,1043715433818337280,2018-09-23 14:59:28 ´ëÇÑ¹Î±¹ Ç¥ÁØ½Ã,2018-09-23,14:59:28,+0900,724144348514770944,whitegoldcoffee,맥심화이트골드커피빅스,,@Spring_january 우와 라멘!! 대박 맛있었겠당😆 언니의 초이스 굳👍🏻❤️ 팔도 해물라면은 안짜고 쫌 덜매워요ㅎㅎ 쫌 깔끔한 맛! 면발이 탱글하고 맛있구요 국물은~ 오징어 짬뽕라면이나 다른 해물라면보다는 싱겁다고 느껴질 수도 있어요:),ko,[],[],[],1,0,1,[],[],https://twitter.com/whitegoldcoffee/status/1043741621034962944,False,,0,,,,,,,,"[{'screen_name': 'Spring_january', 'name': '1월의봄', 'id': '2205848569'}]",,,,
985524005724499968,985524005724499968,2018-04-15 23:23:27 ´ëÇÑ¹Î±¹ Ç¥ÁØ½Ã,2018-04-15,23:23:27,+0900,981511940471074816,_d0nghyun,뭄,,오징어 짬뽕 라면 맛이 나는 치킨 .. 약간 매운 느낌 ..  https://t.co/GOyCb4X99p,ko,[],[],['https://pbs.twimg.com/media/Da1I2k5U0AE8RRE.jpg'],0,0,0,[],[],https://twitter.com/_D0NGHYUN/status/985524005724499968,False,,1,https://pbs.twimg.com/media/Da1I2k5U0AE8RRE.jpg,,,,,,,[],,,,
972841538433634304,972838774156611584,2018-03-11 23:27:51 ´ëÇÑ¹Î±¹ Ç¥ÁØ½Ã,2018-03-11,23:27:51,+0900,906846756297596928,g_g_0908,감자깡,,@____OAO___S2 ㅋㅌㄱ ㄱ ㄱ ㄱㄷㄱ ㄱㄷㄱ ㄱㄷㄱ ㄱㄷㄱ ㄱ ㄱ ㄱㄷㄱ ㅎㅎ ㅜㅜ 내가 짬뽕 만들 줄은 몰라서 오징어 짬뽕라면이라도 잡숴,ko,[],[],[],0,0,0,[],[],https://twitter.com/g_g_0908/status/972841538433634304,False,,0,,,,,,,,"[{'screen_name': '____OAO___S2', 'name': '노넴', 'id': '952229763187265536'}]",,,,
949478232314732544,949478232314732544,2018-01-06 12:10:25 ´ëÇÑ¹Î±¹ Ç¥ÁØ½Ã,2018-01-06,12:10:25,+0900,2203438111,iminsharkin,샤킨,,농심 오징어짬뽕 바이럴에서 '오징어 없는 짬뽕이 짬뽕이니?'하는데 다른 짬뽕라면들을 디스한 것 같지만 맛짬뽕도 자체디스해버렸군....,ko,[],[],[],1,0,0,[],[],https://twitter.com/iminsharkin/status/949478232314732544,False,,0,,,,,,,,[],,,,
947689927549923328,947689927549923328,2018-01-01 13:44:20 ´ëÇÑ¹Î±¹ Ç¥ÁØ½Ã,2018-01-01,13:44:20,+0900,772368963531530240,total0017,MARO's RECIPE,,나가사키짬뽕 라면을 쓸데없이 고퀄리티로 만들어 보았어요~ 홍합.새우.오징어가 들어간 나가사키짬뽕 라면! 추운 겨울엔 따끈따끈한 궁무리 끝내주는 나가사키짬뽕 어떠신가요??  레시피는 아래 주소를 클릭하세요^^   https://t.co/QQBqeNYLJV  https://t.co/EuRZ5oDYHQ,ko,[],['https://blog.naver.com/total17/220832624388'],"['https://pbs.twimg.com/media/DSbeU_uVAAAUgM3.jpg', 'https://pbs.twimg.com/media/DSbeW8VUEAAsoed.jpg']",0,8,14,[],[],https://twitter.com/total0017/status/947689927549923328,False,,1,https://pbs.twimg.com/media/DSbeU_uVAAAUgM3.jpg,,,,,,,[],,,,
945253026683428864,945253026683428864,2017-12-25 20:20:58 ´ëÇÑ¹Î±¹ Ç¥ÁØ½Ã,2017-12-25,20:20:58,+0900,934307372280922112,0326im,채연희,,무늬오징어와 갓뚜기 진짬뽕라면 요리  https://t.co/D2Nij0JHiE,ko,[],['https://magickid75.blogspot.com/2017/10/blog-post_30.html'],[],0,0,0,[],[],https://twitter.com/0326im/status/945253026683428864,False,,0,,,,,,,,[],,,,
939102658459140097,939102658459140097,2017-12-08 21:01:36 ´ëÇÑ¹Î±¹ Ç¥ÁØ½Ã,2017-12-08,21:01:36,+0900,934335035074789376,curseddevil2,함영림,,무늬오징어와 갓뚜기 진짬뽕라면 요리  https://t.co/Kj9kHi6n4g,ko,[],['https://goo.gl/21cgJD'],[],0,0,0,[],[],https://twitter.com/curseddevil2/status/939102658459140097,False,,0,,,,,,,,[],,,,
920680457922121728,920680457922121728,2017-10-19 00:58:21 ´ëÇÑ¹Î±¹ Ç¥ÁØ½Ã,2017-10-19,00:58:21,+0900,235428564,carlosupeu,Carlos Carrillo,,Me ha gustado un vídeo de @YouTube ( https://t.co/lXwcBG6KKx - [먹방] 갈비의기사 먹다가 느끼해서 오징어 짬뽕라면,ko,"[{'screen_name': 'youtube', 'name': 'youtube', 'id': '10228272'}]",['http://youtu.be/fNQB0YhOsRs?a'],[],0,0,0,[],[],https://twitter.com/carlosupeu/status/920680457922121728,False,,0,,,,,,,,[],,,,
901001206222340096,901001206222340096,2017-08-25 17:40:02 ´ëÇÑ¹Î±¹ Ç¥ÁØ½Ã,2017-08-25,17:40:02,+0900,6488892,demian_k,Deva 🔥 뿌수미,,"짬뽕 라면스프같고 짜고 핵싫어함. 초마 짬뽕같은거 말고 인생 통틀어 몇번 먹어본적 없는데 홍대 연트럴파크쪽 새로생긴 '연경', 저번 먹은 하얀짜장면이나 만두도 맛있더니 짬뽕 진짜 대형새우오징어야채등등 듬뿍 들었고 국물도 맛있음. 인생...중국집!!!🔥  https://t.co/Ew01pU8ZFU",ko,[],[],['https://pbs.twimg.com/media/DID_y2iUAAAeHA7.jpg'],0,0,4,[],[],https://twitter.com/Demian_K/status/901001206222340096,False,,1,https://pbs.twimg.com/media/DID_y2iUAAAeHA7.jpg,,,,,,,[],,,,
893989744987693056,893989744987693056,2017-08-06 09:18:59 ´ëÇÑ¹Î±¹ Ç¥ÁØ½Ã,2017-08-06,09:18:59,+0900,945284640,kyh1992,제정신 1호,,짬뽕라면 사가야지 오징어가 땡긴다.,ko,[],[],[],0,0,0,[],[],https://twitter.com/kyh1992/status/893989744987693056,False,,0,,,,,,,,[],,,,
886875155653287936,886875155653287936,2017-07-17 18:08:09 ´ëÇÑ¹Î±¹ Ç¥ÁØ½Ã,2017-07-17,18:08:09,+0900,3288576578,je11y_s2_,젤리,,짬뽕라면 만들어 먹엇는데 존맛 오징어 왕많이 넣엇어,ko,[],[],[],0,0,0,[],[],https://twitter.com/Je11y_S2_/status/886875155653287936,False,,0,,,,,,,,[],,,,
873133688891953152,873133688891953152,2017-06-09 20:04:28 ´ëÇÑ¹Î±¹ Ç¥ÁØ½Ã,2017-06-09,20:04:28,+0900,139644377,wangcool,"wangcool,,ssso-young",,어쨌거나 #불금  광어우럭오징어튀김 사진올렸다가  #짬뽕라면 나와서 다시 올려요 💕💕💕👍🏻👍🏻🤗🤗🤗  https://t.co/gRiJkDZFTF,ko,[],['https://www.instagram.com/p/BVHdGCCBV56/'],[],0,0,0,"['불금', '짬뽕라면']",[],https://twitter.com/wangcool/status/873133688891953152,False,,0,,,,,,,,[],,,,
854280114837659648,854280114837659648,2017-04-18 19:27:05 ´ëÇÑ¹Î±¹ Ç¥ÁØ½Ã,2017-04-18,19:27:05,+0900,555721836,samurai_gyuri,"侍,사무라이 (of 규리회)⚡",,오랜만에 오징어 짬뽕 라면을 먹었다  ✩°｡ ⸜(* ॑  ॑* )⸝,ko,[],[],[],0,0,2,[],[],https://twitter.com/samurai_gyuri/status/854280114837659648,False,,0,,,,,,,,[],,,,
838415781587271680,838415781587271680,2017-03-06 00:47:53 ´ëÇÑ¹Î±¹ Ç¥ÁØ½Ã,2017-03-06,00:47:53,+0900,4332403293,stellashower_,비올,,짬뽕라면 붐과 볶음면의 붐 둘다 왔는데 왜 간짬뽕은 뜨지 않는가? 모르는 사람도 많고... 간짬뽕 졸라 맛있단 말입니다 해물맛 오징어맛 불맛 풍부한 원조 짬뽕볶음면인데,ko,[],[],[],1,0,0,[],[],https://twitter.com/stellashower_/status/838415781587271680,False,,0,,,,,,,,[],,,,
834806227305582592,834806227305582592,2017-02-24 01:44:49 ´ëÇÑ¹Î±¹ Ç¥ÁØ½Ã,2017-02-24,01:44:49,+0900,2254354508,fikertansoul,라므,,고깃집에서 주는 된장찌개랑 짠 우동이랑 새우랑 오징어 잔뜩 넣은 파스타랑 콩나물 짬뽕 라면이랑 볶음김치랑 김 먹고싶다.,ko,[],[],[],0,0,1,[],[],https://twitter.com/FIKerTanSoul/status/834806227305582592,False,,0,,,,,,,,[],,,,
827070201061519365,827070201061519365,2017-02-02 17:24:36 ´ëÇÑ¹Î±¹ Ç¥ÁØ½Ã,2017-02-02,17:24:36,+0900,715181955222867969,kuka_o0o,🌸꾸까🌸,,양파 볶고 오징어랑 새우에 불 내서 부와앜 하고선 집에있던 짬뽕라면 (면이 짬뽕 면처럼 오동통함) 이랑 어찌어찌하더니 .. .... 가게서 사먹을 법한 맛의 짬뽕이 완성됐다..,ko,[],[],[],0,1,0,[],[],https://twitter.com/KuKa_o0o/status/827070201061519365,False,,0,,,,,,,,[],,,,
804664705428000768,804664705428000768,2016-12-02 21:33:10 ´ëÇÑ¹Î±¹ Ç¥ÁØ½Ã,2016-12-02,21:33:10,+0900,1106996880,over24oz,김온즈,,짬뽕라면이랑 따뜻한 오징어숙회  https://t.co/G1q8a8Ygr4,ko,[],[],"['https://pbs.twimg.com/media/Cyq-PFLUQAEaWU8.jpg', 'https://pbs.twimg.com/media/Cyq-Qu6UUAAEJIX.jpg', 'https://pbs.twimg.com/media/Cyq-R4WUkAAj-u_.jpg']",1,2,4,[],[],https://twitter.com/over24oz/status/804664705428000768,False,,1,https://pbs.twimg.com/media/Cyq-PFLUQAEaWU8.jpg,,,,,,,[],,,,
800288368101756928,800286216297906176,2016-11-20 19:43:10 ´ëÇÑ¹Î±¹ Ç¥ÁØ½Ã,2016-11-20,19:43:10,+0900,176379308,jjini_parkkk,찐사마,,짬뽕라면에 오징어 넣는다고 절대 짬뽕이 되진 않는데 부대찌개 라면에 햄 넣으면 부대찌개가 되어버린다. 이 간극... 부대찌개면의 타겟과 기획 의도가 좀 궁금해졌다,ko,[],[],[],0,2,0,[],[],https://twitter.com/jjini_parkkk/status/800288368101756928,False,,0,,,,,,,,[],,,,
787901251895775232,787886496850206720,2016-10-17 15:21:11 ´ëÇÑ¹Î±¹ Ç¥ÁØ½Ã,2016-10-17,15:21:11,+0900,153209193,p_244_51,P ◡̈,,@risoriusman 흑흑 ㅠㅠㅠㅠㅠㅠㅠ 오징어랑 숙주 가득넣은 짬뽕라면 먹고싶어졌어요... 호로록,ko,[],[],[],1,0,0,[],[],https://twitter.com/P_244_51/status/787901251895775232,False,,0,,,,,,,,"[{'screen_name': 'risoriusman', 'name': 'risorius✨리쏘💕', 'id': '738101706706161664'}]",,,,
776357384637734912,776357384637734912,2016-09-15 18:49:59 ´ëÇÑ¹Î±¹ Ç¥ÁØ½Ã,2016-09-15,18:49:59,+0900,357879451,robinkim821108,Rest l 샤샤샤이니이니이니는사랑이라9,,헐 오징어 짬뽕 라면을 헤끼데 타베루 일본사람도 있네. 나도 매운데.,ko,[],[],[],0,0,0,[],[],https://twitter.com/robinkim821108/status/776357384637734912,False,,0,,,,,,,,[],,,,
767036923533594624,767028214023675904,2016-08-21 01:33:48 ´ëÇÑ¹Î±¹ Ç¥ÁØ½Ã,2016-08-21,01:33:48,+0900,701402301387272192,chxka9134,⚘초탐⚘😷,,그 옆 가게엔 짬뽕라면집 있는데 여기두 진짜 너무 ㅏ싯다ㅠ 그냥 라면에 양배추 넣고 오징어 많이 넣어주시는데 그게 진짬 마싯다 다먹구 국물에 밥비벼서 먹으면 지짜루 마식다..ㅠㅠ 또 그옆 중국집도 싸고 마싯고ㅠㅠ 3명이서 짬봉라면집 배부르게 먹으면,ko,[],[],[],1,0,0,[],[],https://twitter.com/chxka9134/status/767036923533594624,False,,0,,,,,,,,[],,,,
750356104224256000,750344049979109376,2016-07-06 00:50:10 ´ëÇÑ¹Î±¹ Ç¥ÁØ½Ã,2016-07-06,00:50:10,+0900,2401802526,efkmtoho,𝐄𝐅,,맛있다! 왕뚜껑짬뽕은 짬뽕라면치고 맛이 순해서 부담없고 오코노미야끼칩은 오징어집 같은 느낌인데 좀 달달짭짤함 오늘은 설과가 최고 수확👍 인절미 맛이 나고 양도 꽤 많음!전통찻집 티푸드로도 좋을듯 싶다  https://t.co/ccQ26cE0Dx,ko,[],[],"['https://pbs.twimg.com/media/CmnM4ecVMAQkp9Y.jpg', 'https://pbs.twimg.com/media/CmnM4ecVUAAEkfV.jpg', 'https://pbs.twimg.com/media/CmnM4ebUEAAZAPK.jpg']",0,0,1,[],[],https://twitter.com/efkmtoho/status/750356104224256000,False,,1,https://pbs.twimg.com/media/CmnM4ecVMAQkp9Y.jpg,,,,,,,[],,,,
739642282740088832,739642282740088832,2016-06-06 11:17:16 ´ëÇÑ¹Î±¹ Ç¥ÁØ½Ã,2016-06-06,11:17:16,+0900,262037942,watsucokr,왓슈-핫딜,,[온라인]5% down 새롬식품/감자 해물맛라면 20봉/국산감자/국산오징어/국산새우/감자라면/김치라면/채식라면/해물라면/짬뽕라면/L-글루타민산나트륨 무첨가  https://t.co/3Cj8SB54bj,ko,[],['http://watsu.co.kr/surl/P/149/?t=20160606'],[],0,0,0,[],[],https://twitter.com/watsucokr/status/739642282740088832,False,,0,,,,,,,,[],,,,
731502449660329985,731502449660329985,2016-05-15 00:12:29 ´ëÇÑ¹Î±¹ Ç¥ÁØ½Ã,2016-05-15,00:12:29,+0900,461551005,dksmaql11,안금비,,아직 한번도 해보진 않았는데 짬뽕라면에 해물도 넣어서 먹고싶다ㅠㅠㅠ새우나 오징어 넣어서ㅠㅠㅠ,ko,[],[],[],0,0,0,[],[],https://twitter.com/dksmaql11/status/731502449660329985,False,,0,,,,,,,,[],,,,
714117450288144384,714117450288144384,2016-03-28 00:50:42 ´ëÇÑ¹Î±¹ Ç¥ÁØ½Ã,2016-03-28,00:50:42,+0900,298041823,maet_insane,나열/마에티,,설문조사지 만들기가 귀찮습니다. 짬뽕라면 선호도 조사 좀 도와주십시오... 오징어 짬뽕과 나가사키 짬뽕 같은건 뺐음.,ko,[],[],[],1,0,0,[],[],https://twitter.com/MaeT_insane/status/714117450288144384,False,,0,,,,,,,,[],,,,
699995394562871296,699995394562871296,2016-02-18 01:34:42 ´ëÇÑ¹Î±¹ Ç¥ÁØ½Ã,2016-02-18,01:34:42,+0900,869562001,amagrammer_,장ㅇㅇ,,"여러분,오징어 짬뽕(라면)은 하찮게 면을 부수고 함부로 스프를 뿌려 (섞어)먹는, 다른 라면과 절대 비교하면 안 됩니다! #맛없어 #안주_사올걸  https://t.co/mlf8Vq8zd6",ko,[],[],['https://pbs.twimg.com/media/CbbiFD4UYAADmdG.jpg'],0,0,0,"['맛없어', '안주_사올걸']",[],https://twitter.com/Amagrammer_/status/699995394562871296,False,,1,https://pbs.twimg.com/media/CbbiFD4UYAADmdG.jpg,,,,,,,[],,,,
699951990344798208,699951990344798208,2016-02-17 22:42:13 ´ëÇÑ¹Î±¹ Ç¥ÁØ½Ã,2016-02-17,22:42:13,+0900,1799211235,chestnut_king,나만아는걸로🐸,,오늘 저녁은 회사 뒤 작은 분식집. 짬뽕라면에 콩나물이랑 오징어 듬뿍 넣어주심.  https://t.co/VXEbZGFaSj,ko,[],[],"['https://pbs.twimg.com/media/Cba6mAhUAAEDCw4.jpg', 'https://pbs.twimg.com/media/Cba6nbhUcAAOUuE.jpg']",0,0,0,[],[],https://twitter.com/chestnut_king/status/699951990344798208,False,,1,https://pbs.twimg.com/media/Cba6mAhUAAEDCw4.jpg,,,,,,,[],,,,
699918234791743492,699918234791743492,2016-02-17 20:28:05 ´ëÇÑ¹Î±¹ Ç¥ÁØ½Ã,2016-02-17,20:28:05,+0900,128943466,min2357,꺄,,짬뽕 라면에 새우랑 오징어 넣어서 ㄱㄱ,ko,[],[],[],1,0,0,[],[],https://twitter.com/Min2357/status/699918234791743492,False,,0,,,,,,,,[],,,,
699830733431373824,699830733431373824,2016-02-17 14:40:23 ´ëÇÑ¹Î±¹ Ç¥ÁØ½Ã,2016-02-17,14:40:23,+0900,2454682201,dyunte,계이듄테,,풀무원 오징어먹물짜장 먹어봤는데.. 맛있긴맛있음. 근데 장점이랄까 이해안간달까 하는게 있는데 건더기에 오징어가 짱많음. 웬만한 짬뽕라면에 들어있는거 두배정도.. 그냥 건더기 모아놨다 짬뽕라면 끓일때 같이 넣어먹으면 될듯함,ko,[],[],[],0,0,0,[],[],https://twitter.com/Dyunte/status/699830733431373824,False,,0,,,,,,,,[],,,,
697316724090089472,697316724090089472,2016-02-10 16:10:37 ´ëÇÑ¹Î±¹ Ç¥ÁØ½Ã,2016-02-10,16:10:37,+0900,4756718426,yes_zzambbong,짬뽕 전도사,,"진짬뽕 (짬뽕라면) 불맛이 느껴진다. 칼칼하니 시원하고 맛있다. 건더기스프에 오징어가 있어서 식감이 좋다 칼국수면같이 좀 납작하고 쫄깃, 탱탱하다. 밥말아먹어도 좋지만 역시 면쪽이 좀더 국물과 잘 어울린다.  https://t.co/w9M2CFEduu",ko,[],[],"['https://pbs.twimg.com/media/Ca1d1NRUkAApOKc.jpg', 'https://pbs.twimg.com/media/Ca1d2V2UYAAMD7f.jpg']",1,0,0,[],[],https://twitter.com/YES_ZZAMBBONG/status/697316724090089472,False,,1,https://pbs.twimg.com/media/Ca1d1NRUkAApOKc.jpg,,,,,,,[],,,,
687686095740391424,687686095740391424,2016-01-15 02:21:56 ´ëÇÑ¹Î±¹ Ç¥ÁØ½Ã,2016-01-15,02:21:56,+0900,3304439948,w_1025_w,포로리,,이글을쓰는와중에도 맛짬뽕라면국물에 오징어가 3개나남았다고 좋다고춤추는 저..저..,ko,[],[],[],0,0,0,[],[],https://twitter.com/W_1025_W/status/687686095740391424,False,,0,,,,,,,,[],,,,
685668565706383360,685668565706383360,2016-01-09 12:44:59 ´ëÇÑ¹Î±¹ Ç¥ÁØ½Ã,2016-01-09,12:44:59,+0900,115140349,layplus,Yun Sang Ho 윤상호,,어제 새벽까지 달린 나를 위한 작은 선물 ㅋㅋㅋ 오징어가 들어간 짬뽕라면 파 양파 듬뿍 넣고 오징어 넣으니 좋구먼 여기에 고추기름과 능이버섯을 구해봐야겠다 ㅎㅎㅎ 모두 맛점 난 해장중 ㅠㅠ  https://t.co/AWYbuxOCiT,ko,[],[],['https://pbs.twimg.com/media/CYP76JAUAAEcQaB.jpg'],0,0,1,[],[],https://twitter.com/layplus/status/685668565706383360,False,,1,https://pbs.twimg.com/media/CYP76JAUAAEcQaB.jpg,,,,,,,[],,,,
685326765833637888,685326765833637888,2016-01-08 14:06:48 ´ëÇÑ¹Î±¹ Ç¥ÁØ½Ã,2016-01-08,14:06:48,+0900,2254354508,fikertansoul,라므,,직접 만든 오징어 짬뽕 라면 (연출된 샷입니다)  https://t.co/brmIId5cX6,ko,[],[],"['https://pbs.twimg.com/media/CYLFCurUkAAX83i.jpg', 'https://pbs.twimg.com/media/CYLFDXWUMAASYgT.jpg']",0,0,1,[],[],https://twitter.com/FIKerTanSoul/status/685326765833637888,False,,1,https://pbs.twimg.com/media/CYLFCurUkAAX83i.jpg,,,,,,,[],,,,
684663479790219264,684663479790219264,2016-01-06 18:11:08 ´ëÇÑ¹Î±¹ Ç¥ÁØ½Ã,2016-01-06,18:11:08,+0900,1058018348,gkfka_967,ハラム / 정하람🌙,,저녁 오징어 짬뽕라면  https://t.co/9rJDJePWxm,ko,[],[],['https://pbs.twimg.com/media/CYBpyvlUwAAn9Es.jpg'],1,0,4,[],[],https://twitter.com/gkfka_967/status/684663479790219264,False,,1,https://pbs.twimg.com/media/CYBpyvlUwAAn9Es.jpg,,,,,,,[],,,,
683614943732600832,683614943732600832,2016-01-03 20:44:38 ´ëÇÑ¹Î±¹ Ç¥ÁØ½Ã,2016-01-03,20:44:38,+0900,335218487,ijp0929,그때 그 사람,,짬뽕라면이 대세다 판매및 고객선호순위는 ①오뚜기 진잠뽕 ②팔도 불짬뽕 ③농심 맛짬뽕 ④삼양 갓짬뽕 위의 4사제품들은 신상품이고 그외 기존의 풀무원 오징어먹물짬뽕 오뚜기 북경짬뽕등은 판매가 거의 바닥수준 특히  오)진짬뽕은  해태)허니버터칩 수준이다,ko,[],[],[],0,0,0,[],[],https://twitter.com/ijp0929/status/683614943732600832,False,,0,,,,,,,,[],,,,
