id,conversation_id,created_at,date,time,timezone,user_id,username,name,place,tweet,language,mentions,urls,photos,replies_count,retweets_count,likes_count,hashtags,cashtags,link,retweet,quote_url,video,thumbnail,near,geo,source,user_rt_id,user_rt,retweet_id,reply_to,retweet_date,translate,trans_src,trans_dest
1473679480061370371,1473679480061370371,2021-12-23 00:39:02 ´ëÇÑ¹Î±¹ Ç¥ÁØ½Ã,2021-12-23,00:39:02,+0900,1447571119163199490,hana10150404,하나,,짜왕  스낵면 너구리 미니 컵라면  팔도비빔면  미역국 라면 진라면 순한맛,ko,[],[],[],4,0,2,[],[],https://twitter.com/HANA10150404/status/1473679480061370371,False,,0,,,,,,,,[],,,,
1466816907643076611,1466816907643076611,2021-12-04 02:09:37 ´ëÇÑ¹Î±¹ Ç¥ÁØ½Ã,2021-12-04,02:09:37,+0900,1258761611969302530,suhxxk,가온,,진짜장 짜왕은 왜 컵라면은 단종됙나요?????????? 봉지 끓이기 넘 귀탐ㅎ아요,ko,[],[],[],0,0,0,[],[],https://twitter.com/suhxxk/status/1466816907643076611,False,,0,,,,,,,,[],,,,
1451143462460424201,1451096723699298310,2021-10-21 20:08:57 ´ëÇÑ¹Î±¹ Ç¥ÁØ½Ã,2021-10-21,20:08:57,+0900,1368525225671888897,sugabtscute93,멘틧 윤기 생일 이벵 🥳 애옹이네 단짠🐱𝕊𝕋𝔸𝕐 𝔸𝕃𝕀𝕍𝔼 (SLOW),,@jooya110 짜왕 컵라면 사놨는데 아직 먹지는 않아서... ㅋㅋㅋ,ko,[],[],[],0,0,0,[],[],https://twitter.com/sugaBTScute93/status/1451143462460424201,False,,0,,,,,,,,[],,,,
1451120072479571971,1451096723699298310,2021-10-21 18:36:00 ´ëÇÑ¹Î±¹ Ç¥ÁØ½Ã,2021-10-21,18:36:00,+0900,1267082006489251840,se_yeon_81,별찌 ˃ᴗ˂,,@jooya110 저 인더숲 볼때마다 항상 라면 머거옄ㅋㅋㅋㅋㅋ 짜왕 아니면 컵라면 😂,ko,[],[],[],1,0,1,[],[],https://twitter.com/se_yeon_81/status/1451120072479571971,False,,0,,,,,,,,[],,,,
1449725536335380482,1449725536335380482,2021-10-17 22:14:37 ´ëÇÑ¹Î±¹ Ç¥ÁØ½Ã,2021-10-17,22:14:37,+0900,1441074946038321154,dear_my39,(slow) 슈비💙,,나두…인더숲 윤기처럼 야식으로 짜왕 컵라면을 먹고싶었지만 우리 집 근처 편의점엔 짜왕이 팔지 않아 대신 이걸로.. 그냥 진이라는 글씨가 있어서 샀는데(석지니 생각나서) 아직 안먹어봄… 맥주는 내일을 위해 무알콜 맥주로 대신하고.. 인더숲 다시 볼거임!!! ㅎㅎ애들이랑 짜장라면먹기ㅎㅎ  https://t.co/ZBuu4iFWrm,ko,[],[],['https://pbs.twimg.com/media/FB51mO2UcAo-nsk.jpg'],0,0,0,[],[],https://twitter.com/dear_my39/status/1449725536335380482,False,,1,https://pbs.twimg.com/media/FB51mO2UcAo-nsk.jpg,,,,,,,[],,,,
1449629105230528514,1449625251038445573,2021-10-17 15:51:26 ´ëÇÑ¹Î±¹ Ç¥ÁØ½Ã,2021-10-17,15:51:26,+0900,1150309473023430656,bts_baroque,𝐛𝐚𝐫𝐨𝐪𝐮𝐞 ☽︎,,"- 짜장라면은 꼭 '짜파게티 봉지라면'    컵라면이나 짜왕 등등은 지민픽이 아님  - 파김치, 갓김치, 양파피클을 같이 먹음    밑반찬은 사진 참고   (특히 양파피클, 갓김치 먹을 때 오 갓! 외치기)  https://t.co/SoJaMsDT9g",ko,[],[],"['https://pbs.twimg.com/media/FB4d9x5VQAYn8I3.jpg', 'https://pbs.twimg.com/media/FB4d-JAUcAAiYxo.jpg', 'https://pbs.twimg.com/media/FB4d-nLUYAcR5T-.jpg', 'https://pbs.twimg.com/media/FB4d_LWVcAIkCSq.jpg']",0,13,51,[],[],https://twitter.com/BTS_baroque/status/1449629105230528514,False,,1,https://pbs.twimg.com/media/FB4d9x5VQAYn8I3.jpg,,,,,,,[],,,,
1449614627990474756,1449614627990474756,2021-10-17 14:53:54 ´ëÇÑ¹Î±¹ Ç¥ÁØ½Ã,2021-10-17,14:53:54,+0900,1246133923412725760,jmkloveair113,국이민니에어🐰🐥🐾JMK air 💛,,윤기아 나두 짜왕~~~ 🐱 나는 컵라면 먹어야지이 🐱 짜왕 ~ 짜왕 !  全聯有賣 好吃但好貴  https://t.co/Aq28qIToQR,zh,[],[],['https://pbs.twimg.com/media/FB4Q0a7VIAkyYRA.jpg'],0,0,0,[],[],https://twitter.com/Jmkloveair113/status/1449614627990474756,False,,1,https://pbs.twimg.com/media/FB4Q0a7VIAkyYRA.jpg,,,,,,,[],,,,
1449009655351418890,1449009655351418890,2021-10-15 22:49:57 ´ëÇÑ¹Î±¹ Ç¥ÁØ½Ã,2021-10-15,22:49:57,+0900,1412551209697775617,_minsuga_31,슙킨:),,오늘부터 컵라면은 짜왕이다 짜왕~짜왕~  https://t.co/eqX4qSexUY,ko,[],[],[],1,2,14,[],[],https://twitter.com/_minsuga_31/status/1449009655351418890,False,,1,https://pbs.twimg.com/ext_tw_video_thumb/1449009601018429453/pu/img/CG-6cjEk-h_L6RTz.jpg,,,,,,,[],,,,
1449000434404786182,1449000434404786182,2021-10-15 22:13:19 ´ëÇÑ¹Î±¹ Ç¥ÁØ½Ã,2021-10-15,22:13:19,+0900,1079347981411729408,_oosuga,💤,,난 컵라면 먹어야쥐~~ 짜왕                                         쫘왕쫘왕~  https://t.co/lZbcaX4m6t,ko,[],[],[],0,1,6,[],[],https://twitter.com/_oOSUGA/status/1449000434404786182,False,,1,https://pbs.twimg.com/ext_tw_video_thumb/1449000403853475841/pu/img/P6Irz1NH7Fg7xVui.jpg,,,,,,,[],,,,
1448803445402738690,1448801837143007247,2021-10-15 09:10:33 ´ëÇÑ¹Î±¹ Ç¥ÁØ½Ã,2021-10-15,09:10:33,+0900,833503398225920000,dotorimulmandu,🐿🥟uARMYhope,,윤기도 짜왕 컵라면 먹네 ㅎㅎ  https://t.co/iT3Fm0tVoK,ko,[],[],"['https://pbs.twimg.com/media/FBsuzAPWQAIVXgj.jpg', 'https://pbs.twimg.com/media/FBsvCb6WYAMa8Hx.png']",1,0,6,[],[],https://twitter.com/dotorimulmandu/status/1448803445402738690,False,,1,https://pbs.twimg.com/media/FBsuzAPWQAIVXgj.jpg,,,,,,,[],,,,
1429768144390742017,1429767088793477124,2021-08-23 20:31:04 ´ëÇÑ¹Î±¹ Ç¥ÁØ½Ã,2021-08-23,20:31:04,+0900,939900364991500288,fuck_winkdeep,터닝포인트,,내가 제일 좋아한 불닭볶음면 조합 1. 짜파게티(짜왕)+불닭+계란후라이+깻잎 2. 불닭소스+체다치즈+밥 3. 양파베이컨썰어서 우유+치즈넣는 까르보 4. 컵라면 불닭+참치마요삼각김밥 or 데리야끼 치킨삼각김밥 + 편의점 싸구려 치즈,ko,[],[],[],0,9,8,[],[],https://twitter.com/fuck_winkdeep/status/1429768144390742017,False,,0,,,,,,,,[],,,,
1418842209013714944,1418842209013714944,2021-07-24 16:55:18 ´ëÇÑ¹Î±¹ Ç¥ÁØ½Ã,2021-07-24,16:55:18,+0900,1397091554649542660,xiv_white,메인트 백관,,하 집에 짜왕이랑 컵라면 리필댓어. . . ㅋ 나 맘 흔들려,ko,[],[],[],0,0,0,[],[],https://twitter.com/xiv_white/status/1418842209013714944,False,,0,,,,,,,,[],,,,
1413165498150232064,1413165498150232064,2021-07-09 00:58:04 ´ëÇÑ¹Î±¹ Ç¥ÁØ½Ã,2021-07-09,00:58:04,+0900,1247529050517585922,homeyes_otaku,애커,,아니다 내일 절대 처갓집 슈프림에 짜왕 컵라면 먹는다 시발 존나 존나 먹어준다,ko,[],[],[],0,0,0,[],[],https://twitter.com/homeyes_otaku/status/1413165498150232064,False,,0,,,,,,,,[],,,,
1406041406540451843,1406039468566487040,2021-06-19 09:09:28 ´ëÇÑ¹Î±¹ Ç¥ÁØ½Ã,2021-06-19,09:09:28,+0900,1305660398784266246,cheeze_jamong,치쟈,,@inexistent_one 나 짜왕 4일째 먹고싶어하는중이에요ㅠㅠㅠ짜왕 끓여먹으려고 점심에 컵라면도 안먹는데ㅠㅠ,ko,[],[],[],0,0,0,[],[],https://twitter.com/cheeze_jamong/status/1406041406540451843,False,,0,,,,,,,,"[{'screen_name': 'inexistent_one', 'name': '김팡팡🦄', 'id': '2854099375'}]",,,,
1392031948759920644,1392031948759920644,2021-05-11 17:20:53 ´ëÇÑ¹Î±¹ Ç¥ÁØ½Ã,2021-05-11,17:20:53,+0900,132368792,sugul80,덩치 작은 고객님,,ㅎㅎㅎ 짜왕이라는거...컵라면으로 처음 먹어봤는데... 물을 따라버려야 한다는걸 스프 넣고 물 붓고 난 뒤에 봤어...ㅎㅎㅎㅎㅎㅎ,ko,[],[],[],0,0,0,[],[],https://twitter.com/sugul80/status/1392031948759920644,False,,0,,,,,,,,[],,,,
1383757442165526528,1383757442165526528,2021-04-18 21:20:57 ´ëÇÑ¹Î±¹ Ç¥ÁØ½Ã,2021-04-18,21:20:57,+0900,1220193766968967168,k_gguru,슈슉.슉.슉슈 김꾸루,,아.. 이 밤에 라면이 먹고 싶네요.. 틈새라면이라던가.. 짜왕이라던가.... ㄹㅇ 컵라면 하나 해먹을까.. 군침으로 폭포 맹글 수 있것으샘 우야면 좋누 아 ㅜ,ko,[],[],[],2,0,4,[],[],https://twitter.com/K_GGuru/status/1383757442165526528,False,,0,,,,,,,,[],,,,
1377111210311610369,1377111210311610369,2021-03-31 13:11:12 ´ëÇÑ¹Î±¹ Ç¥ÁØ½Ã,2021-03-31,13:11:12,+0900,1175479802603532288,re_new_92,가나쥐🐕🦮🐕‍🦺🐩🐺🐶,,우리집에 잇는 컵라면 까르보 불닭볶음면 육개장 컵누들 매운맛 우동맛  봉지라면 안성탕면 불닭볶음면 짜왕 짜파게티,ko,[],[],[],0,0,0,[],[],https://twitter.com/re_new_92/status/1377111210311610369,False,,0,,,,,,,,[],,,,
1369927951618207748,1369785098229313540,2021-03-11 17:27:30 ´ëÇÑ¹Î±¹ Ç¥ÁØ½Ã,2021-03-11,17:27:30,+0900,1279968302740078593,o0rr6bgpnxia32k,Moon of horn,,@tzsaxo @Cold_Archer 야식 짜파게티   철야 삼선짜장 철야후연근 짜장 떡볶이     퇴근때 짜장컵라면   구호는짜왕!,ko,[],[],[],0,0,2,[],[],https://twitter.com/O0rR6bgpnXia32k/status/1369927951618207748,False,,0,,,,,,,,"[{'screen_name': 'tzsaxo', 'name': '써니 Choi~~Only President Moon~!!!', 'id': '854265001049153538'}, {'screen_name': 'Cold_Archer', 'name': '🍷까칠한궁수🍺', 'id': '1173416468341374976'}]",,,,
1331982212023996416,1331982212023996416,2020-11-27 00:24:41 ´ëÇÑ¹Î±¹ Ç¥ÁØ½Ã,2020-11-27,00:24:41,+0900,883406694360858624,mlpnkomlpmlp,맨투맨🥑,,나는요 국물 잇는 라면 별로 안 조아해서 그나마 국물 버리는 컵라면 조아해요! 콕콕콕콕이나 불닭이나 짜왕 막 이런거잇잔어 웅웅      https://t.co/TAIMkNhOJI,ko,[],['https://peing.net/ko/qs/952177966'],[],0,0,0,[],[],https://twitter.com/mlpnkomlpmlp/status/1331982212023996416,False,,0,,,,,,,,[],,,,
1310231956454404097,1310231956454404097,2020-09-27 23:56:56 ´ëÇÑ¹Î±¹ Ç¥ÁØ½Ã,2020-09-27,23:56:56,+0900,863667620733517824,steam_milky_way,덴뉴,,큐큐님 그림에서 영이 지리산 짜장라면 ㅋㅋ 먹는 고 같은데 나 오늘 짜왕 반개 먹고 체했는데 갑자기 나두 짜장 컵라면 먹고싶어짐 ㅠ,ko,[],[],[],0,0,2,[],[],https://twitter.com/steam_milky_way/status/1310231956454404097,False,,0,,,,,,,,[],,,,
1264161602913202176,1264161602913202176,2020-05-23 20:49:47 ´ëÇÑ¹Î±¹ Ç¥ÁØ½Ã,2020-05-23,20:49:47,+0900,850012394096959489,imonthebridge,2023.01월까지 반동결-로푸,,짜왕 컵라면 드실 사람들은 선에 맞춰서 물을 붓지 말고 걍 컵의 반 정도만 물을 받으세요... 난 선보다 훨씬 아래까지 부었는데도 그냥 짜장탕됨 되살리기 불가해보여서 걍 짜파게티 끓이는 중..^^  https://t.co/QDv5ePQqVZ,ko,[],[],[],0,0,3,[],[],https://twitter.com/imonthebridge/status/1264161602913202176,False,,1,https://pbs.twimg.com/ext_tw_video_thumb/1264161549238722562/pu/img/YdZ_Z-URMNbnJtNi.jpg,,,,,,,[],,,,
1251440315178684427,1251440315178684427,2020-04-18 18:19:56 ´ëÇÑ¹Î±¹ Ç¥ÁØ½Ã,2020-04-18,18:19:56,+0900,492202126,sweetpea_jm_,새봄🐣🐶,,아 미쳨ㅋㅋㅋㅋㅋㅋㅋ 짜왕끓일틈안준닼ㅋㅋㅋㅋㅋㅋㅋㅋㅋㅋㅋㅋㅋ 컵라면 먹어야겠군ㅋㅋㅋㅋㅋㅋㅋㅋㅋㅋ,ko,[],[],[],0,0,0,[],[],https://twitter.com/sweetPea_JM_/status/1251440315178684427,False,,0,,,,,,,,[],,,,
1249603812144189440,1249603812144189440,2020-04-13 16:42:19 ´ëÇÑ¹Î±¹ Ç¥ÁØ½Ã,2020-04-13,16:42:19,+0900,1121543141910147072,donthave_gamang,마요네즈,,짜왕 컵라면 끓여주길래 먹었는데 짜왕 건면 봉지가 최고다..ㅠ 맛은 있는데 그맛이 아냐..이게 아냐..,ko,[],[],[],0,0,0,[],[],https://twitter.com/donthave_gamang/status/1249603812144189440,False,,0,,,,,,,,[],,,,
1247001741440106498,1247001741440106498,2020-04-06 12:22:37 ´ëÇÑ¹Î±¹ Ç¥ÁØ½Ã,2020-04-06,12:22:37,+0900,4034711412,rei_rialtra,레이/전공대면여부확인하기,,"라면취향.. ㄹㅇ 순딩순딩을 좋아하기 때문에 컵라면픽은 진라면 순한컵면&amp;육개장.. 참깨라면은 못먹겠던.. 짜파게티 컵면도 좋아는 하지만 치즈볶이 같은 게 더 위에 있음. 봉지라면 쪽에서라면 짜파게티, 나가사끼짬뽕이랑 비빔면, 짜왕, 그거랑... 아 기억이 안나넼ㅋㅋㅋㅋ 여튼 그정도..",ko,[],[],[],0,0,0,[],[],https://twitter.com/Rei_Rialtra/status/1247001741440106498,False,,0,,,,,,,,[],,,,
1241559312364752896,1241559312364752896,2020-03-22 11:56:21 ´ëÇÑ¹Î±¹ Ç¥ÁØ½Ã,2020-03-22,11:56:21,+0900,762899394270105601,7395aa,생,,짜왕 컵라면육개장 신라면 신라면 건면 중에 점심으로 먹을거 추천좀,ko,[],[],[],1,0,0,[],[],https://twitter.com/7395aa/status/1241559312364752896,False,,0,,,,,,,,[],,,,
1237320743622299651,1237320625724612608,2020-03-10 19:13:48 ´ëÇÑ¹Î±¹ Ç¥ÁØ½Ã,2020-03-10,19:13:48,+0900,1121543141910147072,donthave_gamang,마요네즈,,어이없게도 짜왕 컵라면으로 안나오나봐... 오늘도 건면...봉지...,ko,[],[],[],0,0,0,[],[],https://twitter.com/donthave_gamang/status/1237320743622299651,False,,0,,,,,,,,[],,,,
1229251489249366016,1229251489249366016,2020-02-17 12:49:28 ´ëÇÑ¹Î±¹ Ç¥ÁØ½Ã,2020-02-17,12:49:28,+0900,2588757895,dpdlcldpt,엧,,짜왕 컵라면 맛없음.....,ko,[],[],[],0,0,0,[],[],https://twitter.com/dpdlcldpt/status/1229251489249366016,False,,0,,,,,,,,[],,,,
1215594752365625344,1215594752365625344,2020-01-10 20:22:28 ´ëÇÑ¹Î±¹ Ç¥ÁØ½Ã,2020-01-10,20:22:28,+0900,2403177770,segmentionfault,세그민 ζ(ㆆ_ㆆζζ ∴,,지금까지 먹은 안주 쿠팡 도시락 카레 컵라면 짜왕  술 조금 남았는데 이제 뭐 먹을까~,ko,[],[],[],0,0,0,[],[],https://twitter.com/SegmentionFault/status/1215594752365625344,False,,0,,,,,,,,[],,,,
1214954692360327168,1214954692360327168,2020-01-09 01:59:06 ´ëÇÑ¹Î±¹ Ç¥ÁØ½Ã,2020-01-09,01:59:06,+0900,2389645141,idgvv,베르뱃,,저녁엔 짜왕에 계란 두개 먹었다 컵라면 잘 안먹는데.. 정말 수년만에 먹은듯? 3년? 4년? 기숙사 살때도 컵라면 말고 맨날 자판기 라면 먹었어  https://t.co/E2xy1W8OxL,ko,[],[],['https://pbs.twimg.com/media/ENxi10aU4AAByl1.jpg'],0,0,3,[],[],https://twitter.com/idgvv/status/1214954692360327168,False,,1,https://pbs.twimg.com/media/ENxi10aU4AAByl1.jpg,,,,,,,[],,,,
1206040682986528768,1205882838777655296,2019-12-15 11:38:00 ´ëÇÑ¹Î±¹ Ç¥ÁØ½Ã,2019-12-15,11:38:00,+0900,1090416446058856448,grrr_tangtang,므야핰,,@TrustmeIadoreU_ 짜파게티 워...지금 너무 먹고싶어요 저는 짜파게티+후라이2개 꼭 세트입니다! 컵라면보다 봉지라면이 훨씬 좋아요. 요즘은 짜왕 같은거나 액상스프로 많이 나오는데 저는 그 농심 짜파게티 가루타입!!,ko,[],[],[],1,0,1,[],[],https://twitter.com/Grrr_tangtang/status/1206040682986528768,False,,0,,,,,,,,"[{'screen_name': 'TrustmeIadoreU_', 'name': '지조', 'id': '1165847584386105344'}]",,,,
1189153708258365440,1189153708258365440,2019-10-29 21:15:12 ´ëÇÑ¹Î±¹ Ç¥ÁØ½Ã,2019-10-29,21:15:12,+0900,720622454285053953,mykoshi_0806,みにょんこし🌙,,미카코시한테 선물할 컵라면 6개 정했다!!ㅎㅎ  짜왕 깻잎라면 참깨라면 사리곰탕 안성탕면 콕콕콕 치즈볶이  구디 도착하면 이마트에서 사간다✨😊,ko,[],[],[],2,0,11,[],[],https://twitter.com/mykoshi_0806/status/1189153708258365440,False,,0,,,,,,,,[],,,,
1174519774568517632,1174519774568517632,2019-09-19 12:05:10 ´ëÇÑ¹Î±¹ Ç¥ÁØ½Ã,2019-09-19,12:05:10,+0900,252874496,duseopo416,부팽(ぶーぺん),,짜왕 컵라면으로 점심 때우는중,ko,[],[],[],0,0,1,[],[],https://twitter.com/duseopO416/status/1174519774568517632,False,,0,,,,,,,,[],,,,
1165943338538717185,1165943338538717185,2019-08-26 20:05:28 ´ëÇÑ¹Î±¹ Ç¥ÁØ½Ã,2019-08-26,20:05:28,+0900,2997284827,soranaros,소란,,저녁으로 짜왕 컵라면 하나 머겄는데 먼가 부족하다 어카지... (집에 먹을게 없음),ko,[],[],[],0,0,1,[],[],https://twitter.com/soranaros/status/1165943338538717185,False,,0,,,,,,,,[],,,,
1154736719347900417,1154736719347900417,2019-07-26 21:54:22 ´ëÇÑ¹Î±¹ Ç¥ÁØ½Ã,2019-07-26,21:54:22,+0900,766770296,simbumgi0723,심범기,,저녁에 짜왕 컵라면 먹었어요.,ko,[],[],[],0,0,0,[],[],https://twitter.com/simbumgi0723/status/1154736719347900417,False,,0,,,,,,,,[],,,,
1122692396129505282,1122692396129505282,2019-04-29 11:41:40 ´ëÇÑ¹Î±¹ Ç¥ÁØ½Ã,2019-04-29,11:41:40,+0900,456531051,chau4832,챠우,,컵라면에 햇반 말아서 슥삭하기 Vs 컵라면 짜왕 불닭 섞어서 슥삭하기,ko,[],[],[],2,0,0,[],[],https://twitter.com/chau4832/status/1122692396129505282,False,,0,,,,,,,,[],,,,
1115105945846083584,1115105066296299521,2019-04-08 13:15:49 ´ëÇÑ¹Î±¹ Ç¥ÁØ½Ã,2019-04-08,13:15:49,+0900,4728401534,venko__,김필승,,@_S_K_B 벌로 짜왕 컵라면 스프랑 물 같이넣고 끓여먹기,ko,[],[],[],0,0,0,[],[],https://twitter.com/Venko__/status/1115105945846083584,False,,0,,,,,,,,"[{'screen_name': '_S_K_B', 'name': '스킬북님', 'id': '1240439103176331264'}]",,,,
1115105066296299521,1115105066296299521,2019-04-08 13:12:20 ´ëÇÑ¹Î±¹ Ç¥ÁØ½Ã,2019-04-08,13:12:20,+0900,4728401534,venko__,김필승,,짜왕 컵라면 먹으려는디 생각없이 스프부터 뜯어넣었어,ko,[],[],[],1,0,0,[],[],https://twitter.com/Venko__/status/1115105066296299521,False,,0,,,,,,,,[],,,,
1106917882766614528,1106917882766614528,2019-03-16 22:59:23 ´ëÇÑ¹Î±¹ Ç¥ÁØ½Ã,2019-03-16,22:59:23,+0900,1036204048670633986,habyeol_0524,🫐자하별(자유로운하늘의별🫐,,아 짜왕컵라면 먹고싶다 아 근데 짜자로니는 컵라면이 안나올까?,ko,[],[],[],0,0,0,[],[],https://twitter.com/Habyeol_0524/status/1106917882766614528,False,,0,,,,,,,,[],,,,
1099564859518119936,1099564859518119936,2019-02-24 16:01:06 ´ëÇÑ¹Î±¹ Ç¥ÁØ½Ã,2019-02-24,16:01:06,+0900,852822073034424320,caf_ina,카프,,슈퍼아주머니가 라면 재고처리를 나한테 해줌 짜왕1 새우탕 컵라면 작은거 4개 유통기한은 조금 넘었지만 사람은 이런걸로 죽지않지,ko,[],[],[],0,0,0,[],[],https://twitter.com/CAF_ina/status/1099564859518119936,False,,0,,,,,,,,[],,,,
1085876046237331457,1085873820613861377,2019-01-17 21:26:38 ´ëÇÑ¹Î±¹ Ç¥ÁØ½Ã,2019-01-17,21:26:38,+0900,1045331480061210624,ff14_nerwell,네르웰,,@m__u_u__r 컵라면이라면 짜왕 (지극히 개인 취향입니다) 일반 라면으로 드신다면 짜빠구리 (짜파게티 + 너구리) 추천해요,ko,[],[],[],0,0,0,[],[],https://twitter.com/FF14_Nerwell/status/1085876046237331457,False,,0,,,,,,,,[],,,,
1076777829512048642,1076777150940934145,2018-12-23 18:53:34 ´ëÇÑ¹Î±¹ Ç¥ÁØ½Ã,2018-12-23,18:53:34,+0900,918356783659229184,stellaria_swamp,스텔라리아,,"@susuhannalado11 앜ㅋㅋㅋㅋㅋ 사실 저는 짜왕 파라서...(크흠  집에 짜파게티, 그것도 컵라면이었으면 바로 먹었습니다! ㅇㅅㅇ 아쉽게도 신라면만 있네요ㅜㅠ",ko,[],[],[],0,0,0,[],[],https://twitter.com/Stellaria_swamp/status/1076777829512048642,False,,0,,,,,,,,[],,,,
1052823361124847616,1052821825988616193,2018-10-18 16:27:04 ´ëÇÑ¹Î±¹ Ç¥ÁØ½Ã,2018-10-18,16:27:04,+0900,744428722774630400,cutiecutiesihoo,시후님🎗,,"육개장 컵라면, 김치 컵라면, 진라면 매운맛, 열라면, 짜파게티 범벅, 짜왕, 스파게티, 불닭볶음면, 까르보불닭 2개 ㅎㅎ 그리고 딸기 요거트 3개랑 이젠 마카롱 사러 감",ko,[],[],[],0,0,2,[],[],https://twitter.com/cutiecutiesihoo/status/1052823361124847616,False,,0,,,,,,,,[],,,,
1052181944161562625,1052181539822268417,2018-10-16 21:58:18 ´ëÇÑ¹Î±¹ Ç¥ÁØ½Ã,2018-10-16,21:58:18,+0900,198137590,transt_82,돌멩이 누룽지 스프,,@hibiyasleep 봉지라면이라면 짜짜로니 컵라면이라면 짜왕 추천합니다,ko,[],[],[],0,0,0,[],[],https://twitter.com/transt_82/status/1052181944161562625,False,,0,,,,,,,,"[{'screen_name': 'hibiyasleep', 'name': '종이 aka hibiya', 'id': '2257896974'}]",,,,
1051803867208278016,1051803867208278016,2018-10-15 20:55:58 ´ëÇÑ¹Î±¹ Ç¥ÁØ½Ã,2018-10-15,20:55:58,+0900,74989299,bborieg,죠지형아,,부엌에서 짜왕 컵라면을 본거 같기도 .....,ko,[],[],[],0,0,0,[],[],https://twitter.com/bborieG/status/1051803867208278016,False,,0,,,,,,,,[],,,,
1046759361828204544,1046740248250658818,2018-10-01 22:50:54 ´ëÇÑ¹Î±¹ Ç¥ÁØ½Ã,2018-10-01,22:50:54,+0900,4333246880,djdrh1,멍멍이 분양(?) 중인 멀섯,,"라면 컵라면→ 육계장, 왕뚜껑 라면→ 짜왕(나름 잘끓임) 냉면류→ 열무비빔(존맛탱) 을 선호합니다. 설익은것보다는 푹익은게 좋구 예전에는 스프를 덜넣어먹었는데 최근에는 다 넣어먹습니다. 여러분 집에서 라볶이를 만들때에는 스넥면을 넣으세요. 간도맛고 익는 시간대도 좋고, 존맛탱😉💕",ko,[],[],[],0,0,1,[],[],https://twitter.com/DjdRh1/status/1046759361828204544,False,,0,,,,,,,,[],,,,
1028508793959661568,1028508793959661568,2018-08-12 14:09:39 ´ëÇÑ¹Î±¹ Ç¥ÁØ½Ã,2018-08-12,14:09:39,+0900,900305396287406080,leesin_plus5,이신Σ(leesin+)@쓸거없음,,불닭짜왕 먹고싶어서  강제로 컵라면&amp;봉지라면 했는데  비쥬얼이 영..  https://t.co/65HZvUwnJl,ko,[],[],['https://pbs.twimg.com/media/DkX_SPbUwAAsnST.jpg'],2,0,1,[],[],https://twitter.com/leesin_plus5/status/1028508793959661568,False,,1,https://pbs.twimg.com/media/DkX_SPbUwAAsnST.jpg,,,,,,,[],,,,
1002438173555748864,1002437859876278272,2018-06-01 15:34:19 ´ëÇÑ¹Î±¹ Ç¥ÁØ½Ã,2018-06-01,15:34:19,+0900,995536466548674561,shanarchist7,유민우,,오동통오징어짬뽕 사리곰탕 우육탕 튀김우동북경반점짬뽕 감자면 진짜장 부대찌개컵누들 콕콕콕라면볶이스파게티 치즈볶이면  라면사리 짜왕 드레싱누들 파는 봉지컵라면 거의다 먹은거 같은데 잘생각 안나서 인터넷 검색해서 찾음  https://t.co/l3dHmw1lpA,ko,[],[],['https://pbs.twimg.com/media/Delf7VYVMAAPzaN.jpg'],1,0,0,[],[],https://twitter.com/shanarchist7/status/1002438173555748864,False,,1,https://pbs.twimg.com/media/Delf7VYVMAAPzaN.jpg,,,,,,,[],,,,
984814506390913024,984814506390913024,2018-04-14 00:24:09 ´ëÇÑ¹Î±¹ Ç¥ÁØ½Ã,2018-04-14,00:24:09,+0900,3310693982,songzinn,댜길25구해요✨송진✨,,짜왕 컵밥 육포 장어즙 이런거 리스트 적어서 배우님들이 좋아하신다고 문자넣었지ㅋㅋ 인간적으로 컵밥 컵라면 이런거는 연습실도 아닌데 느그들이 채워넣어야하는거 아니냐? 그리고 품목은 내가 정해ㅋㅋ,ko,[],[],[],1,0,0,[],[],https://twitter.com/SONGZINN/status/984814506390913024,False,,0,,,,,,,,[],,,,
977894008134365185,977894008134365185,2018-03-25 22:04:34 ´ëÇÑ¹Î±¹ Ç¥ÁØ½Ã,2018-03-25,22:04:34,+0900,2788654110,rilif_k,그냥 사자맨 🦁 겸연 🦁,,와... 짜왕 컵라면 개맛없다...,ko,[],[],[],1,0,0,[],[],https://twitter.com/Rilif_K/status/977894008134365185,False,,0,,,,,,,,[],,,,
976349751464480769,976349751464480769,2018-03-21 15:48:15 ´ëÇÑ¹Î±¹ Ç¥ÁØ½Ã,2018-03-21,15:48:15,+0900,393769517,gomgom3gom,곰세마리,,어제 농심에서 나온 짜왕이란 컵라면을 하나 먹어봤는데 맛은 괜찮은 것 같은데 매운맛은 글쎄올씨다.,ko,[],[],[],0,0,0,[],[],https://twitter.com/GOMGOM3GOM/status/976349751464480769,False,,0,,,,,,,,[],,,,
944755686289809410,944755686289809410,2017-12-24 11:24:42 ´ëÇÑ¹Î±¹ Ç¥ÁØ½Ã,2017-12-24,11:24:42,+0900,708990320,314dimension,PIE🎗,,점심 뭐먹지... 이 외에 선택지가 하나 더 있는데(컵라면 짜왕매운맛) 그건 마음찍어주세요....,ko,[],[],[],0,0,0,[],[],https://twitter.com/314dimension/status/944755686289809410,False,,0,,,,,,,,[],,,,
938277859369549825,938277859369549825,2017-12-06 14:24:08 ´ëÇÑ¹Î±¹ Ç¥ÁØ½Ã,2017-12-06,14:24:08,+0900,810150397142675456,billcipherwell,각형,,가켱 컵라면 못 먹어서 마음이 아픔 심지어 매운짜왕이엿 는데,ko,[],[],[],0,0,1,[],[],https://twitter.com/BillCipherwell/status/938277859369549825,False,,0,,,,,,,,[],,,,
938267797888684037,938267797888684037,2017-12-06 13:44:09 ´ëÇÑ¹Î±¹ Ç¥ÁØ½Ã,2017-12-06,13:44:09,+0900,810150397142675456,billcipherwell,각형,,3교시가 과학시간이라서 도로롱 잣 는데 일어나보니 점심시간 끝 낫음 매운 짜왕 컵라면 먹으려고 그랬는데 ... 매운 짜왕 ... 먹고싶어 ... 동아리 시간에 먹어도 될까 ... 매운짜왕 ...,ko,[],[],[],0,0,0,[],[],https://twitter.com/BillCipherwell/status/938267797888684037,False,,0,,,,,,,,[],,,,
924994071969521665,924994071969521665,2017-10-30 22:39:06 ´ëÇÑ¹Î±¹ Ç¥ÁØ½Ã,2017-10-30,22:39:06,+0900,801044434028613633,0221_yong,맘무우,,짜왕컵라면 이걸 먹을까...아님 참을까...,ko,[],[],[],0,0,1,[],[],https://twitter.com/0221_yong/status/924994071969521665,False,,0,,,,,,,,[],,,,
924518572516405249,924518572516405249,2017-10-29 15:09:39 ´ëÇÑ¹Î±¹ Ç¥ÁØ½Ã,2017-10-29,15:09:39,+0900,781146148408918018,miilkyvvay,유 로💫,,유로밈은 짜왕 짜파게티 사천짜파게티 짜장범벅(컵라면 등등 중ㅇ 최애짜장라면이 뭐에염...?!♥️ — 저는 짜파게티와 짜왕 좋아하구 최애는 짜파구리요❣️  https://t.co/XbMs35z22V,ko,[],['http://l.ask.fm/igoto/45DKECN75V62DDAUPY6IQO6O62ADDJQDSTSOLEP7D7SLNZN62UYY2Z2LFNFM2SZTL237WEIBJQUH4DB7YEV7M2VONS5LPBQLUIORJE2YHVWSCKGPBOHQMYFTVWA67VD3UW7YKBYC3TFU5WOU'],[],0,0,0,[],[],https://twitter.com/MiilkyVVay/status/924518572516405249,False,,0,,,,,,,,[],,,,
915046547871621120,915038996396335105,2017-10-03 11:51:12 ´ëÇÑ¹Î±¹ Ç¥ÁØ½Ã,2017-10-03,11:51:12,+0900,819832051687788546,rabbpeach,이클립,,@sparkling_903 열라면 진라면 짜파게티 컵라면이 있다..... 나만 짜왕 없어 ..,ko,[],[],[],0,0,0,[],[],https://twitter.com/rabbpeach/status/915046547871621120,False,,0,,,,,,,,[],,,,
914239297871425538,914239297871425538,2017-10-01 06:23:29 ´ëÇÑ¹Î±¹ Ç¥ÁØ½Ã,2017-10-01,06:23:29,+0900,714448811368718336,pate484,nemoga,,짜왕 매운맛 인기없나 왠일로 컵라면에서 원쁠원이 나오지,ko,[],[],[],0,0,0,[],[],https://twitter.com/pate484/status/914239297871425538,False,,0,,,,,,,,[],,,,
906705459524009985,906705459524009985,2017-09-10 11:26:41 ´ëÇÑ¹Î±¹ Ç¥ÁØ½Ã,2017-09-10,11:26:41,+0900,3280197960,2214_0317,미나상 010-2214-0317,,#일요일 아침#컵라면 #꼬꼬면#짜왕#진짬뽕#삼양라면#도사락  https://t.co/qNlL3RXspb,ko,[],['https://www.instagram.com/p/BY1-t6UjzoH/'],[],0,0,0,['일요일'],[],https://twitter.com/2214_0317/status/906705459524009985,False,,0,,,,,,,,[],,,,
906487760604635137,906487760604635137,2017-09-09 21:01:38 ´ëÇÑ¹Î±¹ Ç¥ÁØ½Ã,2017-09-09,21:01:38,+0900,737652527856947202,lotwon1214,찡구 랏원🐰💙,,컵라면으로 비빔면 너구리 사리곰탕 짜피게티 짜왕 있음,ko,[],[],[],0,0,0,[],[],https://twitter.com/lotwon1214/status/906487760604635137,False,,0,,,,,,,,[],,,,
904885689426239489,904885689426239489,2017-09-05 10:55:34 ´ëÇÑ¹Î±¹ Ç¥ÁØ½Ã,2017-09-05,10:55:34,+0900,829636691157594113,tpqm_op1middle,세브,,배고픔을 참지못한 세브는 짜왕매운맛컵라면에 물을 부어따,ko,[],[],[],0,0,0,[],[],https://twitter.com/tpqm_op1middle/status/904885689426239489,False,,0,,,,,,,,[],,,,
881875524208910336,881875524208910336,2017-07-03 23:01:24 ´ëÇÑ¹Î±¹ Ç¥ÁØ½Ã,2017-07-03,23:01:24,+0900,821734010392936448,kimbob_ul,김밥,,짜왕 컵라면 겁나 별로네 ㅅㅂ 입버림,ko,[],[],[],0,0,0,[],[],https://twitter.com/Kimbob_UL/status/881875524208910336,False,,0,,,,,,,,[],,,,
879721121951567872,879721121951567872,2017-06-28 00:20:34 ´ëÇÑ¹Î±¹ Ç¥ÁØ½Ã,2017-06-28,00:20:34,+0900,133563601,hanjeok,한적,,짜왕 컵라면 매운맛에 강렬하게 매운 적혀있길래 겁먹고 반만 넣었는데도 맵네,ko,[],[],[],0,0,0,[],[],https://twitter.com/hanjeok/status/879721121951567872,False,,0,,,,,,,,[],,,,
877156422642839552,877156422642839552,2017-06-20 22:29:22 ´ëÇÑ¹Î±¹ Ç¥ÁØ½Ã,2017-06-20,22:29:22,+0900,808719972864139264,999comu,🌸99🌸,,"배고파서 짜왕 컵라면 끓엿는데 아무 생각없이 해서😭😭😭완두콩 잇쟈나 완두콩 실허😭😭😭😭😭골라내고 먹어야즤,,",ko,[],[],[],0,0,1,[],[],https://twitter.com/999comu/status/877156422642839552,False,,0,,,,,,,,[],,,,
876695390791245824,876694324972363776,2017-06-19 15:57:24 ´ëÇÑ¹Î±¹ Ç¥ÁØ½Ã,2017-06-19,15:57:24,+0900,2592428113,heartlikemud,mud the love ville,,&gt;장이&lt; 썼는데 어디 갔냐 장이 무리함.. 토욜 아점 오동통면 저녁 치맥 야식 감바스+맥주 일욜 아점 짜왕매운맛 간식 허니브레드 저녁 컵라면 미쳤네..,ko,[],[],[],0,0,0,[],[],https://twitter.com/heartlikemud/status/876695390791245824,False,,0,,,,,,,,[],,,,
875746766385160192,875746766385160192,2017-06-17 01:07:54 ´ëÇÑ¹Î±¹ Ç¥ÁØ½Ã,2017-06-17,01:07:54,+0900,119919006,buddybro2012,버디형,,짜왕 컵라면에 물도 안 부었는데 스프 넣었다;;; 이걸 어째야하나......ㅠㅠ,ko,[],[],[],0,0,0,[],[],https://twitter.com/buddybro2012/status/875746766385160192,False,,0,,,,,,,,[],,,,
872265808642166784,872265808642166784,2017-06-07 10:35:49 ´ëÇÑ¹Î±¹ Ç¥ÁØ½Ã,2017-06-07,10:35:49,+0900,140429809,wdogbirdw,개새🏳️‍🌈,,집에서 셀프감금 하고싶다 컵라면 먹으면서… 짜왕이 좋겠어,ko,[],[],[],0,1,1,[],[],https://twitter.com/wDogBirdw/status/872265808642166784,False,,0,,,,,,,,[],,,,
866225129415622656,866158842928783360,2017-05-21 18:32:19 ´ëÇÑ¹Î±¹ Ç¥ÁØ½Ã,2017-05-21,18:32:19,+0900,333990044,woomulx2,우물우물,,@wwooang 오자마자 예정에 없던 매운짜왕 컵라면 2개에 볶음너구리컵을... 이것저것 1개당 천원행사 중이네,ko,[],[],[],0,0,0,[],[],https://twitter.com/woomulx2/status/866225129415622656,False,,0,,,,,,,,"[{'screen_name': 'wwooang', 'name': '우앙', 'id': '66256772'}]",,,,
861186189138608128,861186189138608128,2017-05-07 20:49:22 ´ëÇÑ¹Î±¹ Ç¥ÁØ½Ã,2017-05-07,20:49:22,+0900,1035689726,dbwls5677,🧊❄️🥶규,,짜왕 매운맛 컵라면 있는데 먹고싶은데..눈치보인다..,ko,[],[],[],2,0,0,[],[],https://twitter.com/dbwls5677/status/861186189138608128,False,,0,,,,,,,,[],,,,
859376829156610048,859376829156610048,2017-05-02 20:59:37 ´ëÇÑ¹Î±¹ Ç¥ÁØ½Ã,2017-05-02,20:59:37,+0900,325590788,thdn818,소렌,,아아아아아!!! 전화통화하면서 짜왕 컵라면 먹을려다가 실수로 스프먼저뿌리고 그 위에다가 온수를 부어버렸네...!!! 아오!! 이게 뭔..!!  https://t.co/DqIBgrusW8,ko,[],[],['https://pbs.twimg.com/media/C-0eo6cVoAA53VR.jpg'],1,0,0,[],[],https://twitter.com/thdn818/status/859376829156610048,False,,1,https://pbs.twimg.com/media/C-0eo6cVoAA53VR.jpg,,,,,,,[],,,,
851029395917516806,851029395917516806,2017-04-09 20:09:54 ´ëÇÑ¹Î±¹ Ç¥ÁØ½Ã,2017-04-09,20:09:54,+0900,724030609,chollang_0221,HIP 랑무~♡,,짜왕컵라면 이ㅛ는데 그거랑 술마실깡? 음 좋은생각이군,ko,[],[],[],0,0,0,[],[],https://twitter.com/chollang_0221/status/851029395917516806,False,,0,,,,,,,,[],,,,
845970444175863809,845970444175863809,2017-03-26 21:07:25 ´ëÇÑ¹Î±¹ Ç¥ÁØ½Ã,2017-03-26,21:07:25,+0900,822165554202976256,____gada,가다,,짜왕샀어!!!! 떨려!!!! 맛있을까?!?!?!? 컵라면!!!,ko,[],[],[],0,0,0,[],[],https://twitter.com/____Gada/status/845970444175863809,False,,0,,,,,,,,[],,,,
845210934318530560,845210934318530560,2017-03-24 18:49:24 ´ëÇÑ¹Î±¹ Ç¥ÁØ½Ã,2017-03-24,18:49:24,+0900,255858892,aras_aran,변방의 아무말러 엔노라스,,갑자기 짜장컵라면 먹고싶어져서 저녁밥ㅇㄹ 짜왕으로 해결 ㅇㅅㅇ)9!!,ko,[],[],[],0,0,0,[],[],https://twitter.com/aras_aran/status/845210934318530560,False,,0,,,,,,,,[],,,,
844700796264493056,844700796264493056,2017-03-23 09:02:18 ´ëÇÑ¹Î±¹ Ç¥ÁØ½Ã,2017-03-23,09:02:18,+0900,160133696,ezmadest,즘,,이 동네에 한국사람이 또 있을 줄이야... 가방 안에 보이는 짜왕 컵라면이 너무 먹음직스러워보인다 ;ㅂ;........ 부럽다...,ko,[],[],[],0,0,0,[],[],https://twitter.com/EzmaDest/status/844700796264493056,False,,0,,,,,,,,[],,,,
836439644912824324,836439644912824324,2017-02-28 13:55:26 ´ëÇÑ¹Î±¹ Ç¥ÁØ½Ã,2017-02-28,13:55:26,+0900,794859707810709506,agu_commu,아구🐟アグ,,아니 쉬벌 도대체 컵라면 짜왕 먹고 있는데 왜 물 붓기도 전에 구멍을 뚫었지? 이해할 수 없음ㅁ이다 나는 이렇게 멍청ㅇ한 거군 구멍이....너무....뚫고 싶어서 그만....,ko,[],[],[],0,0,1,[],[],https://twitter.com/agu_commu/status/836439644912824324,False,,0,,,,,,,,[],,,,
832623819772682241,832623819772682241,2017-02-18 01:12:42 ´ëÇÑ¹Î±¹ Ç¥ÁØ½Ã,2017-02-18,01:12:42,+0900,3459598106,melloww03,🦕용씨🎗,,찬장에는 아마 짜왕이 있고 컵라면ㄴ도 있으며 난 어찌해아하고 어디로가야하오,ko,[],[],[],0,0,0,[],[],https://twitter.com/melloww03/status/832623819772682241,False,,0,,,,,,,,[],,,,
831505724798676995,831505166511726593,2017-02-14 23:09:48 ´ëÇÑ¹Î±¹ Ç¥ÁØ½Ã,2017-02-14,23:09:48,+0900,1623306870,misongli,미송리,,@hibayoun 헉 ㅜㅜㅜㅜㅜ주1회 점심은 꼭 컵라면 묵는데 그거꼭 사먹어보게씁니다 내일은 짜왕먹을라그래떠요ㅠㅠㅠ  ☆감☆사☆합☆니☆다☆,ko,[],[],[],0,0,0,[],[],https://twitter.com/misongli/status/831505724798676995,False,,0,,,,,,,,"[{'screen_name': 'HibaYoun', 'name': 'Hiba youn', 'id': '1470830269380837377'}]",,,,
830313906434248704,830313906434248704,2017-02-11 16:13:56 ´ëÇÑ¹Î±¹ Ç¥ÁØ½Ã,2017-02-11,16:13:56,+0900,2525114809,heathen49,"주변인, 섬🌴",,짜장면집 브레이크 타임이라서 편의점에서 처음으로 짜왕 컵라면을 먹어봤는데 짜다ㅡㅡ;;,ko,[],[],[],0,0,0,[],[],https://twitter.com/Heathen49/status/830313906434248704,False,,0,,,,,,,,[],,,,
816234717901045761,816234717901045761,2017-01-03 19:48:16 ´ëÇÑ¹Î±¹ Ç¥ÁØ½Ã,2017-01-03,19:48:16,+0900,2841421808,antin0mi,꼬왈스키,,아맞다 공군 컵라면보급으로 짜왕나온다는데 사실이냐????,ko,[],[],[],0,0,0,[],[],https://twitter.com/Antin0mi/status/816234717901045761,False,,0,,,,,,,,[],,,,
806890740844371968,806890638897659904,2016-12-09 00:58:38 ´ëÇÑ¹Î±¹ Ç¥ÁØ½Ã,2016-12-09,00:58:38,+0900,134377387,hida_n_marie,H|🐶🎈|💫|🐺🍖|,,@zwei_tausend 짜왕 컵라면 줄까,ko,[],[],[],1,0,0,[],[],https://twitter.com/hida_n_marie/status/806890740844371968,False,,0,,,,,,,,"[{'screen_name': 'zwei_tausend', 'name': '甜花P', 'id': '993337562'}]",,,,
806883142791368704,806878023131664384,2016-12-09 00:28:27 ´ëÇÑ¹Î±¹ Ç¥ÁØ½Ã,2016-12-09,00:28:27,+0900,739719661852319744,qqqq1212sls,에그,,@anytime_1110 근데 사실 집에선 컵라면 먹기가 쪼금 그렇다? 그래서 언제 먹을지 모르겠어... 상자에 쭈구리 하고 있는 불쌍한 짜왕 두마리....,ko,[],[],[],0,0,0,[],[],https://twitter.com/Qqqq1212Sls/status/806883142791368704,False,,0,,,,,,,,[],,,,
806315839414616064,792680519246819328,2016-12-07 10:54:11 ´ëÇÑ¹Î±¹ Ç¥ÁØ½Ã,2016-12-07,10:54:11,+0900,3270986167,iz_domever,화,,40-1. 애인의 기준으론 컵라면 = 간식이다 제일좋아하는 짜왕같은건 두개씩 먹어줘야한다는 주의라 ㅋㅋㅋㅋㅋㅋ 쪼끄매선 냠냠 잘먹는거 너무 귀엽고 사랑스러움,ko,[],[],[],1,0,8,[],[],https://twitter.com/iz_domever/status/806315839414616064,False,,0,,,,,,,,[],,,,
786213326451646464,786213326451646464,2016-10-12 23:33:58 ´ëÇÑ¹Î±¹ Ç¥ÁØ½Ã,2016-10-12,23:33:58,+0900,2188020655,kimshiro_end,김시로,,짜왕 샀는데.컵라면 노맛인듯 물 넘 적게해사서 그런가봐 내일 제대러 먹어봐야지,ko,[],[],[],0,0,0,[],[],https://twitter.com/kimshiro_end/status/786213326451646464,False,,0,,,,,,,,[],,,,
783800626970976256,783800626970976256,2016-10-06 07:46:46 ´ëÇÑ¹Î±¹ Ç¥ÁØ½Ã,2016-10-06,07:46:46,+0900,753484676468051968,jelly_ml,졜리(슙),,"고래 셩호빈 이벵석에와서 내가 여기 왕이 어쩌고^'-:,@,! 하길래 응?뭐지.. 했는데 품속에서 짜왕!!! 하고 꺼내면서 짜왕컵라면주는데 받은분 넘나부러워서 현실 우와.. 나왔다",ko,[],[],[],1,0,0,[],[],https://twitter.com/JELLY_ML/status/783800626970976256,False,,0,,,,,,,,[],,,,
783677033863745536,783621116472365057,2016-10-05 23:35:39 ´ëÇÑ¹Î±¹ Ç¥ÁØ½Ã,2016-10-05,23:35:39,+0900,765943782558797824,baconin_poe,Bee__Dawn,,"1. 셩호빈 라면 주는 장면 : 안녕하세요 백호빈입니다. 제가 이 나라 왕인데, 왕비 될 생각있니? 오늘은 짜왕이야!! (짜왕컵라면 드림) ㅋㅋㅋㅋㅋㅋㅋㅋㅋㅋㅋ짜왕ㅋㅋㅋㅋㅋㅋㅋㅋㅋㅋㅋㅋㅋㅋㅋㅋㅋㅋㅋㅋㅋㅋㅋㅋㅋㅋㅋㅋㅋㅋㅋㅋㅋㅋㅋㅋ",ko,[],[],[],0,0,0,[],[],https://twitter.com/BaconIN_POE/status/783677033863745536,False,,0,,,,,,,,[],,,,
773025830704336896,773025830704336896,2016-09-06 14:11:34 ´ëÇÑ¹Î±¹ Ç¥ÁØ½Ã,2016-09-06,14:11:34,+0900,2873148426,xnrus,xnrus,,컵라면 뭐먹을가요 진짬뽕 짜왕 치즈불닭 스낵면,ko,[],[],[],1,0,0,[],[],https://twitter.com/xnrus/status/773025830704336896,False,,0,,,,,,,,[],,,,
768022641173073920,768016302103367680,2016-08-23 18:50:41 ´ëÇÑ¹Î±¹ Ç¥ÁØ½Ã,2016-08-23,18:50:41,+0900,175000683,balmy6,O_New,,"@h2030 컵라면,먹고싶네요 짜왕이랑 비빔면이랑ㅠㅠㅠㅠㅠㅠㅠㅠ",ko,[],[],[],0,0,0,[],[],https://twitter.com/balmy6/status/768022641173073920,False,,0,,,,,,,,"[{'screen_name': 'h2030', 'name': '달달한 🙌🏻', 'id': '166581285'}]",,,,
760108762149429249,760108762149429249,2016-08-01 22:43:45 ´ëÇÑ¹Î±¹ Ç¥ÁØ½Ã,2016-08-01,22:43:45,+0900,1635744978,cocaasodaa,후카 컴플 놓침,,아 ㅁㅊ 짜왕 컵라면 왤케 맛이 없지 너무 오래 끓인건가 내가;;,ko,[],[],[],0,0,0,[],[],https://twitter.com/Cocaasodaa/status/760108762149429249,False,,0,,,,,,,,[],,,,
759386577130758144,759385075402182657,2016-07-30 22:54:03 ´ëÇÑ¹Î±¹ Ç¥ÁØ½Ã,2016-07-30,22:54:03,+0900,550136785,vile_bae,바일님이 계이함 메인트 참고,,@hanitga 짜왕 컵라면 살껄 후회..,ko,[],[],[],0,0,0,[],[],https://twitter.com/Vile_Bae/status/759386577130758144,False,,0,,,,,,,,"[{'screen_name': 'hanitga', 'name': 'NOBOSKI', 'id': '3270086006'}]",,,,
742705562853376001,742705562853376001,2016-06-14 22:09:39 ´ëÇÑ¹Î±¹ Ç¥ÁØ½Ã,2016-06-14,22:09:39,+0900,2200903548,rainy_clare,클레어,,저녁밥은 짜왕컵라면이랑 밥버거,ko,[],[],[],0,0,0,[],[],https://twitter.com/rainy_clare/status/742705562853376001,False,,0,,,,,,,,[],,,,
735395338354184193,735395338354184193,2016-05-25 18:01:26 ´ëÇÑ¹Î±¹ Ç¥ÁØ½Ã,2016-05-25,18:01:26,+0900,2473938241,tia_woo_,티아🗿,,홍콩인 친구가 한인마트 데려다줬다 기분이 묘했다... 김치면 컵라면과 짜왕을 샀다 넘 좋아서 날뛰었다 내일 점심 김치면 ㅠㅠㅠ ㅠㅠ ㅠㅠㅠㅠ흐으윽 넘 죠아,ko,[],[],[],0,0,0,[],[],https://twitter.com/Tia_WOO_/status/735395338354184193,False,,0,,,,,,,,[],,,,
735292253736837120,735292253736837120,2016-05-25 11:11:49 ´ëÇÑ¹Î±¹ Ç¥ÁØ½Ã,2016-05-25,11:11:49,+0900,746390317,seouljungle,-Sword-,,짜왕(컵라면 버전)이 그렇게 엄청날정도로 맛있다 느낀적은 없었는데 진짜 간만에 짜파게티 컵라면을 먹으니 엄청나게 밍밍하다...짜왕이 맛있는게 맞구나;.;,ko,[],[],[],1,0,0,[],[],https://twitter.com/seouljungle/status/735292253736837120,False,,0,,,,,,,,[],,,,
734328342879473664,734328342879473664,2016-05-22 19:21:34 ´ëÇÑ¹Î±¹ Ç¥ÁØ½Ã,2016-05-22,19:21:34,+0900,295123232,barb_ara_7,밥🍙🍚🍘,,나 컵라면-&gt;초코도넛-&gt;소세지빵 먹었는데 짜왕이 먹고싶어(망함,ko,[],[],[],0,0,0,[],[],https://twitter.com/barb_ara_7/status/734328342879473664,False,,0,,,,,,,,[],,,,
731073356871524352,731073356871524352,2016-05-13 19:47:25 ´ëÇÑ¹Î±¹ Ç¥ÁØ½Ã,2016-05-13,19:47:25,+0900,1562792108,rangzahyonga,믜오 4월십이일 👉🏻rangza,,쫄비빔면이랑 짜왕 컵라면이랑 진짬뽕 컵라면 사이에서 고민중,ko,[],[],[],0,0,0,[],[],https://twitter.com/rangzahyonga/status/731073356871524352,False,,0,,,,,,,,[],,,,
720111208041422848,720111208041422848,2016-04-13 13:47:45 ´ëÇÑ¹Î±¹ Ç¥ÁØ½Ã,2016-04-13,13:47:45,+0900,1725295158,gayabi1004,게임빌런반커뮤,,나: (말린망고처먹으며) 애들아 이거 300칼로리래.. 친구: 우리 점심에 먹은것만 1000칼로리야 나: 아냐 그걸 4사람으로 나누면 250 친구: 야!! 짜왕이 하나에 600칼로리야!! 나: ㅋㅌ우리 4개 먹었잖앜ㅋㅋ 딴친구: 거기에 컵라면 3개😇🔫,ko,[],[],[],0,0,0,[],[],https://twitter.com/gayabi1004/status/720111208041422848,False,,0,,,,,,,,[],,,,
719173364816809984,719173364816809984,2016-04-10 23:41:06 ´ëÇÑ¹Î±¹ Ç¥ÁØ½Ã,2016-04-10,23:41:06,+0900,1612852585,myo1193,마요,,"짜왕 한 봉지, 진짬뽕 두 봉지, 갓짬뽕 한 봉지, 짜파게티 한 봉지, 열무비빔면 두 개, 불닭 컵라면 두개 왜 라면은 없는건데",ko,[],[],[],1,0,0,[],[],https://twitter.com/MYo1193/status/719173364816809984,False,,0,,,,,,,,[],,,,
716266897105268737,716266277015171072,2016-04-02 23:11:50 ´ëÇÑ¹Î±¹ Ç¥ÁØ½Ã,2016-04-02,23:11:50,+0900,579674286,vierewon,layla,,예전에 팔던 양이 적은 비빔면으로 두 개를끓여먹고 싶었는데 20% 양이 늘었다는 비빔면 밖에 없어서 그거 하나랑 짜왕 컵라면을 사서 오자마자 클리어..... 입가심으로 빙빙바 먹어야지 후후.....,ko,[],[],[],0,0,0,[],[],https://twitter.com/vierewon/status/716266897105268737,False,,0,,,,,,,,[],,,,
715283264873697280,715283264873697280,2016-03-31 06:03:14 ´ëÇÑ¹Î±¹ Ç¥ÁØ½Ã,2016-03-31,06:03:14,+0900,349025656,momokzi,오늘나뭐먹었니(9월 유산소 깔짝중),,"3/29 60.8 아침: 야채메밀소바, 핫앤핫소시지2줄, 커피1잔 점심: 불닭볶음면 1컵라면, 짜왕 5입, 계란,박카스1병,커피, 오렌지2조각 저녁: 고기빠오즈,부추지짐만두,칭따오500,짜장밥 야식: 라떼1잔  https://t.co/SZsTHh4gtG",ko,[],[],"['https://pbs.twimg.com/media/Ce0yTD3UEAA78Sc.jpg', 'https://pbs.twimg.com/media/Ce0yTD4UIAEplSb.jpg', 'https://pbs.twimg.com/media/Ce0yTD4UkAEizkP.jpg', 'https://pbs.twimg.com/media/Ce0yTNHUEAEx2tr.jpg']",1,1,1,[],[],https://twitter.com/Momokzi/status/715283264873697280,False,,1,https://pbs.twimg.com/media/Ce0yTD3UEAA78Sc.jpg,,,,,,,[],,,,
715014213563850752,715009871213514752,2016-03-30 12:14:07 ´ëÇÑ¹Î±¹ Ç¥ÁØ½Ã,2016-03-30,12:14:07,+0900,516869809,tenkei121,천경💮テンケイ,,@homil_20 @matsuki_ringo 아 감자면 맛있지! 감자가 들어간것들은 뭔가 쫄깃해서 맛있어..ㅠㅠ 짜장도 종류 많이 나왔는데 역시 제일 괜찮은건 짜왕이더라.. 근데 봉지라면으로 해서 먹어야 맛있긔 컵라면 짜왕은 좀 별로인듯,ko,"[{'screen_name': 'matsuki_ringo', 'name': 'ringo', 'id': '1439156452036268036'}]",[],[],0,0,0,[],[],https://twitter.com/tenkei121/status/715014213563850752,False,,0,,,,,,,,[],,,,
708360411536424960,708360411536424960,2016-03-12 03:34:17 ´ëÇÑ¹Î±¹ Ç¥ÁØ½Ã,2016-03-12,03:34:17,+0900,133421105,gauze_62045,백수정🥊🏊‍♀️🌿,,집에 진짜 각종 라면만 한 60개 있는데.. 짜왕 짜파게티 신라면 진라면 진짬뽕 바지락칼국수 나가사키짬뽕 생생우동 불닭볶음면.. 이 중에 컵라면이 한 개도 없다니 말이 되냐...,ko,[],[],[],2,2,2,[],[],https://twitter.com/gauze_62045/status/708360411536424960,False,,0,,,,,,,,[],,,,
702463324739350528,702461317379018752,2016-02-24 21:01:22 ´ëÇÑ¹Î±¹ Ç¥ÁØ½Ã,2016-02-24,21:01:22,+0900,4882101872,enhagondu,은하,,@__Daru3u 짜~왕 짜왕ㅇ마시써용!!!! 컵라면중에 참깨라면 다음ㅁ으로 좋아한답니다♡ (다루님:어쩌라고 므허허 맛ㅅ있게드세요!!!♡♡ 😁,ko,[],[],[],0,0,0,[],[],https://twitter.com/ENHAGONDU/status/702463324739350528,False,,0,,,,,,,,[],,,,
702345380885721090,702344235031244800,2016-02-24 13:12:42 ´ëÇÑ¹Î±¹ Ç¥ÁØ½Ã,2016-02-24,13:12:42,+0900,194445843,exceeding_pain,미쓰리,,@tadaGom 짜왕 컵라면 사둔거있는데..,ko,[],[],[],0,0,0,[],[],https://twitter.com/exceeding_pain/status/702345380885721090,False,,0,,,,,,,,[],,,,
700201292665212928,700200521479507968,2016-02-18 15:12:51 ´ëÇÑ¹Î±¹ Ç¥ÁØ½Ã,2016-02-18,15:12:51,+0900,220021143,hont_k,クウキ@明日も課題死,,@rainloop_kr 선물로 내 비상식량 졸라 챙겨가는데 이정도면 문 열어줌? 대략 비빔면 7개정도에 오뚜기 3분짜장 두갱가 세개 컵라멘 1개 미니컵라면 2개 짜왕1개 정도?,ko,[],[],[],0,0,0,[],[],https://twitter.com/HONT_K/status/700201292665212928,False,,0,,,,,,,,[],,,,
698541316301393920,698541316301393920,2016-02-14 01:16:42 ´ëÇÑ¹Î±¹ Ç¥ÁØ½Ã,2016-02-14,01:16:42,+0900,4881363273,ts_jinhwan,김진서,,짜왕 컵라면 먹을까 신라면 컵라면 먹을까 육개장 컵라면 먹을까~,ko,[],[],[],1,0,0,[],[],https://twitter.com/TS_Jinhwan/status/698541316301393920,False,,0,,,,,,,,[],,,,
697653280361480192,697649821432180736,2016-02-11 14:27:58 ´ëÇÑ¹Î±¹ Ç¥ÁØ½Ã,2016-02-11,14:27:58,+0900,2279001068,kanon_tojyo,잠시 로그아웃,,@iViOBhbgG1ABJwQ 응. .....사실 처음해봐.... 그냥 남을 불닭소스가 있길래.. 편의점컵라면 불닭이랑 짜왕? 섞어먹으면 맛있다고 한게 생각나서 짜왕에 소스 너어봄..ㅋㅋㅌㅋㅋ..,ko,[],[],[],1,0,0,[],[],https://twitter.com/kanon_tojyo/status/697653280361480192,False,,0,,,,,,,,[],,,,
696456769057349632,696456769057349632,2016-02-08 07:13:27 ´ëÇÑ¹Î±¹ Ç¥ÁØ½Ã,2016-02-08,07:13:27,+0900,125644441,iluca3844,李廷 玄/いでいはるか(INFP),,"짜왕이 진짜징과 진짬뽕 사이를 질투하고 있고, 진짬뽕이 맛짬뽕과 짜왕 사이를 질투하면서 맛짬뽕과 맞서고 있다. -컵라면왕국, 이데이 하루카 특파원  https://t.co/jQacT3viWF",ko,[],[],['https://pbs.twimg.com/media/CapPvBBUUAAXTIs.jpg'],0,1,0,[],[],https://twitter.com/iLuca3844/status/696456769057349632,False,,1,https://pbs.twimg.com/media/CapPvBBUUAAXTIs.jpg,,,,,,,[],,,,
690840962898112514,690823357671968768,2016-01-23 19:18:15 ´ëÇÑ¹Î±¹ Ç¥ÁØ½Ã,2016-01-23,19:18:15,+0900,183881954,snowsager,쭈굴이 에린시아드,,@uejin1234 내 기준 최고의 라면 3종은 짜왕 삼양라면 스낵면ㅋㅋㅋㅋㅋㅋㅋ컵라면도맛있어 이것들은,ko,[],[],[],0,0,0,[],[],https://twitter.com/snowsager/status/690840962898112514,False,,0,,,,,,,,[],,,,
685493246168973312,685493246168973312,2016-01-09 01:08:20 ´ëÇÑ¹Î±¹ Ç¥ÁØ½Ã,2016-01-09,01:08:20,+0900,3246848515,_sometimesmoon,가끔달,,방에 짜왕 컵라면이 하나 있는게 생각났어 잽싸게 들어가야겠다 더 늦기 전에 먹어야지 살 안 찌지,ko,[],[],[],0,1,0,[],[],https://twitter.com/_sometimesmoon/status/685493246168973312,False,,0,,,,,,,,[],,,,
