id,conversation_id,created_at,date,time,timezone,user_id,username,name,place,tweet,language,mentions,urls,photos,replies_count,retweets_count,likes_count,hashtags,cashtags,link,retweet,quote_url,video,thumbnail,near,geo,source,user_rt_id,user_rt,retweet_id,reply_to,retweet_date,translate,trans_src,trans_dest
1476493186457808898,1476493186457808898,2021-12-30 18:59:42 ´ëÇÑ¹Î±¹ Ç¥ÁØ½Ã,2021-12-30,18:59:42,+0900,1669897334,tigeryk_,호랑이같냥,,개인적으로 좋아하는 컵라면은  육개장작은컵 / 새우탕 일단 부동의 투탑 ㅋㅋ  이거 두개는 다른 봉지라면에선 절대로 비슷한 맛이 존재하지 않음,ko,[],[],[],0,0,0,[],[],https://twitter.com/TigerYK_/status/1476493186457808898,False,,0,,,,,,,,[],,,,
1473933028573736960,1473933028573736960,2021-12-23 17:26:33 ´ëÇÑ¹Î±¹ Ç¥ÁØ½Ã,2021-12-23,17:26:33,+0900,1443596623221719044,nxx_rose_lover,₍ᐢ..ᐢ₎ 강사막🐾,,오늘의저녁 새우탕(작은컵) 이틀동안 먹는거 깜빡해서 오늘 먹기로 히히,ko,[],[],[],0,0,1,[],[],https://twitter.com/nxx_rose_lover/status/1473933028573736960,False,,0,,,,,,,,[],,,,
1462427950092066820,1462401907016699911,2021-11-21 23:29:28 ´ëÇÑ¹Î±¹ Ç¥ÁØ½Ã,2021-11-21,23:29:28,+0900,1267565081862246400,rosavollmond,Rosa Vollmond🌰(로자 폴몬트),,"@minyoon_93x @whereismyangel_ 네 여기도 일정 금액 넘어가면 배송비 무료라서 어차피 한번살때 많이 사긴 하는데 암튼 ㅠㅠ 고록나 터지고 물건도 잘 안들어와서 그냥 포기하고 살아요 ㅠㅠ 스위스 마트에서 신라면 봉지라면이랑 신라면 큰컵, 너구리, 새우탕 작은컵, 튀김우동 컵라면 파는 것만으로도 만족 ㅠㅠ",ko,[],[],[],1,0,2,[],[],https://twitter.com/RosaVollmond/status/1462427950092066820,False,,0,,,,,,,,"[{'screen_name': 'minyoon_93x', 'name': '민윤 💫🐱💜⚘🐈\u200d⬛', 'id': '1353031636334432256'}, {'screen_name': 'whereismyangel_', 'name': '귤', 'id': '1354830472786808836'}]",,,,
1462259315671142411,1462259315671142411,2021-11-21 12:19:22 ´ëÇÑ¹Î±¹ Ç¥ÁØ½Ã,2021-11-21,12:19:22,+0900,1369653857324650496,wallabybuzz,버즈의 왈라비 육아일기,,나 컵라면 살때마다 등산하고 배 엄청 고프다면서 새우탕면 작은컵 먹는 경후니 생각나서 열받아,ko,[],[],[],0,0,16,[],[],https://twitter.com/WallabyBuzz/status/1462259315671142411,False,,0,,,,,,,,[],,,,
1460453252860768256,1460453252860768256,2021-11-16 12:42:44 ´ëÇÑ¹Î±¹ Ç¥ÁØ½Ã,2021-11-16,12:42:44,+0900,2711380836,ninetail0529,🌱비야,,"# 탐라에서_비슷한_트친_찾기 MBTI : ENTP 생일 : 5.29 별자리 : 쌍둥이자리 혈액형 : O 키 : 잘 모름,, 형제자매 : 동생있음 최애 : 많음 최애 음식 : 많음 최애 라면 : 봉지는 진라면 컵은 새우탕 좋아하는 색 : 빨간색? 사는지역 : 수도권인데 아닌것같은곳",ko,[],[],[],0,0,1,[],[],https://twitter.com/ninetail0529/status/1460453252860768256,False,,0,,,,,,,,[],,,,
1457557021994094595,1457557021994094595,2021-11-08 12:54:08 ´ëÇÑ¹Î±¹ Ç¥ÁØ½Ã,2021-11-08,12:54:08,+0900,1358474587420323851,want_to_gohouse,그냥 웃겨,,"오늘 점심은 새우탕 작은컵과 카레가 되시겠습니다,,",ko,[],[],[],0,0,1,[],[],https://twitter.com/want_to_gohouse/status/1457557021994094595,False,,0,,,,,,,,[],,,,
1450701989566824448,1450701989566824448,2021-10-20 14:54:41 ´ëÇÑ¹Î±¹ Ç¥ÁØ½Ã,2021-10-20,14:54:41,+0900,962044829835276294,bellla_kim,💞Lasting love💕 is the eternity 🍬key🗝,,"새우탕 작은컵에 김밥 네조각 있는데 그거나 먹을까,,,, 배고파서 배게 뜯어먹는중",ko,[],[],[],3,0,3,[],[],https://twitter.com/BELLLA_KIM/status/1450701989566824448,False,,0,,,,,,,,[],,,,
1449038053318672395,1449038053318672395,2021-10-16 00:42:48 ´ëÇÑ¹Î±¹ Ç¥ÁØ½Ã,2021-10-16,00:42:48,+0900,1447865125923221510,ttotto20211012,또또!!,,새우탕면 20+n년 살면서 처음 먹어봤는데 진짜 욜라 맛있다 육개장 작은 컵과 어깨 나란히 할 수 있을 것 같음 내 최애 신라면 건면이었는데 조만간 바뀔 듯하다^^ 참고로 작은 컵이 더 맛있음!🤤,ko,[],[],[],0,0,0,[],[],https://twitter.com/ttotto20211012/status/1449038053318672395,False,,0,,,,,,,,[],,,,
1449035539131224064,1449035539131224064,2021-10-16 00:32:48 ´ëÇÑ¹Î±¹ Ç¥ÁØ½Ã,2021-10-16,00:32:48,+0900,831824011608743937,bunny_driver,Joupy🍺,,새우탕 컵면은 제일 작은 사이즈가 제일 맛있아,ko,[],[],[],0,0,1,[],[],https://twitter.com/bunny_driver/status/1449035539131224064,False,,0,,,,,,,,[],,,,
1449027874229391365,1449027874229391365,2021-10-16 00:02:21 ´ëÇÑ¹Î±¹ Ç¥ÁØ½Ã,2021-10-16,00:02:21,+0900,1405535798972219414,moooning_,무닝,,님들 제가 본계에서 이런 말 잘 안하는데 제발 새우탕 &gt;&gt;작은 컵&lt;&lt; 먹어봐요 o⊦㉡ι 너무 맛있어서 안 먹는 사람은 없을거야 진짜 줜나 맛있어......... 국물이 미슐랭 뺨침.,ko,[],[],[],1,0,3,[],[],https://twitter.com/moooning_/status/1449027874229391365,False,,0,,,,,,,,[],,,,
1445049402712735750,1443940700639293442,2021-10-05 00:33:19 ´ëÇÑ¹Î±¹ Ç¥ÁØ½Ã,2021-10-05,00:33:19,+0900,1443940173272674320,moss595959,이정도면 걍 우진이임,,난 새우탕 컵 먹어,ko,[],[],[],1,0,1,[],[],https://twitter.com/moss595959/status/1445049402712735750,False,,0,,,,,,,,[],,,,
1438152562268512261,1438152562268512261,2021-09-15 23:47:45 ´ëÇÑ¹Î±¹ Ç¥ÁØ½Ã,2021-09-15,23:47:45,+0900,1405819927030747139,ukkayoutoo,우까!,,내게 남은 식량: 연어3점/컵누룽지/스팸삼각김밥/썩은것으로 추정되는 미역국/새우탕면,ko,[],[],[],0,0,5,[],[],https://twitter.com/ukkayoutoo/status/1438152562268512261,False,,0,,,,,,,,[],,,,
1436859567812620296,1436859567812620296,2021-09-12 10:09:51 ´ëÇÑ¹Î±¹ Ç¥ÁØ½Ã,2021-09-12,10:09:51,+0900,1410486851329159171,pastel_aya_1227,🍼마루야마 우유🌸🐰,,아 새우탕라면 먹고싶어 근데 그건 작은컵이 더 맛있는데 난 배고파서 큰걸 먹어야해 근데 머리를 주말동안 안감았어 머리가 떡졌네? 어떡하지 먹고시푼데🦐🦐🦐🦐,ko,[],[],[],0,0,0,[],[],https://twitter.com/Pastel_AYA_1227/status/1436859567812620296,False,,0,,,,,,,,[],,,,
1434196324191117315,1434196324191117315,2021-09-05 01:47:04 ´ëÇÑ¹Î±¹ Ç¥ÁØ½Ã,2021-09-05,01:47:04,+0900,884296203868844033,erica_for_me,예비 고1,,오늘 먹은 것을 고하겠습니다 초코케이크 거의 반 개 새우탕 컵라면 큰 컵 사과 반의 3/4 쪽 쿠크다스 하나 물 얼려먹는 망고쥬스 하나,ko,[],[],[],1,0,1,[],[],https://twitter.com/Erica_for_me/status/1434196324191117315,False,,0,,,,,,,,[],,,,
1433476748973252616,1433476748973252616,2021-09-03 02:07:44 ´ëÇÑ¹Î±¹ Ç¥ÁØ½Ã,2021-09-03,02:07:44,+0900,1340878655082283008,w_an_na_w,도스토예프스키,,내가 지금 새우탕 작은 컵을 먹고싳다면?,ko,[],[],[],0,0,1,[],[],https://twitter.com/w_an_na_w/status/1433476748973252616,False,,0,,,,,,,,[],,,,
1431239940101206019,1431238596250390535,2021-08-27 21:59:27 ´ëÇÑ¹Î±¹ Ç¥ÁØ½Ã,2021-08-27,21:59:27,+0900,44833165,vanilla0,바닐라🍦,,"@nickf_plants 2+1하길래 오짬, 새우탕면, 튀김우동 작은컵 샀어요 ㅎㅎ",ko,[],[],[],1,0,1,[],[],https://twitter.com/vanilla0/status/1431239940101206019,False,,0,,,,,,,,"[{'screen_name': 'nickf_plants', 'name': '에딕', 'id': '1127133543572762624'}]",,,,
1430915266041442306,1430915266041442306,2021-08-27 00:29:19 ´ëÇÑ¹Î±¹ Ç¥ÁØ½Ã,2021-08-27,00:29:19,+0900,1292470429320323072,sunwoos_wife_,순애플,,나진짜 새우탕면작은컵하나만때리면안돼? 안된다고한사람은아무도없긴한데 안되냐고 ㅅㅂ,ko,[],[],[],0,0,0,[],[],https://twitter.com/Sunwoos_wife_/status/1430915266041442306,False,,0,,,,,,,,[],,,,
1430558238815133697,1430558238815133697,2021-08-26 00:50:37 ´ëÇÑ¹Î±¹ Ç¥ÁØ½Ã,2021-08-26,00:50:37,+0900,294954776,loseurself2dnce,리치,,내가좋아하는큽라면순위  1등 새우탕면 큰컵 2등 육개장작은사발 3등 도시락,ko,[],[],[],1,1,3,[],[],https://twitter.com/loseurself2dnce/status/1430558238815133697,False,,0,,,,,,,,[],,,,
1427917279723851779,1427917279723851779,2021-08-18 17:56:23 ´ëÇÑ¹Î±¹ Ç¥ÁØ½Ã,2021-08-18,17:56:23,+0900,125042881,fiomama,🍄FioMama🍄(25/300),,새우탕면 미니컵 정도로 생각했던 주인공이 큰사발 비주얼로 나와버린 코믹스(체감),ko,[],[],[],0,0,0,[],[],https://twitter.com/fiomama/status/1427917279723851779,False,,0,,,,,,,,[],,,,
1427870344270934016,1427654755531198468,2021-08-18 14:49:53 ´ëÇÑ¹Î±¹ Ç¥ÁØ½Ã,2021-08-18,14:49:53,+0900,1376296926723772416,xer0jcmbmorujjf,Mr.Kang,,@XWnMClZE5mAEbwG 1.참깨라면 2.오징어짬뽕 3.맛있는라면 4.열라면 5.너구리 6.틈새라면 7.튀김우동 8.진라면 9.간짜장 10.사리곰탕 11.스낵면 12.육개장사발면 13.왕뚜껑 14.팔도비빔면 15.김치사발면 16.불닭볶으면 17.짜파게티 18.새우탕 19.컵누들 20.안성탕면  다 아는 라면들이군요,ko,[],[],[],0,0,0,[],[],https://twitter.com/XEr0JcmBmorUjjF/status/1427870344270934016,False,,0,,,,,,,,"[{'screen_name': 'XWnMClZE5mAEbwG', 'name': '픽', 'id': '1370705498807267331'}]",,,,
1424356470087249921,1424351237579841539,2021-08-08 22:07:00 ´ëÇÑ¹Î±¹ Ç¥ÁØ½Ã,2021-08-08,22:07:00,+0900,3098072090,aurora_2nd,오로라🏳️‍⚧️,,@Moonlit_Selini 음... 그럼 새우탕 작은컵 하나 사구 나머지 다시 보내줄게?,ko,[],[],[],1,0,0,[],[],https://twitter.com/Aurora_2nd/status/1424356470087249921,False,,0,,,,,,,,"[{'screen_name': 'Moonlit_Selini', 'name': '푸른 뇌정의 셀리니: 요정의 노래', 'id': '3192831427'}]",,,,
1424024466951004162,1424021824342433794,2021-08-08 00:07:44 ´ëÇÑ¹Î±¹ Ç¥ÁØ½Ã,2021-08-08,00:07:44,+0900,1346493494362161152,bukuishiwoyibo,왕티엔티엔,,@myheadpangpang 새우탕은 무조건 작은컵이죠,ko,[],[],[],0,0,0,[],[],https://twitter.com/bukuishiwoyibo/status/1424024466951004162,False,,0,,,,,,,,"[{'screen_name': 'myheadpangpang', 'name': '강한남자 강풍면', 'id': '1330164306428702721'}]",,,,
1423579815743950853,1423579815743950853,2021-08-06 18:40:51 ´ëÇÑ¹Î±¹ Ç¥ÁØ½Ã,2021-08-06,18:40:51,+0900,1393246437069049858,blubuter,빠랑나나,,참깨라면 오징어짬뽕 맛있는라면 오라면 너구리 틈새라면 튀김우동 진라면 간짜장 사리곰탕 스낵면 육개장사발면 왕뚜껑 팔도비빔면 김치사발면 불닭볶음면 짜파게티 새우탕 컵누들 안성탕면  https://t.co/ZwaUo8XoTH,ko,[],[],['https://pbs.twimg.com/media/E8GSS57VoAA6m2G.jpg'],0,0,0,[],[],https://twitter.com/blubuter/status/1423579815743950853,False,,1,https://pbs.twimg.com/media/E8GSS57VoAA6m2G.jpg,,,,,,,[],,,,
1423453993997508614,1423453993997508614,2021-08-06 10:20:53 ´ëÇÑ¹Î±¹ Ç¥ÁØ½Ã,2021-08-06,10:20:53,+0900,831696597775888384,cloudsmoodi,(상시커미션진행중)김구름☁️,,1. 참깨라면 2.오징어짬뽕 3. 4. 열라면 5. 너구리 6.  7. 튀김우동 8. 진라면 9. 10. 사리곰탕 11.  12. 육개장사발면 13. 왕뚜껑 14. 팔도비빔면 15. 김치사발면 16. 불닭볶음면 17. 짜파게티 18. 새우탕 19. 컵누들 20. 안성탕면  https://t.co/gIrdoiGnRo,ko,[],[],['https://pbs.twimg.com/media/E8Ef3Q9VEAAFIrr.jpg'],0,0,1,[],[],https://twitter.com/CloudSmoodi/status/1423453993997508614,False,,1,https://pbs.twimg.com/media/E8Ef3Q9VEAAFIrr.jpg,,,,,,,[],,,,
1422195078781489154,1422195078781489154,2021-08-02 22:58:24 ´ëÇÑ¹Î±¹ Ç¥ÁØ½Ã,2021-08-02,22:58:24,+0900,1181461397818839041,myzwoo,메리,,무슨라면? 신라면진라면삼양라면열라면안성탕면틈새라면너구리꼬꼬면참깨라면불닭볶음면김치사발면새우탕사리곰탕육개장컵누들 중에 뭐?,ko,[],[],[],1,0,6,[],[],https://twitter.com/myzwoo/status/1422195078781489154,False,,0,,,,,,,,[],,,,
1413707694817480708,1413704437432872960,2021-07-10 12:52:34 ´ëÇÑ¹Î±¹ Ç¥ÁØ½Ã,2021-07-10,12:52:34,+0900,1411873645945704450,all_of_myluv,차애가없는게단점,,@nudang_1122 아이고.. 새우탕 작은컵 절반도 못 먹고 버림...,ko,[],[],[],0,0,0,[],[],https://twitter.com/all_of_myluv/status/1413707694817480708,False,,0,,,,,,,,[],,,,
1413155608178528263,1413155608178528263,2021-07-09 00:18:46 ´ëÇÑ¹Î±¹ Ç¥ÁØ½Ã,2021-07-09,00:18:46,+0900,1316682558445293568,let_in5,열두시,,ㅋㅋㅋㅋㅋ 새우탕면 컵에 채워서 뒤집으셨냐고  https://t.co/Y4N4Fr3DEQ,ko,[],[],['https://pbs.twimg.com/media/E5yJiO_VIAIiQaQ.jpg'],0,0,1,[],[],https://twitter.com/let_in5/status/1413155608178528263,False,,1,https://pbs.twimg.com/media/E5yJiO_VIAIiQaQ.jpg,,,,,,,[],,,,
1408793080547856388,1408793080547856388,2021-06-26 23:23:39 ´ëÇÑ¹Î±¹ Ç¥ÁØ½Ã,2021-06-26,23:23:39,+0900,107058996,lolkain,모기자/mosco,,그리고 지금 새우탕면 미니컵 하나 까서 먹고 있다,ko,[],[],[],0,0,0,[],[],https://twitter.com/lolkain/status/1408793080547856388,False,,0,,,,,,,,[],,,,
1404270068184207360,1404270068184207360,2021-06-14 11:50:48 ´ëÇÑ¹Î±¹ Ç¥ÁØ½Ã,2021-06-14,11:50:48,+0900,235868843,artemisdalnim,dalmelody,,"큰컵 새우탕면 아님 튀김우동 먹고 싶다... 로손에 비슷한 컵라면 있으면 추천 해주세요,,",ko,[],[],[],1,0,2,[],[],https://twitter.com/artemisdalnim/status/1404270068184207360,False,,0,,,,,,,,[],,,,
1403031132854054912,1403031132854054912,2021-06-11 01:47:43 ´ëÇÑ¹Î±¹ Ç¥ÁØ½Ã,2021-06-11,01:47:43,+0900,1104721139455090689,su2012jin2,귤쨈,,"""야식대체어케안먹는거임"" -다이어트 이틀차에 새우탕면 큰컵에 잡곡밥3/4그릇 계란1알 초코바 하나 첵스초코 두그릇 식혜한컵 먹은 여인이-",ko,[],[],[],1,0,2,[],[],https://twitter.com/su2012jin2/status/1403031132854054912,False,,0,,,,,,,,[],,,,
1402992717009801232,1402991083378798592,2021-06-10 23:15:04 ´ëÇÑ¹Î±¹ Ç¥ÁØ½Ã,2021-06-10,23:15:04,+0900,1400465815455997960,bo_527,삐오🐥,,"@precious_a_tiny 아하..굉장한 메뉴를 추청해주셤ㅅ지만 저희집 찬장엔 지금 컵뉴들이 품절상태;, 새우탕면 하나 있던가",ko,[],[],[],1,0,1,[],[],https://twitter.com/BO_527/status/1402992717009801232,False,,0,,,,,,,,"[{'screen_name': 'precious_a_tiny', 'name': '작고소중한티니(SLOW)', 'id': '1031101396819406848'}]",,,,
1402465011843223556,1402463460487622659,2021-06-09 12:18:10 ´ëÇÑ¹Î±¹ Ç¥ÁØ½Ã,2021-06-09,12:18:10,+0900,1378213926458904580,mn_jjp,보리🍁,,@sacer_67 저 갑자기 새우탕작은컵 땡겨서 그거랑 삼김먹었어요 새우탕은 큰컵보다 작은컵이 최고,ko,[],[],[],1,0,1,[],[],https://twitter.com/mn_jjp/status/1402465011843223556,False,,0,,,,,,,,"[{'screen_name': 'sacer_67', 'name': '세이서🧡💚💜💛', 'id': '1372531150791397380'}]",,,,
1398458230909534213,1398458230909534213,2021-05-29 10:56:39 ´ëÇÑ¹Î±¹ Ç¥ÁØ½Ã,2021-05-29,10:56:39,+0900,1372850413335023617,kora0n_hy,양후,,컵 라면 새우탕으로 짜파게티 스프있다고 새우탕 짜파게티 하는 나 밖에 없을거야 헣ㅎ 허허  https://t.co/CTmutWqTqv,ko,[],[],"['https://pbs.twimg.com/media/E2hSV68VgAU-xx6.jpg', 'https://pbs.twimg.com/media/E2hSV68UcAAK0ng.jpg']",2,1,5,[],[],https://twitter.com/Kora0n_HY/status/1398458230909534213,False,,1,https://pbs.twimg.com/media/E2hSV68VgAU-xx6.jpg,,,,,,,[],,,,
1396329592525254657,1396329592525254657,2021-05-23 13:58:12 ´ëÇÑ¹Î±¹ Ç¥ÁØ½Ã,2021-05-23,13:58:12,+0900,1378339252501499908,_tpyung_,이태평,,라면볶음밥 해봅시다!(새우탕 작은컵)  https://t.co/i1sOew7iC5,ko,[],[],"['https://pbs.twimg.com/media/E2DCVbNVUAwHD0I.jpg', 'https://pbs.twimg.com/media/E2DCWCCUUAkgBux.jpg', 'https://pbs.twimg.com/media/E2DCWniUcAEWRpn.jpg', 'https://pbs.twimg.com/media/E2DCXPtVoAIyhj0.jpg']",1,0,5,[],[],https://twitter.com/_Tpyung_/status/1396329592525254657,False,,1,https://pbs.twimg.com/media/E2DCVbNVUAwHD0I.jpg,,,,,,,[],,,,
1396032959774302210,1396032457732890626,2021-05-22 18:19:29 ´ëÇÑ¹Î±¹ Ç¥ÁØ½Ã,2021-05-22,18:19:29,+0900,1251547685531705345,trotmikan,또롯귱🥕🦕,,@heejaeone_1 하긴 우리애가 새우탕 작은컵 하나로 되겄음까,ko,[],[],[],0,0,1,[],[],https://twitter.com/trotmikan/status/1396032959774302210,False,,0,,,,,,,,"[{'screen_name': 'heejaeone_1', 'name': '희동이🥕', 'id': '1221650744278802432'}]",,,,
1391912410726821888,1391912410726821888,2021-05-11 09:25:53 ´ëÇÑ¹Î±¹ Ç¥ÁØ½Ã,2021-05-11,09:25:53,+0900,1409300318,wisemanu,WiseManU😸🐶,,"‘라면발은 소화가 느리니 아이들에겐 불 정도로 익혀주자!’ ‘그리고 고딩시절 을지로 대림상가에 위치한 전기,전자,통신학원을 방과 후 다니며 6개월 다니며 수료를 했었는데 상가 안의 매점. 600원 이던가? 새우탕 큰컵에 양은냄비로 끓인 물을 담아주고 왕딱지만한 단무지 몇 개를 받아 계단에 앉아’  https://t.co/CHxhjLmL2f",ko,[],[],['https://pbs.twimg.com/media/E1EQ9KgUYAMEkiC.jpg'],1,0,0,[],[],https://twitter.com/WiseManU/status/1391912410726821888,False,https://twitter.com/OhmyNews_Korea/status/1391893225384943616,1,https://pbs.twimg.com/media/E1EQ9KgUYAMEkiC.jpg,,,,,,,[],,,,
1389938709886226433,1389938709886226433,2021-05-05 22:43:06 ´ëÇÑ¹Î±¹ Ç¥ÁØ½Ã,2021-05-05,22:43:06,+0900,455610276,sm070221,탐닉,,오늘은 버거킹❤ 와퍼 1+1 3개해서 6개에 콜라 큰걸루 2개 썬데이초코아이스크림에 감튀도 1+1해서 3개해서 6개 해와서 먹는데 감튀가 모잘라서 3개 더 구입해서 6개 사온거까지 맛있게 먹고 집에 와서 새우탕큰컵1개 작은컵1개에 누룽지에 진미채랑 먹고 아이스카페라떼 벤티사이즈로 마무리❤👍👍👍  https://t.co/DveavvepAT,ko,[],[],"['https://pbs.twimg.com/media/E0oN4VuUcAYryt-.jpg', 'https://pbs.twimg.com/media/E0oN4pUVgAggdeL.jpg', 'https://pbs.twimg.com/media/E0oN49SVgAgOltV.jpg']",0,6,5,[],[],https://twitter.com/sm070221/status/1389938709886226433,False,,1,https://pbs.twimg.com/media/E0oN4VuUcAYryt-.jpg,,,,,,,[],,,,
1389261087795662853,1389253701349478401,2021-05-04 01:50:29 ´ëÇÑ¹Î±¹ Ç¥ÁØ½Ã,2021-05-04,01:50:29,+0900,938045786599784448,soo_dang_,수뎅♈,,@910P_HUZ ㅇㅈㅇㅈ~ 만병통치약 새우탕 큰컵,ko,[],[],[],0,0,0,[],[],https://twitter.com/Soo_DANG_/status/1389261087795662853,False,,0,,,,,,,,"[{'screen_name': '910P_HUZ', 'name': '💜HUZ🐲 Vtuber', 'id': '1348044720031756288'}]",,,,
1387943164749615106,1387943164749615106,2021-04-30 10:33:31 ´ëÇÑ¹Î±¹ Ç¥ÁØ½Ã,2021-04-30,10:33:31,+0900,805377180880408577,kimsye_rz,송킴셰,,왕뚜껑...맛잇지....... 요새 저애 마이붐은 새우탕 작은컵이지만요,ko,[],[],[],0,0,0,[],[],https://twitter.com/kimsye_RZ/status/1387943164749615106,False,,0,,,,,,,,[],,,,
1385156749984862211,1385156749984862211,2021-04-22 18:01:18 ´ëÇÑ¹Î±¹ Ç¥ÁØ½Ã,2021-04-22,18:01:18,+0900,1334419043806138368,uuuuucrs,(우)유,,저녁 추천 받음 아침은 피검사 때문에 금식했고 점심은 새우탕면 작은 컵 먹음,ko,[],[],[],1,0,3,[],[],https://twitter.com/uuuuucrs/status/1385156749984862211,False,,0,,,,,,,,[],,,,
1383958268276404225,1383958268276404225,2021-04-19 10:38:58 ´ëÇÑ¹Î±¹ Ç¥ÁØ½Ã,2021-04-19,10:38:58,+0900,1349016400279588867,ty_dnwlwl,빠빠삐,,찜질방에서 찜질 시원하게 하고 흐믈흐물해져 나온 태용이한테 새우탕면 큰 컵에 단무지 맥반석 계란과 식혜 한 번만 먹이게 해주세요,ko,[],[],[],0,0,2,[],[],https://twitter.com/TY_dnWlWl/status/1383958268276404225,False,,0,,,,,,,,[],,,,
1365199821368303616,1365198594827984898,2021-02-26 16:19:36 ´ëÇÑ¹Î±¹ Ç¥ÁØ½Ã,2021-02-26,16:19:36,+0900,1301880375203954689,sangjobin_,간새,,@stella120850_1 ㅋㄱㅋㄱㅋㄱㅋㄱㅋㄱㅋㄹㅋㄹㅋㄹㅋㄹㄹㅋㄹㅋㄹㅋ에이에이 설마요~ 제가 새우탕 작은컵 들고 먹고있긴 한데 아닐거에요 헤헤☺☺,ko,[],[],[],1,0,0,[],[],https://twitter.com/sangjobin_/status/1365199821368303616,False,,0,,,,,,,,"[{'screen_name': 'stella120850_1', 'name': 'high killer(Aㅏ...)🔥❄️', 'id': '1191140918000119809'}]",,,,
1361321194532663299,1361321194532663299,2021-02-15 23:27:19 ´ëÇÑ¹Î±¹ Ç¥ÁØ½Ã,2021-02-15,23:27:19,+0900,1338498434232291330,hong_check_in,홍련수사에체크인하셨습니다,,사생지전 청소년수사들 단체로 고래잡은날 다들 육개장컵인데 묵미우 혼자 새우탕큰사발 달고옴 설몽 나흘간 틀어박혀서 우는통에 설존주 맹파당에서 새우탕 먹고 빈컵 닦고 있을듯,ko,[],[],[],0,19,15,[],[],https://twitter.com/hong_check_in/status/1361321194532663299,False,,0,,,,,,,,[],,,,
1358714452225318912,1358714452225318912,2021-02-08 18:49:03 ´ëÇÑ¹Î±¹ Ç¥ÁØ½Ã,2021-02-08,18:49:03,+0900,1347203478523822081,ssuchfun,튀김우동슢,,새우탕면 큰컵은.. 뭔가 다른 컵라면들보다 면이 많은 늬낌,ko,[],[],[],0,0,0,[],[],https://twitter.com/ssuchfun/status/1358714452225318912,False,,0,,,,,,,,[],,,,
1357547337451642880,1357545188353220615,2021-02-05 13:31:21 ´ëÇÑ¹Î±¹ Ç¥ÁØ½Ã,2021-02-05,13:31:21,+0900,3424612153,hb_091,HB🥔,,@danger_joa__ 크기는 새우탕큰컵만 하답니다,ko,[],[],[],0,0,0,[],[],https://twitter.com/HB_091/status/1357547337451642880,False,,0,,,,,,,,"[{'screen_name': 'danger_joa__', 'name': '김시레', 'id': '1083470431753924608'}]",,,,
1350506211389501440,1350505948444430337,2021-01-17 03:12:26 ´ëÇÑ¹Î±¹ Ç¥ÁØ½Ã,2021-01-17,03:12:26,+0900,1267353438632857600,onlyfor_ever,키지 원호🐰✨,,@monhi22 참깨라면 새우탕 진짬뽕 컵누들 짜장범벅 김치사발면 냠🍜,ko,[],[],[],1,0,1,[],[],https://twitter.com/onlyfor_ever/status/1350506211389501440,False,,0,,,,,,,,"[{'screen_name': 'monhi22', 'name': '꾸안꾸🍣SLOW', 'id': '490219526'}]",,,,
1345756034707591170,1345756034707591170,2021-01-04 00:36:56 ´ëÇÑ¹Î±¹ Ç¥ÁØ½Ã,2021-01-04,00:36:56,+0900,862614261222199296,lanana_sf,라나나,,저녁 부실하게 먹었는데 크림진짬뽕 vs 튀김우동/새우탕 작은컵,ko,[],[],[],1,0,3,[],[],https://twitter.com/lanana_sf/status/1345756034707591170,False,,0,,,,,,,,[],,,,
1339070057905700864,1339070057905700864,2020-12-16 13:49:15 ´ëÇÑ¹Î±¹ Ç¥ÁØ½Ã,2020-12-16,13:49:15,+0900,3958254674,arthurlogansdps,1호선자캐광인,,코로롱 끝나면 스키장 가고싶다  거기 꼭대기서 먹는 새우탕 컵면 ㄹㅇㄹㅇㄹㅇㄹㅇ 그렇게 개꿀일수가 없음 새벽에 엄빠 자고 우리들끼리 몰래 먹어도 맛잇음,ko,[],[],[],0,0,3,[],[],https://twitter.com/ArthurLoganSDPS/status/1339070057905700864,False,,0,,,,,,,,[],,,,
1339036072588636160,1339036072588636160,2020-12-16 11:34:12 ´ëÇÑ¹Î±¹ Ç¥ÁØ½Ã,2020-12-16,11:34:12,+0900,1102256979722952705,blue_stone_u_u,💙青金石🎐,,새우탕대컵 존나배불러 아  .....나중에먹를걸...,ko,[],[],[],0,0,1,[],[],https://twitter.com/Blue_stone_U_U/status/1339036072588636160,False,,0,,,,,,,,[],,,,
1335932190199218179,1335782097240293377,2020-12-07 22:00:29 ´ëÇÑ¹Î±¹ Ç¥ÁØ½Ã,2020-12-07,22:00:29,+0900,455610276,sm070221,탐닉,,"김밥 10줄(매콤김치김밥3줄, 그냥김밥7줄)에 에그드랍 베이컨더블치즈 4개에 이삭토스트 불고기mvp랑 딥치즈베이컨 사온거 진짬뽕 큰컵이랑 새우탕 큰컵이랑 같이 맛있게 냠냠냠❤👍👍👍 김밥은 김밥이 2종류만 있는곳인데 그냥김밥이 베스트❤ 김밥 포장하면 시락국도 포장해주신다😆❤  https://t.co/PitCuk6L17",ko,[],[],"['https://pbs.twimg.com/media/EoovN0TUcAYLrOp.jpg', 'https://pbs.twimg.com/media/EoovOn_VEAELAuY.jpg', 'https://pbs.twimg.com/media/EoovPgEU8AMA8ot.jpg', 'https://pbs.twimg.com/media/EoovPwsVgAEOoGi.jpg']",0,3,6,[],[],https://twitter.com/sm070221/status/1335932190199218179,False,,1,https://pbs.twimg.com/media/EoovN0TUcAYLrOp.jpg,,,,,,,[],,,,
1335122465790414848,1335122465790414848,2020-12-05 16:22:55 ´ëÇÑ¹Î±¹ Ç¥ÁØ½Ã,2020-12-05,16:22:55,+0900,1292081106775191552,okorjade,옥돌💘,,김밥에 컵라면 뭐먹을까 새우탕작은컵이랑 불볶면큰컵중에 투표고장나서 멘션주시면 ㄱㅅ합니다...,ko,[],[],[],3,0,2,[],[],https://twitter.com/okorjade/status/1335122465790414848,False,,0,,,,,,,,[],,,,
1334423851002806272,1334410773221662720,2020-12-03 18:06:53 ´ëÇÑ¹Î±¹ Ç¥ÁØ½Ã,2020-12-03,18:06:53,+0900,1227469349646163975,a11133072,A,,@mine151705 새우탕면 작은컵 말고 일반컵으로 업글 가능(속닥),ko,[],[],[],0,0,0,[],[],https://twitter.com/A11133072/status/1334423851002806272,False,,0,,,,,,,,[],,,,
1334392306917462018,1334392306917462018,2020-12-03 16:01:32 ´ëÇÑ¹Î±¹ Ç¥ÁØ½Ã,2020-12-03,16:01:32,+0900,243553848,sohosays,지나가는개🎗,,간식 자랑- 새우탕면 작은 컵에 어제 남은 김말이 오징어튀김 올려서 물을 부었다. 이제 먹기 시작💓💓💓  https://t.co/tQdS32TZwQ,ko,[],[],['https://pbs.twimg.com/media/EoS2uldVQAAJilf.jpg'],1,3,56,[],[],https://twitter.com/sohosays/status/1334392306917462018,False,,1,https://pbs.twimg.com/media/EoS2uldVQAAJilf.jpg,,,,,,,[],,,,
1333355154851053570,1333355154851053570,2020-11-30 19:20:16 ´ëÇÑ¹Î±¹ Ç¥ÁØ½Ã,2020-11-30,19:20:16,+0900,1024561691764252672,youreagenius12,사장,,둘이 라면이나 먹었으면 좋겠어요 키티는 컵누들 아저씨는 새우탕...,ko,[],[],[],0,0,0,[],[],https://twitter.com/youreagenius12/status/1333355154851053570,False,,0,,,,,,,,[],,,,
1331226902703394816,1331226902703394816,2020-11-24 22:23:21 ´ëÇÑ¹Î±¹ Ç¥ÁØ½Ã,2020-11-24,22:23:21,+0900,1304595148081307648,canadab99,랄,,된찌에밥비벼한그릇 새우탕한컵 먹었는데... ... ..........배가고프다,ko,[],[],[],0,0,0,[],[],https://twitter.com/CanadaB99/status/1331226902703394816,False,,0,,,,,,,,[],,,,
1329051313095655426,1329051313095655426,2020-11-18 22:18:20 ´ëÇÑ¹Î±¹ Ç¥ÁØ½Ã,2020-11-18,22:18:20,+0900,455610276,sm070221,탐닉,,감자탕 남은거에 냉면 사리 2개 넣어서 호로록하고서 새우탕컵라면 큰컵에 김치 새로 온거랑 먹는데 김치 안짜고 맛있다❤👍👍👍  https://t.co/edL2QUz2j8,ko,[],[],"['https://pbs.twimg.com/media/EnG9F1cVkAAhnuN.jpg', 'https://pbs.twimg.com/media/EnG9G26VkAEYy3b.jpg', 'https://pbs.twimg.com/media/EnG9H7MVkAIpOl9.jpg']",1,2,4,[],[],https://twitter.com/sm070221/status/1329051313095655426,False,,1,https://pbs.twimg.com/media/EnG9F1cVkAAhnuN.jpg,,,,,,,[],,,,
1316242386356301826,1316242386356301826,2020-10-14 14:00:14 ´ëÇÑ¹Î±¹ Ç¥ÁØ½Ã,2020-10-14,14:00:14,+0900,1016345961742753792,kkkyoka123,kyoka,,정말너무재미있어요앞으로라면은틈새라면과열라면만먹을거구요편의점가면꼭새우탕큰컵작은컵둘다ㅏ집어서뭐먹을지고민할거에요  https://t.co/JYWWx9ddVr,ko,[],['http://posty.pe/1llqjp'],[],0,2,1,[],[],https://twitter.com/kkkyoka123/status/1316242386356301826,False,,0,,,,,,,,[],,,,
1309843951210254338,1309843951210254338,2020-09-26 22:15:08 ´ëÇÑ¹Î±¹ Ç¥ÁØ½Ã,2020-09-26,22:15:08,+0900,1020536980000583685,sambong_3,🔥삼봉🔥,,"새우탕은 확실히 작은컵이 더 맛있는듯,,,, 존나 향기롭다 (머야 말이 이상해요",ko,[],[],[],0,1,3,[],[],https://twitter.com/SAMBONG_3/status/1309843951210254338,False,,0,,,,,,,,[],,,,
1308235961067646977,1308235961067646977,2020-09-22 11:45:33 ´ëÇÑ¹Î±¹ Ç¥ÁØ½Ã,2020-09-22,11:45:33,+0900,1236648120718508032,black_girl14red,흑백소녀😈,,새우탕 큰컵 종이용기로 나왔네?,ko,[],[],[],0,0,1,[],[],https://twitter.com/black_girl14red/status/1308235961067646977,False,,0,,,,,,,,[],,,,
1302979582505566208,1302979582505566208,2020-09-07 23:38:35 ´ëÇÑ¹Î±¹ Ç¥ÁØ½Ã,2020-09-07,23:38:35,+0900,2874820716,blossom940412,B_블라썸'ㅅ',,"생라면 너무너무 먹고싶다ㅜㅜㅜㅜ 새우탕 작은컵 뿌셔먹을까,,,,,",ko,[],[],[],0,0,0,[],[],https://twitter.com/blossom940412/status/1302979582505566208,False,,0,,,,,,,,[],,,,
1302377204366618625,1302377204366618625,2020-09-06 07:44:57 ´ëÇÑ¹Î±¹ Ç¥ÁØ½Ã,2020-09-06,07:44:57,+0900,156162012,eda_original,그카앙망 이다 (-12/-37kg)🎗🏳️‍🌈,,저녁에 오모리 김치찌개 컵라면 절반이나 먹었는데 반성이... 운동하러 나갈거지만... 오모리도 새우탕면처럼 작은 컵 나오면 좋겠다. 큰컵은 내가 다 못 먹는디,ko,[],[],[],0,0,0,[],[],https://twitter.com/Eda_original/status/1302377204366618625,False,,0,,,,,,,,[],,,,
1301728553319292928,1301728553319292928,2020-09-04 12:47:26 ´ëÇÑ¹Î±¹ Ç¥ÁØ½Ã,2020-09-04,12:47:26,+0900,1281230625496653825,qzxow,아땡마,,그 신라면 컵볶음밥 잇자나 그거 새우탕으로 해 먹으려는데 컵라면이 많이 있거든? 그거 밥만 해서 하나 먹을까 라면도 해서 두 개 먹을까,ko,[],[],[],0,0,0,[],[],https://twitter.com/QZXOW/status/1301728553319292928,False,,0,,,,,,,,[],,,,
1299707364300394497,1299707364300394497,2020-08-29 22:55:57 ´ëÇÑ¹Î±¹ Ç¥ÁØ½Ã,2020-08-29,22:55:57,+0900,255340195,1020hj_,쥬 시 쥬 시🍀,,아맞아 오늘 마트가서 갈아배를 샀는데 새우탕면컵도 땡기는데 짐이 많아져서 안사왔어..ㅠㅠ,ko,[],[],[],0,0,0,[],[],https://twitter.com/1020HJ_/status/1299707364300394497,False,,0,,,,,,,,[],,,,
1298648010243497984,1298500112335872000,2020-08-27 00:46:28 ´ëÇÑ¹Î±¹ Ç¥ÁØ½Ã,2020-08-27,00:46:28,+0900,854030878594392073,niquenbenal0623,라필,,31. (끝인건가) 라면 먹을때 건더기 다 빼고 끓입니다. 컵라면은요? 면을 빼고 야채를 버려요. 귀찮지 않냐고요? 파도 싫어하는데 말린 파는 윽 악 컵라면은 새우탕(작은컵) 봉지는 진이나 열 좋아합니다,ko,[],[],[],1,0,1,[],[],https://twitter.com/niquenbenal0623/status/1298648010243497984,False,,0,,,,,,,,[],,,,
1294674104214142978,1294668788822978560,2020-08-16 01:35:34 ´ëÇÑ¹Î±¹ Ç¥ÁØ½Ã,2020-08-16,01:35:34,+0900,1079615868269543424,dalgibang,아다폭격기 (샴푸 / 옹녀),,@doomiroomi 잔 밑에 저거뭐라하지 컵받침 . . 뭐라하더라 너무귀여워 ..   . 새우탕 진짜맛잇는데 봉지로내줙음해,ko,[],[],[],0,0,1,[],[],https://twitter.com/dalgibang/status/1294674104214142978,False,,0,,,,,,,,[],,,,
1290110033351475211,1290110033351475211,2020-08-03 11:19:35 ´ëÇÑ¹Î±¹ Ç¥ÁØ½Ã,2020-08-03,11:19:35,+0900,539932542,ruiman_,킹근육골드몬,,원래 두꺼운면 컵라면 안좋아했는데 한동안 튀김우동이랑 새우탕작은컵에 버닝했어요 지금도 국물 ㅈㄴ맛있음,ko,[],[],[],0,0,1,[],[],https://twitter.com/ruiman_/status/1290110033351475211,False,,0,,,,,,,,[],,,,
1288879380979048448,1288879380979048448,2020-07-31 01:49:25 ´ëÇÑ¹Î±¹ Ç¥ÁØ½Ã,2020-07-31,01:49:25,+0900,1259434591892340736,jsfsxx3m5p1isd5,하나뿐인위즈원,,"#히짱메일 토미님!! 흠,,, 곰탕과 설렁탕의 차이라,,, 재가 알기론 설렁탕에는 당면이 들어가지만 곰탕에는 안들어 가는걸로 알고 있었는데 모르죠,, 넣어서 먹는 사람도 있을수 있겠죠?? ㅎㅎ 추펀하고싶은 컵면,, 비릴수 있지만 새우탕이요~~ 또 왕뚜껑 무파마등등,ㅎ 항상 건강 챙기시고 사랑해요~",ko,[],[],[],0,0,0,['히짱메일'],[],https://twitter.com/jSfsXX3M5p1ISd5/status/1288879380979048448,False,,0,,,,,,,,[],,,,
1286575045947490304,1286575045947490304,2020-07-24 17:12:49 ´ëÇÑ¹Î±¹ Ç¥ÁØ½Ã,2020-07-24,17:12:49,+0900,4532365820,yukarinnnp,ゆかりんP,,1년내내 먹은 컵라면보다 이벤기간 동안 먹은 컵라면이 더 많은듯ㅋㅋㅋㅋㅋㅋㅋㅋㅋㅋㅋㅋㅋㅋㅋ 오늘 진라면 먹어봤는데 존노맛이야 ㅠ 사발면은 육개장/왕뚜껑/신라면 작은컵/티김우동/새우탕 안에서 돌려먹어야겟다 오늘 편의점 가야지,ko,[],[],[],2,0,1,[],[],https://twitter.com/YukarinnnP/status/1286575045947490304,False,,0,,,,,,,,[],,,,
1282321198173392901,1282247776340832256,2020-07-12 23:29:32 ´ëÇÑ¹Î±¹ Ç¥ÁØ½Ã,2020-07-12,23:29:32,+0900,859798882498170880,easy_henyore,헤뇨르🌱,,@Lan999i 새우탕 짝은컵~~지금은 다뭇써요,ko,[],[],[],1,0,0,[],[],https://twitter.com/easy_Henyore/status/1282321198173392901,False,,0,,,,,,,,"[{'screen_name': 'Lan999i', 'name': '랑끼', 'id': '740612656353054720'}]",,,,
1282313776310575104,1282309255379341313,2020-07-12 23:00:03 ´ëÇÑ¹Î±¹ Ç¥ÁØ½Ã,2020-07-12,23:00:03,+0900,859798882498170880,easy_henyore,헤뇨르🌱,,@Gil_E_Gil_E_ 빠나나....도넛...? 마싯겟다.... 전ㄴ 새우탕작은컵 끼려묵엇서요 휴 다뭇따,ko,[],[],[],0,0,0,[],[],https://twitter.com/easy_Henyore/status/1282313776310575104,False,,0,,,,,,,,[],,,,
1281207337986871297,1281206517669060608,2020-07-09 21:43:27 ´ëÇÑ¹Î±¹ Ç¥ÁØ½Ã,2020-07-09,21:43:27,+0900,1254338771656429570,strari_,스달,,@Neottotta 새우탕 새우탕 작은거 작은 컵 새우탕,ko,[],[],[],1,0,0,[],[],https://twitter.com/Strari_/status/1281207337986871297,False,,0,,,,,,,,"[{'screen_name': 'Neottotta', 'name': '계이...나 계이해요', 'id': '1263644489026899970'}]",,,,
1278235080821886977,1278229176512770054,2020-07-01 16:52:46 ´ëÇÑ¹Î±¹ Ç¥ÁØ½Ã,2020-07-01,16:52:46,+0900,3545161934,karan_2467,생시입,,"@taunt_d 컵.,.추천받습니다...... 아쉽게도 오늘은 새우탕 사와서 추천해주심 다음 식량으로 보류해두겟읍니다",ko,[],[],[],1,0,0,[],[],https://twitter.com/karan_2467/status/1278235080821886977,False,,0,,,,,,,,"[{'screen_name': 'taunt_d', 'name': '턴트', 'id': '712292214'}]",,,,
1276011052950380544,1276011052950380544,2020-06-25 13:35:16 ´ëÇÑ¹Î±¹ Ç¥ÁØ½Ã,2020-06-25,13:35:16,+0900,760069735786524672,seh_commu,SSONNA💫,,마침 집에 새우탕 작은컵잇어서 이거 먹을라구,ko,[],[],[],0,0,0,[],[],https://twitter.com/seh_commu/status/1276011052950380544,False,,0,,,,,,,,[],,,,
1272141061725487104,1272135107395104771,2020-06-14 21:17:19 ´ëÇÑ¹Î±¹ Ç¥ÁØ½Ã,2020-06-14,21:17:19,+0900,114261955,choekitout,🌷 Chö kit out 🌱,,@Andrea_diary_ 헛 저만 그렇게 느낀게 아녔군요! 새우탕 진짜 맛이 변했다 느낀 뒤로 안먹게 됐어요. 예전 회사 다닐 때 거긴 짜장범벅 작은컵이 늘 비치되어 있어서 그 것도 많이 먹었네요. 한 번에 두개 까먹는거 들켜서 혼났었는데...😵,ko,[],[],[],0,0,1,[],[],https://twitter.com/choekitout/status/1272141061725487104,False,,0,,,,,,,,"[{'screen_name': 'Andrea_diary_', 'name': '정앙디🎗', 'id': '1149676399000784897'}]",,,,
1257350114085163014,1257350114085163014,2020-05-05 01:43:22 ´ëÇÑ¹Î±¹ Ç¥ÁØ½Ã,2020-05-05,01:43:22,+0900,2983026690,your_venus,빈어 스님,,바다가서 바다보면서 새우탕 작은컵 하나 때리고싶다,ko,[],[],[],0,0,3,[],[],https://twitter.com/your_venus/status/1257350114085163014,False,,0,,,,,,,,[],,,,
1252879068141256705,1252879068141256705,2020-04-22 17:37:01 ´ëÇÑ¹Î±¹ Ç¥ÁØ½Ã,2020-04-22,17:37:01,+0900,2795303190,choonsam__27,준삼이..,,갑자기  김치사발면 작은컵  먹고싶음   아니면  새우탕면 큰 컵  ...,ko,[],[],[],0,0,0,[],[],https://twitter.com/CHOONSAM__27/status/1252879068141256705,False,,0,,,,,,,,[],,,,
1252749500973641728,1252749500973641728,2020-04-22 09:02:10 ´ëÇÑ¹Î±¹ Ç¥ÁØ½Ã,2020-04-22,09:02:10,+0900,392605074,flower_g1_,꽃찌♥️,,"#탐라에서_비슷한_트친_찾기  MBTI : ISFP 생일 : 2월2일 별자리 : 물병자리 혈액형 : O형 키 : 15n 형제자매 : 오빠 잠잘 때 자세 : 주로 옆보면서 잠 최애 : ♥️은지원 찌오니 찌♥️ 좋아하는 색 : 은색,검정색,흰색 최애 라면 : 컵은 튀김우동이랑 새우탕  봉지는 오동통이랑 안성타면",ko,[],[],[],1,0,4,['탐라에서_비슷한_트친_찾기'],[],https://twitter.com/flower_G1_/status/1252749500973641728,False,,0,,,,,,,,[],,,,
1250421999903453184,1250421999903453184,2020-04-15 22:53:31 ´ëÇÑ¹Î±¹ Ç¥ÁØ½Ã,2020-04-15,22:53:31,+0900,991845566660280321,geuru_simok,1 그루 🏳️‍🌈,,결국 새우탕 작은컵에 계란 넣어서 먹고 밥 좀 말아먹고 까까(탐라 : 저기요?) 까지 먹는중  https://t.co/47KZwZnMUM,ko,[],[],['https://pbs.twimg.com/media/EVpkK1fUcAED0lw.jpg'],0,0,0,[],[],https://twitter.com/geuru_simok/status/1250421999903453184,False,,1,https://pbs.twimg.com/media/EVpkK1fUcAED0lw.jpg,,,,,,,[],,,,
1247200879607865351,1247200320385515521,2020-04-07 01:33:56 ´ëÇÑ¹Î±¹ Ç¥ÁØ½Ã,2020-04-07,01:33:56,+0900,719150771686670337,strawberry_0907,딸기쉐이크,,"@bana05047 까르보 불닭, 불닭, 튀김우동 너구리 진라면 오동통 왕뚜껑 컵누들 짜파게티 공화춘 참깨라면 신라면 새우탕면 육개장",ko,[],[],[],1,0,0,[],[],https://twitter.com/Strawberry_0907/status/1247200879607865351,False,,0,,,,,,,,[],,,,
1244480898768056320,1244480898768056320,2020-03-30 13:25:42 ´ëÇÑ¹Î±¹ Ç¥ÁØ½Ã,2020-03-30,13:25:42,+0900,1181594209372917760,aaiiilian,우럭,,헐..뭔지는 모르겠는데 일단 탐라 사람들이 해서 하는중.. 오늘 점심은 햇반 반에 새우탕 작은컵  #WelcomeToMyPlayground,ko,[],[],[],0,0,0,['welcometomyplayground'],[],https://twitter.com/AAiiilian/status/1244480898768056320,False,,0,,,,,,,,[],,,,
1244374983406567424,1244374983406567424,2020-03-30 06:24:50 ´ëÇÑ¹Î±¹ Ç¥ÁØ½Ã,2020-03-30,06:24:50,+0900,1099160898210418688,co1ala,코1알라,,덜익어서 파삭거리는 컵라면 투톱은 육개장이랑 새우탕면작은컵 하 미친 배고파,ko,[],[],[],1,0,2,[],[],https://twitter.com/co1ala/status/1244374983406567424,False,,0,,,,,,,,[],,,,
1238441131400028161,1238441131400028161,2020-03-13 21:25:49 ´ëÇÑ¹Î±¹ Ç¥ÁØ½Ã,2020-03-13,21:25:49,+0900,702048117454012416,hiji_s22,✿ ʜɪᴊɪ ✿,,내 최애라면 감자면 카레라면 굴진짬뽕 진라면(순한맛) 오징어짬뽕 불닭볶음면(까르보나라) 육개장(작은컵) 새우탕면(작은컵)  최애는 쌓이는 것이지,ko,[],[],[],0,0,2,[],[],https://twitter.com/HiJi_s22/status/1238441131400028161,False,,0,,,,,,,,[],,,,
1237268102364033026,1237268102364033026,2020-03-10 15:44:37 ´ëÇÑ¹Î±¹ Ç¥ÁØ½Ã,2020-03-10,15:44:37,+0900,3958254674,arthurlogansdps,1호선자캐광인,,# 탐라에서_비슷한_트친_찾기 별자리 : 🦁 혈액형 : A 키 : 150 형제자매 : ㅇ 잠잘때 자세 : 왼쪽 돌아눕기 최애 : 그런거 없다흑흑 좋아하는 색 : 차가운 색 최애 라면 : 새우탕 컵 이상형 : 유니콘....,ko,[],[],[],0,0,0,[],[],https://twitter.com/ArthurLoganSDPS/status/1237268102364033026,False,,0,,,,,,,,[],,,,
1234520375985238016,1234520375985238016,2020-03-03 01:46:08 ´ëÇÑ¹Î±¹ Ç¥ÁØ½Ã,2020-03-03,01:46:08,+0900,780706892876095488,mondaykilly,-,,육개장은 진짜 안 질리는데 지금 집에 있는 새우탕면 너무 비려서 한 컵 다 못 먹겟어... 진라면 매운맛만 먹었더니,ko,[],[],[],1,0,0,[],[],https://twitter.com/mondaykilly/status/1234520375985238016,False,,0,,,,,,,,[],,,,
1232479960184410115,1232349947510411264,2020-02-26 10:38:15 ´ëÇÑ¹Î±¹ Ç¥ÁØ½Ã,2020-02-26,10:38:15,+0900,181132800,mad_ice1990326,🦋민우도견🦋❄,,@choin_g99 저두요저두요ㅋㅋ 원래 육개장 파 였는데 어느순간 새우탕 작은컵이 최애됐어여ㅋㅋㅋ,ko,[],[],[],0,0,0,[],[],https://twitter.com/MAD_ICE1990326/status/1232479960184410115,False,,0,,,,,,,,[],,,,
1232313224810254336,1232311068187230211,2020-02-25 23:35:42 ´ëÇÑ¹Î±¹ Ç¥ÁØ½Ã,2020-02-25,23:35:42,+0900,854352493773340674,whoozdog,누구개,,"컵라면은 특유의 식감 때문에 별로 안 좋아하지만 야근하거나 밤샐 때 야식 - 짜파게티 범벅 / 술 먹은 다음날 해장 - 새우탕 작은 컵. 짜파게티 봉지면은 내가 끓이는 실력이 별로인진 몰겠는데 어케해도 맛이 없다 냄새가 더 맛있다고 생각,,델리만쥬처럼",ko,[],[],[],0,0,0,[],[],https://twitter.com/whoozdog/status/1232313224810254336,False,,0,,,,,,,,[],,,,
1232296968501641216,1232296968501641216,2020-02-25 22:31:06 ´ëÇÑ¹Î±¹ Ç¥ÁØ½Ã,2020-02-25,22:31:06,+0900,4294693878,dodam_33333,˙Ⱉ˙,,진라면 순한맛 맛있음 매운맛도 맛있음 난 육개장파 하지만 왕뚜껑이랑 무파마도 마싰음 짜파게티는 컵으로 먹으면 좀 거북함 그래서 새우탕이랑 같이 먹어줘야함 작은컵으로,ko,[],[],[],0,0,0,[],[],https://twitter.com/dodam_33333/status/1232296968501641216,False,,0,,,,,,,,[],,,,
1231157689478107138,1231157689478107138,2020-02-22 19:04:01 ´ëÇÑ¹Î±¹ Ç¥ÁØ½Ã,2020-02-22,19:04:01,+0900,3184986570,shyun0142,댐지⚡,,새우탕 작은컵이랑 커피만 마셨더니 배고프다,ko,[],[],[],0,0,0,[],[],https://twitter.com/shyun0142/status/1231157689478107138,False,,0,,,,,,,,[],,,,
1230484643528331265,1230484643528331265,2020-02-20 22:29:34 ´ëÇÑ¹Î±¹ Ç¥ÁØ½Ã,2020-02-20,22:29:34,+0900,1025231413543485440,dragonhead09071,계이 가리,,삶은고기 찐만두 삶은계란 바나나 두유 새우탕면...컵누들....,ko,[],[],[],0,0,0,[],[],https://twitter.com/dragonhead09071/status/1230484643528331265,False,,0,,,,,,,,[],,,,
1229806435275399170,1229806435275399170,2020-02-19 01:34:37 ´ëÇÑ¹Î±¹ Ç¥ÁØ½Ã,2020-02-19,01:34:37,+0900,1140301899473666048,aleu_1126,례르~,,믱성 정식- 새우탕(작은컵) 김밥 밍의 믱성정식 -새우탕(큰컵) 김밥,ko,[],[],[],0,0,0,[],[],https://twitter.com/aleu_1126/status/1229806435275399170,False,,0,,,,,,,,[],,,,
1229666784006963200,1229666784006963200,2020-02-18 16:19:42 ´ëÇÑ¹Î±¹ Ç¥ÁØ½Ã,2020-02-18,16:19:42,+0900,2958995874,chfhrtjddid,성냥,,새우탕 작은컵 먹으면 밍셩 정식이구 큰컵먹으면 밍 정식인가,ko,[],[],[],0,0,0,[],[],https://twitter.com/chfhrtjddid/status/1229666784006963200,False,,0,,,,,,,,[],,,,
1218901100826226689,1218900057916760064,2020-01-19 23:20:43 ´ëÇÑ¹Î±¹ Ç¥ÁØ½Ã,2020-01-19,23:20:43,+0900,1144980181368492032,colourful_yyy,다채,,@Hyunsu_grim 아나 컵누들이 뭐에여 컵누들이 진쨔 ㅋㅋㅋㅋㅋㅋ난 새우탕 먹는다고요,ko,[],[],[],0,0,0,[],[],https://twitter.com/colourful_yyy/status/1218901100826226689,False,,0,,,,,,,,[],,,,
1214582445091115008,1214582320788688896,2020-01-08 01:19:55 ´ëÇÑ¹Î±¹ Ç¥ÁØ½Ã,2020-01-08,01:19:55,+0900,3561986774,r_crawford216,로빈,,새우탕작은컵+참치마요삼김 조합 러브,ko,[],[],[],0,0,0,[],[],https://twitter.com/R_Crawford216/status/1214582445091115008,False,,0,,,,,,,,[],,,,
1214415960003637249,1214415960003637249,2020-01-07 14:18:22 ´ëÇÑ¹Î±¹ Ç¥ÁØ½Ã,2020-01-07,14:18:22,+0900,1206360688915959808,mywayfood1,미식in,,[닛신 컵누들]필리핀 학원에서 준 컵라면 새우탕면과 향과 맛이 유사합니다.  필리핀기업이 아니라 일본기업이네요.   #미식미식 #미식in #닛신  https://t.co/LTe72EuFcj,ko,[],[],"['https://pbs.twimg.com/media/ENp42qiVAAY6isg.jpg', 'https://pbs.twimg.com/media/ENp43n6U0AEpIcb.jpg']",0,0,0,"['미식미식', '미식in', '닛신']",[],https://twitter.com/mywayfood1/status/1214415960003637249,False,,1,https://pbs.twimg.com/media/ENp42qiVAAY6isg.jpg,,,,,,,[],,,,
1214376255530917888,1214376255530917888,2020-01-07 11:40:35 ´ëÇÑ¹Î±¹ Ç¥ÁØ½Ã,2020-01-07,11:40:35,+0900,1060449524101992448,loveme_death,아가사,,컵라면 다 못먹겠다... 새우탕면 컵 너무 크다..,ko,[],[],[],0,0,0,[],[],https://twitter.com/LoveMe_Death/status/1214376255530917888,False,,0,,,,,,,,[],,,,
1211343766398726144,1211342610435989504,2019-12-30 02:50:34 ´ëÇÑ¹Î±¹ Ç¥ÁØ½Ã,2019-12-30,02:50:34,+0900,1204032041781612544,istpee1,공대맨,,@loveyouistp 짜장범벅 육개장 치즈볶이 라면볶이 진라면 불닭볶음면 새우탕 오모리김치찌개라면 오징어짬뽕 튀김우동 스낵면 컵누들 도시락 왕뚜껑 참깨라면 삼양라면 김치라면 열라면 짜파게티 스파게티 안성탕면 진짬뽕 꼬꼬면 사리곰탕 쇠고기미역국 팔도비빔면 너구리 무파마 짜왕 쌀국수컵라면,ko,[],[],[],0,0,1,[],[],https://twitter.com/istpee1/status/1211343766398726144,False,,0,,,,,,,,[],,,,
1210593851938721793,1210593851938721793,2019-12-28 01:10:40 ´ëÇÑ¹Î±¹ Ç¥ÁØ½Ã,2019-12-28,01:10:40,+0900,1142403297967427584,noname_mom,곰팡이 낫낭🍴,,"나에루 나나시 한국라면 취향 낫 - 너구리,새우탕 ~ 매운거 잘먹음 낭 - 컵누들, 스낵면 ~ 매운거 잘못먹음  그냥 생각낫쟈",ko,[],[],[],0,0,3,[],[],https://twitter.com/NONAME_MOM/status/1210593851938721793,False,,0,,,,,,,,[],,,,
1205166232531423234,1205165399802699776,2019-12-13 01:43:15 ´ëÇÑ¹Î±¹ Ç¥ÁØ½Ã,2019-12-13,01:43:15,+0900,1120263524066795520,malateabag,마티 🌹🌂,,튀김우동 새우탕 너구리 참깨 오짬 컵누들 육개장사발면 중 택 1.......,ko,[],[],[],1,0,1,[],[],https://twitter.com/malateabag/status/1205166232531423234,False,,0,,,,,,,,[],,,,
1204336004263362561,1204336004263362561,2019-12-10 18:44:13 ´ëÇÑ¹Î±¹ Ç¥ÁØ½Ã,2019-12-10,18:44:13,+0900,897551724050694144,hear_darks,카레라,,"좋아하는 라면 리스트 오뚜기 스파게티 참깨라면 농심 컵:튀김우동 육개장 새우탕 봉지:오징어짬뽕,안성탕면 삼양 나가사끼짬뽕,간짬뽕 팔도 비빔면",ko,[],[],[],0,0,0,[],[],https://twitter.com/hear_darks/status/1204336004263362561,False,,0,,,,,,,,[],,,,
1202206096120639490,1202205651432165376,2019-12-04 21:40:43 ´ëÇÑ¹Î±¹ Ç¥ÁØ½Ã,2019-12-04,21:40:43,+0900,1012269146619371521,ko_code519,코드,,@AURA_Y_H 막 진짜 노맛! 이건아닌데 나는 새우탕 컵이조아(엥,ko,[],[],[],0,0,0,[],[],https://twitter.com/ko_code519/status/1202206096120639490,False,,0,,,,,,,,[],,,,
1201854976663769090,1201854976663769090,2019-12-03 22:25:30 ´ëÇÑ¹Î±¹ Ç¥ÁØ½Ã,2019-12-03,22:25:30,+0900,859798882498170880,easy_henyore,헤뇨르🌱,,오늘 야식은 어제 안먹은 새우탕 작은컵,ko,[],[],[],1,0,1,[],[],https://twitter.com/easy_Henyore/status/1201854976663769090,False,,0,,,,,,,,[],,,,
1186995676112023552,1186995676112023552,2019-10-23 22:19:57 ´ëÇÑ¹Î±¹ Ç¥ÁØ½Ã,2019-10-23,22:19:57,+0900,859798882498170880,easy_henyore,헤뇨르🌱,,아 근데 뭐먹지;~! 새우탕은 조금 배부를거같구 육개장은 작은컵이라 모자랄거같은데,ko,[],[],[],0,0,1,[],[],https://twitter.com/easy_Henyore/status/1186995676112023552,False,,0,,,,,,,,[],,,,
1183717199678074883,1183717199678074883,2019-10-14 21:12:27 ´ëÇÑ¹Î±¹ Ç¥ÁØ½Ã,2019-10-14,21:12:27,+0900,1183031291723206658,iulxsevpzpkugpv,구름☁,,"오늘은 배러리가 없어서 기록을 못햇당 ㅠㅠ 그래도 아침은 안먹고 매점에서 산 떡볶이 과자 하나랑 후행크 소시지 하나 , 급식은 반식 , 오후수업때 너무 배고파서 빵하나 사먹고, 하굣길에 새우탕 작은 컵 반을 먹고 병원갔다가 집와소 삶은계란 4개를 먹엇닥 ㅜㅜ 왤케 마니 먹엇징.😭",ko,[],[],[],1,0,0,[],[],https://twitter.com/IuLxSevpzPkugPV/status/1183717199678074883,False,,0,,,,,,,,[],,,,
1181229021838766081,1181229021838766081,2019-10-08 00:25:19 ´ëÇÑ¹Î±¹ Ç¥ÁØ½Ã,2019-10-08,00:25:19,+0900,1685064679,ycho__1389,총괄연초,,시발 쌀국수컵이라 조상신이 노하셨나 담부턴 새우탕먹을게요,ko,[],[],[],0,0,0,[],[],https://twitter.com/Ycho__1389/status/1181229021838766081,False,,0,,,,,,,,[],,,,
1180505502381297664,1180505502381297664,2019-10-06 00:30:19 ´ëÇÑ¹Î±¹ Ç¥ÁØ½Ã,2019-10-06,00:30:19,+0900,4125073274,gilassesghost,오프로드 리빙,,새우탕면(소)컵을 먹는다,ko,[],[],[],1,0,0,[],[],https://twitter.com/gilassesGhost/status/1180505502381297664,False,,0,,,,,,,,[],,,,
1178881659325730816,1178852055449915392,2019-10-01 12:57:44 ´ëÇÑ¹Î±¹ Ç¥ÁØ½Ã,2019-10-01,12:57:44,+0900,216250348,trinketbox7,율리,,@bxs_epi 뚜껑이 커서 편한건가요! ㅋㅋㅋㅋ 컵라면을 많이 안먹어요 그래도 육개장이랑 신라면컵이랑 새우탕은 먹어봤는데... ㅋㅋㅋ,ko,[],[],[],1,0,0,[],[],https://twitter.com/trinketbox7/status/1178881659325730816,False,,0,,,,,,,,"[{'screen_name': 'bxs_epi', 'name': '에피', 'id': '1852473769'}]",,,,
1174312617269063681,1174312617269063681,2019-09-18 22:22:00 ´ëÇÑ¹Î±¹ Ç¥ÁØ½Ã,2019-09-18,22:22:00,+0900,953887998449299456,chaerong_i,체롱이,,컵라면 작은컵들만 잔뜩 쌓아놓고 먹고싶다 새우탕 신라면 오징어짬뽕 육개장 등등등,ko,[],[],[],0,0,1,[],[],https://twitter.com/CHAERONG_I/status/1174312617269063681,False,,0,,,,,,,,[],,,,
1172769366578008064,1172767867151892481,2019-09-14 16:09:40 ´ëÇÑ¹Î±¹ Ç¥ÁØ½Ã,2019-09-14,16:09:40,+0900,4853100227,haaenaa,좀머형 용개형 사랑해,,@hippo0u0 와대박 ㅋㅋ 개조은데여 휴..님 새우탕 조아해여? 저지금그거땡겨요 하 그거도제가사드림 1인2컵ㅎ해여,ko,[],[],[],1,0,0,[],[],https://twitter.com/HAAENAA/status/1172769366578008064,False,,0,,,,,,,,[],,,,
1165797960761786368,1165797960761786368,2019-08-26 10:27:47 ´ëÇÑ¹Î±¹ Ç¥ÁØ½Ã,2019-08-26,10:27:47,+0900,1158267994104946688,mu_on_chest,례뮤스,,밍은 라면 한봉진데  성은 새우탕 작은컵이네... 내게 반쪽짜리 새우탕만을 줬어....,ko,[],[],[],0,0,4,[],[],https://twitter.com/Mu_on_Chest/status/1165797960761786368,False,,0,,,,,,,,[],,,,
1165636484558274562,1165636484558274562,2019-08-25 23:46:09 ´ëÇÑ¹Î±¹ Ç¥ÁØ½Ã,2019-08-25,23:46:09,+0900,1029746481312354305,heavenly_peachh,천도 뒤뿌레,,우리애 새우탕 큰컵으로 사다조라...,ko,[],[],[],0,0,2,[],[],https://twitter.com/heavenly_peachh/status/1165636484558274562,False,https://twitter.com/your_musae/status/1165636115405000704,0,,,,,,,,[],,,,
1165464801377583105,1165464801377583105,2019-08-25 12:23:56 ´ëÇÑ¹Î±¹ Ç¥ÁØ½Ã,2019-08-25,12:23:56,+0900,1141692220380049409,dongpal_2,동팔,,아니 이거 볼따구가 넘 귀여워서 한참 봤는데 새우탕 작은 컵을 어케 저렇게 작아 저게 가능함??????? 젓가락도 쏘 스몰  https://t.co/PegbyriczW,ko,[],[],['https://pbs.twimg.com/media/ECyQDwjUYAAWuX2.jpg'],0,0,0,[],[],https://twitter.com/Dongpal_2/status/1165464801377583105,False,,1,https://pbs.twimg.com/media/ECyQDwjUYAAWuX2.jpg,,,,,,,[],,,,
1164921023965224961,1164915014043463680,2019-08-24 00:23:09 ´ëÇÑ¹Î±¹ Ç¥ÁØ½Ã,2019-08-24,00:23:09,+0900,775677150196137984,kaminari_1214,⚡캐디커미션 하나 받을 수 있는 💊石버닝중인 낙뢰,,50. 오나니 51. 컵은 새우탕 봉지는 진라면순한맛 52. 타자랑똑같이말함 기대할거없음 53. 카톡잘안봄 54. 1년도탈수있어 55. 섹스 56. 주기 57. 너는그냥가만히있어다내가해줄게내품에둥지를틀어봐 따따라따라 따따라따라 58. 닭발 연근조림(싫어하기보다못먹는것들) 59. 대체로싫음 60. 좋음,ko,[],[],[],1,0,0,[],[],https://twitter.com/kaminari_1214/status/1164921023965224961,False,,0,,,,,,,,[],,,,
1161535941309341696,1161535941309341696,2019-08-14 16:12:03 ´ëÇÑ¹Î±¹ Ç¥ÁØ½Ã,2019-08-14,16:12:03,+0900,117236544,esobongjin,존햄,,하나님이 가르쳐준 한가지 새우탕 작은컵에 참치마요,ko,[],[],[],0,0,0,[],[],https://twitter.com/esobongjin/status/1161535941309341696,False,,0,,,,,,,,[],,,,
1144533858202689536,1144533858202689536,2019-06-28 18:11:50 ´ëÇÑ¹Î±¹ Ç¥ÁØ½Ã,2019-06-28,18:11:50,+0900,972376322860236800,ppypo_mania,박콜중독,,새우탕 컵면 왜이렇게 맛이 없어....,ko,[],[],[],0,0,0,[],[],https://twitter.com/Ppypo_Mania/status/1144533858202689536,False,,0,,,,,,,,[],,,,
1143814308192649216,1143814308192649216,2019-06-26 18:32:36 ´ëÇÑ¹Î±¹ Ç¥ÁØ½Ã,2019-06-26,18:32:36,+0900,710449193358241792,edel_delfanium,신조차 모독 하는 사상 최대의천재,,"진짜 엽덕올림 혼나나요? 저희 할머니 새우탕면(큰컵)좋아하심..,...",ko,[],[],[],0,0,1,[],[],https://twitter.com/Edel_Delfanium/status/1143814308192649216,False,,0,,,,,,,,[],,,,
1141959748771704832,1141951252487495680,2019-06-21 15:43:15 ´ëÇÑ¹Î±¹ Ç¥ÁØ½Ã,2019-06-21,15:43:15,+0900,1137560888280375301,5gkpd9jesurk5w5,약에 쩔어 뒈진 년,,"@war_of_flower_ 이봐, 삼춘. 그거 알아? 새우탕 한 컵에는 자그마치 새우탕 한 컵 분량의 새우가 들어있다는 사실!  https://t.co/uzoxv7geqC",ko,[],[],['https://pbs.twimg.com/media/D9kOVtPU0AA3FCu.jpg'],0,0,0,[],[],https://twitter.com/5GKpD9JESURk5w5/status/1141959748771704832,False,,1,https://pbs.twimg.com/media/D9kOVtPU0AA3FCu.jpg,,,,,,,[],,,,
1140861698653343744,1140833612863959040,2019-06-18 14:59:59 ´ëÇÑ¹Î±¹ Ç¥ÁØ½Ã,2019-06-18,14:59:59,+0900,3845517860,ah6220,데카라비아 (아직 역병에 당하지 않은 두부),,@KJ_JHS 튀김우동 맛있죠. 새우탕도 괜찮고..  컵누들은 어떤 맛인가요?,ko,[],[],[],1,0,0,[],[],https://twitter.com/ah6220/status/1140861698653343744,False,,0,,,,,,,,"[{'screen_name': 'KJ_JHS', 'name': '하늘빛을닮은새/空の色に似た鳥', 'id': '2527517815'}]",,,,
1138837833022443520,1138837294972932096,2019-06-13 00:57:52 ´ëÇÑ¹Î±¹ Ç¥ÁØ½Ã,2019-06-13,00:57:52,+0900,254027994,redsana1,이사,,@donarinosana 오우 ...새우탕 큰컵 ...,ko,[],[],[],1,0,0,[],[],https://twitter.com/redsana1/status/1138837833022443520,False,,0,,,,,,,,"[{'screen_name': 'donarinosana', 'name': 'となりの사나のトトロ☕️', 'id': '808678709150371840'}]",,,,
1138666867612999680,1138665841023639552,2019-06-12 13:38:31 ´ëÇÑ¹Î±¹ Ç¥ÁØ½Ã,2019-06-12,13:38:31,+0900,874552111563907072,parkteria_trash,Nio(였던것),,@NoneImagine_ 예스 운좋으면 컵에 새우 한두마리밖에 없는 그 새우탕(...) (하지만 이사람은 새우탕같은 해산물 라면 안 좋아함 주니까 먹는것 뿐),ko,[],[],[],0,0,0,[],[],https://twitter.com/parkteria_trash/status/1138666867612999680,False,,0,,,,,,,,[],,,,
1122759425255542784,1122759425255542784,2019-04-29 16:08:01 ´ëÇÑ¹Î±¹ Ç¥ÁØ½Ã,2019-04-29,16:08:01,+0900,1103408010,urongcha7,synn,,일정을두개나해야되는데너무피곤...일단새우탕면작은컵.....남이자기일을깨끗하게해야되는거를자랑스럽게더럽게하든드럽게하든ㅡ내일아님ㅡ자기책임내가할수있는건한계가있는데ㅡ이미개판으로해서나보고ㅡ잘ㅡ마무리하라고하면뭐어쩔ㅎㅡ트와이스fancy기합이퐉!들어가서좋음!,ko,[],[],[],0,0,0,[],[],https://twitter.com/urongcha7/status/1122759425255542784,False,,0,,,,,,,,[],,,,
1121894786988830720,1121894786988830720,2019-04-27 06:52:15 ´ëÇÑ¹Î±¹ Ç¥ÁØ½Ã,2019-04-27,06:52:15,+0900,3562158252,yu_na_cos,ユナ,,오늘 새우탕면 미니컵... 허리 펴지도 못하고 미친듯이 주웠음... (널부러짐,ko,[],[],[],0,0,1,[],[],https://twitter.com/yu_na_cos/status/1121894786988830720,False,,0,,,,,,,,[],,,,
1112285096902422528,1112211658137432065,2019-03-31 18:26:47 ´ëÇÑ¹Î±¹ Ç¥ÁØ½Ã,2019-03-31,18:26:47,+0900,910844788953382912,angelinspirit11,💖엔젤이😊💕,,@10_IFNT_0609 오~~ 이제 나무 컵누들에서 새우탕으로 갈아타나요~~,ko,[],[],[],1,0,0,[],[],https://twitter.com/angelINSPIRIT11/status/1112285096902422528,False,,0,,,,,,,,"[{'screen_name': '10_IFNT_0609', 'name': '🍀아낌없는나무🍀', 'id': '2868880369'}]",,,,
1108765006072446976,1108763508848517121,2019-03-22 01:19:11 ´ëÇÑ¹Î±¹ Ç¥ÁØ½Ã,2019-03-22,01:19:11,+0900,1003551329854226434,fifi_gb,fifimian,,"라면:배 안고파도 냄새 맡으면 죽을거 같아요ㅋㅋㅋㅋ 라면을 보통 아무거나 먹어보면 이상하게 떠올리던 맛이 아닌데, 먹어보고 아 이 맛이다 깨우치는거:새우탕면(컵)이더라구요",ko,[],[],[],1,0,0,[],[],https://twitter.com/fifi_gb/status/1108765006072446976,False,,0,,,,,,,,[],,,,
1096691902575833088,1096691902575833088,2019-02-16 17:44:59 ´ëÇÑ¹Î±¹ Ç¥ÁØ½Ã,2019-02-16,17:44:59,+0900,859798882498170880,easy_henyore,헤뇨르🌱,,역시 지금까지 새우탕 작은컵으로 버티는건 무리엿서,ko,[],[],[],0,0,1,[],[],https://twitter.com/easy_Henyore/status/1096691902575833088,False,,0,,,,,,,,[],,,,
1096511295430356992,1096511295430356992,2019-02-16 05:47:19 ´ëÇÑ¹Î±¹ Ç¥ÁØ½Ã,2019-02-16,05:47:19,+0900,1388785746,dobuing_,🐰도부🐰,,사둘거 적어놓고 갤박  불닭 볶음면 오리지날/까르보나라/짜장 생생 우동 새우탕 오모리 김치찌개면 육개장 컵누들 편의점 스파게티^^  https://t.co/LfxtoZw4rm,ko,[],[],['https://pbs.twimg.com/tweet_video_thumb/DzeXNFnUcAA1B9E.jpg'],0,0,0,[],[],https://twitter.com/Dobuing_/status/1096511295430356992,False,,1,https://pbs.twimg.com/tweet_video_thumb/DzeXNFnUcAA1B9E.jpg,,,,,,,[],,,,
1095279306010292230,1095277687659147265,2019-02-12 20:11:50 ´ëÇÑ¹Î±¹ Ç¥ÁØ½Ã,2019-02-12,20:11:50,+0900,418447111,dormoo,Dor🦅,,"@lightria 육개장 작은컵이 원탑이고 튀김우동, 새우탕 아래부턴 망 임...",ko,[],[],[],1,0,0,[],[],https://twitter.com/Dormoo/status/1095279306010292230,False,,0,,,,,,,,"[{'screen_name': 'lightria', 'name': '안심너구리 뇨타', 'id': '2294582124'}]",,,,
1094587346664615936,1094587346664615936,2019-02-10 22:22:14 ´ëÇÑ¹Î±¹ Ç¥ÁØ½Ã,2019-02-10,22:22:14,+0900,1268647274,reeyo202,202,,왕뚜껑을 사놨어야했는데👿 새우탕 미니컵이 웬말이야ㅡㅡ,ko,[],[],[],0,0,0,[],[],https://twitter.com/Reeyo202/status/1094587346664615936,False,,0,,,,,,,,[],,,,
1094188534037078016,1094184163408674816,2019-02-09 19:57:30 ´ëÇÑ¹Î±¹ Ç¥ÁØ½Ã,2019-02-09,19:57:30,+0900,794401992609173504,io_25_cos,팔로워 확인 해주세요👀 이오,,20. 안성탕면 너구리 (봉지) 진짬뽕 새우탕 왕뚜껑 (컵),ko,[],[],[],1,0,0,[],[],https://twitter.com/io_25_COS/status/1094188534037078016,False,,0,,,,,,,,[],,,,
1093886768833748992,1092974020918599681,2019-02-08 23:58:23 ´ëÇÑ¹Î±¹ Ç¥ÁØ½Ã,2019-02-08,23:58:23,+0900,1081175683320111105,yedam_is_fairy,]반동결[담요,,20.스낵면 진짬뽕 진라면 순한맛 안성탕면 참깨라면 사리곰탕 삼양라면 콕콕콕 스파게티 콕콕콕 치즈볶이 오모리김치찌개라면 오모리참치찌개라면 오모리부대찌개라면 왕뚜껑 김치맛 왕뚜껑 짬뽕맛 왕뚜껑 짜파게티 짜왕 짜짜로니 튀김우동 쯔유라면 도시락 해물왕컵 새우탕면 컵누들 우동맛 등등등,ko,[],[],[],1,0,0,[],[],https://twitter.com/YEDAM_is_FAIRY/status/1093886768833748992,False,,0,,,,,,,,[],,,,
1087305779370029058,1087305779370029058,2019-01-21 20:07:53 ´ëÇÑ¹Î±¹ Ç¥ÁØ½Ã,2019-01-21,20:07:53,+0900,1420031562,ncgo1hit,"울 프콜 ,nc",,술먹고  난  다음 날   해장 .. 오뚜기 새우탕 컵 라면..  굿  이라는..,ko,[],[],[],0,1,2,[],[],https://twitter.com/ncgo1hit/status/1087305779370029058,False,,0,,,,,,,,[],,,,
1070278646814793730,1070277616655978496,2018-12-05 20:28:08 ´ëÇÑ¹Î±¹ Ç¥ÁØ½Ã,2018-12-05,20:28:08,+0900,916279004000165888,forever__213613,강 삐 양,,@PRO_JMLOVER 하루에 오천원으로 살기 프로젝트중인데 교통대금비 빠져나가니까 이제 진짜 월급날까지 오만원으로 버텨야해서 좃댓다 싶어갖고 오늘은 절대 뭐 사먹지 말자 했는데 라면국물이 너무 먹고싶어서 새우탕 890원짜리 소 컵 하나 사묵엇슴 ^~^,ko,[],[],[],0,0,0,[],[],https://twitter.com/forever__213613/status/1070278646814793730,False,,0,,,,,,,,[],,,,
1064013997911887872,1064010954759790592,2018-11-18 13:34:40 ´ëÇÑ¹Î±¹ Ç¥ÁØ½Ã,2018-11-18,13:34:40,+0900,348924635,villain_jud,집에가고싶다Bot🦊Judah,,냄새는... 안성탕면 특유의 냄새에 우리가 아는 새우탕 컵면이 섞인 느낌. 일단 맛없는 냄새는 아니다.  https://t.co/A70rjVJcfi,ko,[],[],['https://pbs.twimg.com/media/DsQjFaCVYAA1tHR.jpg'],1,0,0,[],[],https://twitter.com/Villain_Jud/status/1064013997911887872,False,,1,https://pbs.twimg.com/media/DsQjFaCVYAA1tHR.jpg,,,,,,,[],,,,
1061624451211481091,1061624451211481091,2018-11-11 23:19:27 ´ëÇÑ¹Î±¹ Ç¥ÁØ½Ã,2018-11-11,23:19:27,+0900,954046228550991872,ff14_r____,로펠,,으웩 회사에 친한 언니가 새우탕 미니컵 줫늗데 왜 화장품맛이 나는지 모루겟어 우웩,ko,[],[],[],0,0,1,[],[],https://twitter.com/ff14_R____/status/1061624451211481091,False,,0,,,,,,,,[],,,,
1059803293981990912,1059803293981990912,2018-11-06 22:42:50 ´ëÇÑ¹Î±¹ Ç¥ÁØ½Ã,2018-11-06,22:42:50,+0900,1047138972403548160,cha_6uop,🌜차차🌛,,새우탕라면 컵으로 먹고싶다,ko,[],[],[],0,0,1,[],[],https://twitter.com/CHA_6uOP/status/1059803293981990912,False,,0,,,,,,,,[],,,,
1056798970180100096,1056798970180100096,2018-10-29 15:44:43 ´ëÇÑ¹Î±¹ Ç¥ÁØ½Ã,2018-10-29,15:44:43,+0900,716045120,achesthere,에이케,,아 이제 라면은 됐다 몇 번을 반복해도 만족스러운 경험이 되지 않는다 새우탕면 미니컵(존재하기는 하는건가)과 만나기 전까지 이제 됐어 라면이라는 음식의 구조가 취향과 멀어졌음을 납득하는데 이렇게 오래 걸렸다... 습관성 선호가 가진 관성의 위력,ko,[],[],[],1,0,0,[],[],https://twitter.com/achesthere/status/1056798970180100096,False,,0,,,,,,,,[],,,,
1056421013267726336,1056421013267726336,2018-10-28 14:42:51 ´ëÇÑ¹Î±¹ Ç¥ÁØ½Ã,2018-10-28,14:42:51,+0900,425016876,coca1948,길잡이아기동그라미유령모코나,,그리고 아까왓다갔던손님 질소요정같았어.... 포카칩번들이나 홈런볼이나 새우탕큰컵같은 사이즈는큰데 든건 작고가벼운거 개많이사감,ko,[],[],[],0,0,2,[],[],https://twitter.com/coca1948/status/1056421013267726336,False,,0,,,,,,,,[],,,,
1051838306617442305,1051837215645425664,2018-10-15 23:12:49 ´ëÇÑ¹Î±¹ Ç¥ÁØ½Ã,2018-10-15,23:12:49,+0900,745268491561795585,waterysttar,Crescent,,@vRmfMdMcYn9kK31 그럼 새우탕 큰컵과 튀김우동 작은컵을 드세요!,ko,[],[],[],0,0,0,[],[],https://twitter.com/waterysttar/status/1051838306617442305,False,,0,,,,,,,,[],,,,
1048414096515727360,1048414096515727360,2018-10-06 12:26:13 ´ëÇÑ¹Î±¹ Ç¥ÁØ½Ã,2018-10-06,12:26:13,+0900,1004265674628141061,ashes__s,잿더마요🐧,,다흑 가게에 잇는 컵라면이 새우탕면 오징어짬뽕 튀김우동 밖에없다 게다가 죄다 작은컵이야.....,ko,[],[],[],0,0,0,[],[],https://twitter.com/ashes__s/status/1048414096515727360,False,,0,,,,,,,,[],,,,
1047464764832591872,1047464764832591872,2018-10-03 21:33:55 ´ëÇÑ¹Î±¹ Ç¥ÁØ½Ã,2018-10-03,21:33:55,+0900,990673323838259201,lllolllalll,사람,,"닛신 씨푸드 컵누들.....마싯네.... . . ... . . .........첨엔 걍 새우탕면 맛이라고 생각햇는데...마싯어.....음...........먹고싶네,,,",ko,[],[],[],0,0,1,[],[],https://twitter.com/lllolllalll/status/1047464764832591872,False,,0,,,,,,,,[],,,,
1047325565001261056,1047325565001261056,2018-10-03 12:20:47 ´ëÇÑ¹Î±¹ Ç¥ÁØ½Ã,2018-10-03,12:20:47,+0900,953219334683246595,soonduck_eatx3,순덕이의 먹부림계정,,(우리동네)(집에서 반경 500m)이마트24 초밥. 새우탕면 작은컵을 증정해준다. 동네에 해피타임? 일 때 한접시에 초밥이 천원인 회전초밥집이 있는데 거기랑 맛이 비슷해서 놀랐다. 오히려 밥은 더 맛있었는지도. 계속 발주 해주셨음 좋겠다 (ㅠㅠ)  https://t.co/ETLMrPzDBw,ko,[],[],['https://pbs.twimg.com/media/DojZCVYUYAALBwQ.jpg'],0,0,0,[],[],https://twitter.com/soonduck_eatx3/status/1047325565001261056,False,,1,https://pbs.twimg.com/media/DojZCVYUYAALBwQ.jpg,,,,,,,[],,,,
1036154935270723584,1036154935270723584,2018-09-02 16:32:42 ´ëÇÑ¹Î±¹ Ç¥ÁØ½Ã,2018-09-02,16:32:42,+0900,202146993,tiktok_20,똑 딱 (편식 먹트),,"아침부터 새우탕, 육개장 큰컵 먹기  https://t.co/cI7lj6au17",ko,[],[],['https://pbs.twimg.com/media/DmEpJCsVAAA63h4.jpg'],0,1,5,[],[],https://twitter.com/TikTok_20/status/1036154935270723584,False,,1,https://pbs.twimg.com/media/DmEpJCsVAAA63h4.jpg,,,,,,,[],,,,
1031432932714369024,1031432932714369024,2018-08-20 15:49:08 ´ëÇÑ¹Î±¹ Ç¥ÁØ½Ã,2018-08-20,15:49:08,+0900,828998485487652864,sin_ui17,신의님 스포계,,육사발 새우탕 붉짜장 스파콕 튀김우   고르팝 오잉주 포카청 오징땅 치토주 아그주 딸기튭 아그녹 양파링 시네컵 시네팝 초코팅 초코칩 꽈배기,ko,[],[],[],0,0,0,[],[],https://twitter.com/Sin_ui17/status/1031432932714369024,False,,0,,,,,,,,[],,,,
1027490669101629440,1027490669101629440,2018-08-09 18:44:00 ´ëÇÑ¹Î±¹ Ç¥ÁØ½Ã,2018-08-09,18:44:00,+0900,3583676174,kongminimi,물이,,"신제품2  독도사랑 새우맛 라면 뚜껑을 열자마자 새우향이 진하게 풍긴다 맛은 기존 N브랜드의 새우탕보다 진하고 면자체가 얇아서 먹기도 좋고, 건더기 중 특히 새우건더기가 실제새우를 튀겨놓은건지 통통하고 맛있음 줄여쓰자면  N브랜드새우탕작은컵+진한맛+건더기 =독도사랑라면  https://t.co/WUG6G0qMbw",ko,[],[],['https://pbs.twimg.com/media/DkJhThVU0AENBQG.jpg'],0,6,7,[],[],https://twitter.com/kongminimi/status/1027490669101629440,False,,1,https://pbs.twimg.com/media/DkJhThVU0AENBQG.jpg,,,,,,,[],,,,
1024688149719465984,1024688149719465984,2018-08-02 01:07:47 ´ëÇÑ¹Î±¹ Ç¥ÁØ½Ã,2018-08-02,01:07:47,+0900,739540128549326850,chzoon_,FELIX,,1. 초코파이 냉동실 2. 초코파이 실온 3. 초코파이 전자렌지 10초 4. 새우탕면 큰컵 5. 야식은 무슨 걍 물 한 잔 마시고 잔다,ko,[],[],[],1,0,0,[],[],https://twitter.com/chzoon_/status/1024688149719465984,False,,0,,,,,,,,[],,,,
1015280462074298368,1015280462074298368,2018-07-07 02:04:59 ´ëÇÑ¹Î±¹ Ç¥ÁØ½Ã,2018-07-07,02:04:59,+0900,961104084156772352,1ennn,성인돼지8호,,열한시쯤에 배고픔을 참지못하고..... 새우탕면 컵 이케 해먹었다 확실히 덜짜고 식수도 덜 버리고 훨배 맛있는것 같아 이렇게 하면.. 라면 진짜 오랜만에 먹는거라 맛있어서 눈물날뻔함  https://t.co/fkRKIc49cq,ko,[],[],['https://pbs.twimg.com/media/DhcAMDeU8AA1REc.jpg'],0,0,0,[],[],https://twitter.com/1ENNN/status/1015280462074298368,False,,1,https://pbs.twimg.com/media/DhcAMDeU8AA1REc.jpg,,,,,,,[],,,,
993689954659155969,993688304351506433,2018-05-08 12:12:01 ´ëÇÑ¹Î±¹ Ç¥ÁØ½Ã,2018-05-08,12:12:01,+0900,702236645488070656,seon_ryang_,혐생사는중인 선량,,"@tofldh409 가지고있는게 새우탕(작은컵), 짜장범벅 밖에 없어요.",ko,[],[],[],1,0,0,[],[],https://twitter.com/Seon_Ryang_/status/993689954659155969,False,,0,,,,,,,,"[{'screen_name': 'tofldh409', 'name': 'ৡۣ͜͡ৡ(돌겠는)ㅊㄴ', 'id': '762384730440372224'}]",,,,
990397585138466816,990389734399594496,2018-04-29 10:09:19 ´ëÇÑ¹Î±¹ Ç¥ÁØ½Ã,2018-04-29,10:09:19,+0900,3303985669,yo_mybomi,좋아하나봄,,@NANG_0210 새우탕 작은컵,ko,[],[],[],0,0,0,[],[],https://twitter.com/Yo_mybomi/status/990397585138466816,False,,0,,,,,,,,[],,,,
989752162937810945,989752162937810945,2018-04-27 15:24:39 ´ëÇÑ¹Î±¹ Ç¥ÁØ½Ã,2018-04-27,15:24:39,+0900,964904051702771712,xdbochubx,GREAT UPCYCLING HACK,,버스정류장에 새우탕 작은컵이 뒹굴고있을 이유는 뭘까  https://t.co/9mYgNED0mD,ko,[],[],['https://pbs.twimg.com/media/DbxOOPiU8AAPo8F.jpg'],0,0,0,[],[],https://twitter.com/xdbochubx/status/989752162937810945,False,,1,https://pbs.twimg.com/media/DbxOOPiU8AAPo8F.jpg,,,,,,,[],,,,
989482080491913216,989481500071510016,2018-04-26 21:31:26 ´ëÇÑ¹Î±¹ Ç¥ÁØ½Ã,2018-04-26,21:31:26,+0900,138938314,6_onthe0324,🌹즈이🎸,,그리고 호텔에 새우탕 작은컵을 사와서 끓여먹은 게 너무 맛있어서 새우탕이 이렇게 맛있었단 말인가! 하고 나중에 집에 와서 큰컵으로 먹어봤더니 생각보다 쏘쏘해서... 그 맛은 여행지 버프였는지 양이 적어서 더 맛나게 느껴졌는지 알 수 없다...,ko,[],[],[],1,0,0,[],[],https://twitter.com/6_onthe0324/status/989482080491913216,False,,0,,,,,,,,[],,,,
982331807755481088,982324002038272000,2018-04-07 03:58:48 ´ëÇÑ¹Î±¹ Ç¥ÁØ½Ã,2018-04-07,03:58:48,+0900,338298718,cjh_azkal,아즈칼,,"@EsiriaKim @JagdHummer 비빔면(봉지), 불닭볶음면, 사리곰탕, 우육탕, 짜파게티, 김치면, 까르보 불닭볶음면, 꼬꼬면, 너구리, 새우탕, 스낵면, 신라면, 안성탕면(봉지), 열라면, 오징어짬뽕(봉지), 왕뚜껑, 왕뚜껑 김치, 진라면, 참깨라면, 튀김우동, 해물왕컵",ko,[],[],[],1,0,0,[],[],https://twitter.com/CJH_aZKaL/status/982331807755481088,False,,0,,,,,,,,"[{'screen_name': 'EsiriaKim', 'name': 'NoA', 'id': '257426387'}, {'screen_name': 'JagdHummer', 'name': '야크트새우🍤', 'id': '3029038293'}]",,,,
977510205868064769,977510205868064769,2018-03-24 20:39:28 ´ëÇÑ¹Î±¹ Ç¥ÁØ½Ã,2018-03-24,20:39:28,+0900,952532560269099008,tissue_1102,박휴지,,신라면? 진라면? 불닭? 맛있는라면? 튀김우동? 참깨라면? 새우탕? 왕뚜껑? 짜빠게티? 해물왕컵? 열라면?  뭘 먹어야되죠?,ko,[],[],[],2,0,0,[],[],https://twitter.com/tissue_1102/status/977510205868064769,False,,0,,,,,,,,[],,,,
977509977332924416,977509010130681857,2018-03-24 20:38:34 ´ëÇÑ¹Î±¹ Ç¥ÁØ½Ã,2018-03-24,20:38:34,+0900,952532560269099008,tissue_1102,박휴지,,@BBWoN_o8O7 신라면? 진라면? 불닭? 맛있는라면? 튀김우동? 참깨라면? 새우탕? 왕뚜껑? 짜빠게티? 해물왕컵? 열라면?,ko,[],[],[],0,0,0,[],[],https://twitter.com/tissue_1102/status/977509977332924416,False,,0,,,,,,,,[],,,,
977509755701755904,977509010130681857,2018-03-24 20:37:41 ´ëÇÑ¹Î±¹ Ç¥ÁØ½Ã,2018-03-24,20:37:41,+0900,952532560269099008,tissue_1102,박휴지,,@semoO51O 신라면? 진라면? 불닭? 맛있는라면? 튀김우동? 참깨라면? 새우탕? 왕뚜껑? 짜빠게티? 해물왕컵? 열라면?,ko,[],[],[],0,0,0,[],[],https://twitter.com/tissue_1102/status/977509755701755904,False,,0,,,,,,,,[],,,,
975042204199604229,975042204199604229,2018-03-18 01:12:31 ´ëÇÑ¹Î±¹ Ç¥ÁØ½Ã,2018-03-18,01:12:31,+0900,794175166003589120,talks_of_wonder,계이했음,,경이님은 육개장 보단 새우탕 조아하니 육개장에 가려진 새우탕 작은컵을 차자서 방으로 들고가 엄마 몰래 먹겠읍니다,ko,[],[],[],0,0,0,[],[],https://twitter.com/Talks_of_Wonder/status/975042204199604229,False,,0,,,,,,,,[],,,,
970890849302167552,970890849302167552,2018-03-06 14:16:31 ´ëÇÑ¹Î±¹ Ç¥ÁØ½Ã,2018-03-06,14:16:31,+0900,223152750,nyang8674,큐트말랑보이💕너는그것보다더특별해,,처음봐서 사봤는데.. 컵새우탕보다 맛있어,ko,[],[],[],0,0,0,[],[],https://twitter.com/nyang8674/status/970890849302167552,False,,0,,,,,,,,[],,,,
970697850420998146,970697850420998146,2018-03-06 01:29:36 ´ëÇÑ¹Î±¹ Ç¥ÁØ½Ã,2018-03-06,01:29:36,+0900,1257097813,bogusday,보거스,,아니 새우탕면 작은컵이 더 맛있다니,ko,[],[],[],0,0,0,[],[],https://twitter.com/bogusday/status/970697850420998146,False,,0,,,,,,,,[],,,,
970697086575394817,970696184787484672,2018-03-06 01:26:34 ´ëÇÑ¹Î±¹ Ç¥ÁØ½Ã,2018-03-06,01:26:34,+0900,302416444,gghyeri,남는입,,@bogusday 근데 새우탕 작은컵이 100배는 맛잇음,ko,[],[],[],1,0,0,[],[],https://twitter.com/GGhyeri/status/970697086575394817,False,,0,,,,,,,,"[{'screen_name': 'bogusday', 'name': '보거스', 'id': '1257097813'}]",,,,
966733904940908544,966703085757259776,2018-02-23 02:58:18 ´ëÇÑ¹Î±¹ Ç¥ÁØ½Ã,2018-02-23,02:58:18,+0900,2504787630,dotori__jelly,⌯' ▾ '⌯ 다람쥐 젤리,,@Ppyok_people 헉 마자요 왕뚜껑!!!!!!!! ㅈ진짜 컵라면 중에서도 맛있는 거 많아요 ㅜㅠㅜㅠㅠㅠㅠ 컵누들 콕콕콕 시리즈.... 새우탕 튀김우동... 헉 저는 불닭볶음면 하나밖에 못 먹어봐서 까르보나라는 잘 모르겠는데 맛있ㅇ나요??? ㅜㅜㅜㅜㅜㅜㅜㅜㅜㅠㅜㅜㅜㅠ,ko,[],[],[],0,0,0,[],[],https://twitter.com/Dotori__Jelly/status/966733904940908544,False,,0,,,,,,,,[],,,,
966466984538877952,966466984538877952,2018-02-22 09:17:39 ´ëÇÑ¹Î±¹ Ç¥ÁØ½Ã,2018-02-22,09:17:39,+0900,852498566433996800,madbmo,💙임자💙,,요즘 안먹던 라면이 갑자기 땡길때가 있는데 지금이 그렇다. 새우탕면 작은컵 먹고싶어....:Q......,ko,[],[],[],0,0,0,[],[],https://twitter.com/madbmo/status/966466984538877952,False,,0,,,,,,,,[],,,,
965971429303791616,965971429303791616,2018-02-21 00:28:30 ´ëÇÑ¹Î±¹ Ç¥ÁØ½Ã,2018-02-21,00:28:30,+0900,302416444,gghyeri,남는입,,건면새우탕 맛있다... 근데 새우탕 작은컵이 조금더 쩌는거같아...,ko,[],[],[],0,0,0,[],[],https://twitter.com/GGhyeri/status/965971429303791616,False,,0,,,,,,,,[],,,,
952917676099170304,952917676099170304,2018-01-15 23:57:32 ´ëÇÑ¹Î±¹ Ç¥ÁØ½Ã,2018-01-15,23:57:32,+0900,948851633923878912,i_i_wow,⚘트랜스석고상⚘,,새우탕작은컵끓여서김으로 #EBS_여성퀴어_부당하차 면싸서먹으면겁나맛있어요여러분,ko,[],[],[],0,2,0,['ebs_여성퀴어_부당하차'],[],https://twitter.com/I_I_wow/status/952917676099170304,False,,0,,,,,,,,[],,,,
951835844100304897,951786682818293761,2018-01-13 00:18:44 ´ëÇÑ¹Î±¹ Ç¥ÁØ½Ã,2018-01-13,00:18:44,+0900,878629288056049665,like_you_nuest,온샘,,@Scale_Nu 전래 마싯겟다 도공동공 나눈 지굼 라면 먹는다 라면은 역시 딘라면인디 아쉽게도 불닭이랑 새우탕 작은 컵 어무니랑 나눠 모굼 (tmi,ko,[],[],[],0,0,0,[],[],https://twitter.com/Like_you_Nuest/status/951835844100304897,False,,0,,,,,,,,"[{'screen_name': 'Scale_Nu', 'name': '따운', 'id': '926113259123441664'}]",,,,
922427761267843073,922427761267843073,2017-10-23 20:41:30 ´ëÇÑ¹Î±¹ Ç¥ÁØ½Ã,2017-10-23,20:41:30,+0900,881576936601825280,cutehope_218,하🍀,,"튀김우동 컵라묜,새우탕면컵라묜 중에 뭐가 맛있어??(저녁밥이라ㅎㅎ😀",ko,[],[],[],3,0,2,[],[],https://twitter.com/CuteHOPE_218/status/922427761267843073,False,,0,,,,,,,,[],,,,
920998541501149184,920985039923326976,2017-10-19 22:02:18 ´ëÇÑ¹Î±¹ Ç¥ÁØ½Ã,2017-10-19,22:02:18,+0900,4100672478,yan008900,얀,,@molsal_more 왜냐면 파럴님이 그걸 드셨기 때문에...? 새우탕면 작은컵은 굶기는 거나 다름없다고 시인하고 계시군요 앤캐에게 하면 안되는 짓은 본인에게도 하지 마시기 캠페인^_ㅠ 내일은 도련님이 삼단으로 도시락 싸주는걸 잊을 예정이며 걔 저녁은 호빵 두개입니다,ko,[],[],[],1,0,0,[],[],https://twitter.com/yan008900/status/920998541501149184,False,,0,,,,,,,,"[{'screen_name': 'molsal_more', 'name': 'PRR🎀', 'id': '705787886419836930'}]",,,,
920997101160374272,920985039923326976,2017-10-19 21:56:34 ´ëÇÑ¹Î±¹ Ç¥ÁØ½Ã,2017-10-19,21:56:34,+0900,4100672478,yan008900,얀,,@molsal_more 배부르긴 하겠지만 영양가가... 아플 땐 라면 말고 밥을 드셔야하는데 흐흑 그래도 뭐든 드셨다니 다행이에요 그런 의미에서 내일 장작의 점심은 새우탕면 작은컵...(넘,ko,[],[],[],1,0,0,[],[],https://twitter.com/yan008900/status/920997101160374272,False,,0,,,,,,,,"[{'screen_name': 'molsal_more', 'name': 'PRR🎀', 'id': '705787886419836930'}]",,,,
920855624455397377,920848914453897216,2017-10-19 12:34:24 ´ëÇÑ¹Î±¹ Ç¥ÁØ½Ã,2017-10-19,12:34:24,+0900,409783938,horai2500,듀크레이🦋デューケ,,@Kalserian 나쯤해서 바꾼거겠지... 오징어짬뽕 작은컵도 받아보고 새우탕도 받아봄,ko,[],[],[],0,0,0,[],[],https://twitter.com/horai2500/status/920855624455397377,False,,0,,,,,,,,"[{'screen_name': 'Kalserian', 'name': '세리안', 'id': '2989002582'}]",,,,
920481312221179904,920481312221179904,2017-10-18 11:47:01 ´ëÇÑ¹Î±¹ Ç¥ÁØ½Ã,2017-10-18,11:47:01,+0900,4811612684,do_ra_gee,연우보호자⋆͛*͛୧(◍ ᐡᐤᐡ ◍) ୨*͛,,컵진라면 세박스에.. 새우탕면컵도 한박스 다 먹어가는데 저게 모두 내 몸속으로 들어갔다 생각하면 좀 끊고싶어진다,ko,[],[],[],0,0,1,[],[],https://twitter.com/do_ra_gee/status/920481312221179904,False,,0,,,,,,,,[],,,,
907932648768540677,907921877116403712,2017-09-13 20:43:06 ´ëÇÑ¹Î±¹ Ç¥ÁØ½Ã,2017-09-13,20:43:06,+0900,875768944866480128,jisungy0308,봄윤,,@YoonJS_saeng 말하고보니까 너모 궁금하다 지성이의 라면취향 매운거 싫어하니까 신라면 진라면매운맛 이런쪽은 아닐거구 음....스낵면이나.......새우탕....컵누들 우동맛...육개장...이런걸려나,ko,[],[],[],1,0,0,[],[],https://twitter.com/jisungY0308/status/907932648768540677,False,,0,,,,,,,,"[{'screen_name': 'YoonJS_saeng', 'name': '더생🍚', 'id': '854734867363274752'}]",,,,
904746462759624705,904746462759624705,2017-09-05 01:42:20 ´ëÇÑ¹Î±¹ Ç¥ÁØ½Ã,2017-09-05,01:42:20,+0900,2982428964,everybodylovej1,기,,짜파게티 사리곰탕 진라면 육개장(컵) 불닭볶음면(컵) 너구리 찰비빔면 튀김우동(컵) 새우탕(컵) 드레싱누들 치즈볶이(컵),ko,[],[],[],1,0,0,[],[],https://twitter.com/everybodylovej1/status/904746462759624705,False,,0,,,,,,,,[],,,,
903084816249131008,903084816249131008,2017-08-31 11:39:33 ´ëÇÑ¹Î±¹ Ç¥ÁØ½Ã,2017-08-31,11:39:33,+0900,509774311,seasquirt0304,뭉게뭉게,,오늘의 고민... 컵라면 두개 먹을까 한개 먹을까 소인에게는 짜파게티 1컵 새우탕면 1컵이 있소이다,ko,[],[],[],1,0,0,[],[],https://twitter.com/seasquirt0304/status/903084816249131008,False,,0,,,,,,,,[],,,,
893013859199365120,892967079472619522,2017-08-03 16:41:10 ´ëÇÑ¹Î±¹ Ç¥ÁØ½Ã,2017-08-03,16:41:10,+0900,2840736738,beyourbasil,라륵•••,,@sabina_114 저도요 여름이라 입이 짧아졌나 며칠전 오징어짬뽕(작은컵)도 어제 새우탕(작은컵)도 오늘 야끼소바면도 반정도 먹고 젓가락 내려놨다가 좀 쉬다가 완면했네요...,ko,[],[],[],0,0,0,[],[],https://twitter.com/beyourbasil/status/893013859199365120,False,,0,,,,,,,,[],,,,
884110087337291776,884110087337291776,2017-07-10 03:00:45 ´ëÇÑ¹Î±¹ Ç¥ÁØ½Ã,2017-07-10,03:00:45,+0900,740046177303859200,_stardust_831_,슫어,,아씨... 배고파... 새우탕 컵면 먹고시퍼ㅜㅡㅠ,ko,[],[],[],0,0,0,[],[],https://twitter.com/_stardust_831_/status/884110087337291776,False,,0,,,,,,,,[],,,,
873901061068570624,873901061068570624,2017-06-11 22:53:43 ´ëÇÑ¹Î±¹ Ç¥ÁØ½Ã,2017-06-11,22:53:43,+0900,802420354660507648,2churros8924,[♦메인트♦]🐱츄러스,,으 시발 오늘 너무 처먹었어 짜장면+깐풍기+비빔면2개+스위트콘+새우탕 큰컵+삼각김밥+쿨피스,ko,[],[],[],0,0,0,[],[],https://twitter.com/2Churros8924/status/873901061068570624,False,,0,,,,,,,,[],,,,
873815972796407808,873815972796407808,2017-06-11 17:15:37 ´ëÇÑ¹Î±¹ Ç¥ÁØ½Ã,2017-06-11,17:15:37,+0900,802420354660507648,2churros8924,[♦메인트♦]🐱츄러스,,오늘 하루 종일 먹은거 새우탕 큰컵 하나 쿨피스 중간사이즈 하나 삼각김밥 하나..,ko,[],[],[],0,0,0,[],[],https://twitter.com/2Churros8924/status/873815972796407808,False,,0,,,,,,,,[],,,,
873558359521148928,873537639038595074,2017-06-11 00:11:57 ´ëÇÑ¹Î±¹ Ç¥ÁØ½Ã,2017-06-11,00:11:57,+0900,3326671855,honeywhiskey11,허니선탱님,,@CHA_NNNNN ㅎㅎㅎㅎ 오빠 새우탕파구만!!!!!!! 담엔 컵누들도 먹어봐요 좋아할듯...,ko,[],[],[],0,0,0,[],[],https://twitter.com/honeywhiskey11/status/873558359521148928,False,,0,,,,,,,,"[{'screen_name': 'CHA_NNNNN', 'name': '차학연 VIXX_N', 'id': '524121160'}]",,,,
873539708764041217,873537639038595074,2017-06-10 22:57:50 ´ëÇÑ¹Î±¹ Ç¥ÁØ½Ã,2017-06-10,22:57:50,+0900,2886440425,kenbyeol_0406,🐣켄별🐣,,@CHA_NNNNN 오빠 역시 컵라으면은 새우타유ㅠㅠ!!!!!,ko,[],[],[],0,0,0,[],[],https://twitter.com/kenbyeol_0406/status/873539708764041217,False,,0,,,,,,,,"[{'screen_name': 'CHA_NNNNN', 'name': '차학연 VIXX_N', 'id': '524121160'}]",,,,
871400855735377920,871400855735377920,2017-06-05 01:18:48 ´ëÇÑ¹Î±¹ Ç¥ÁØ½Ã,2017-06-05,01:18:48,+0900,804845652580540416,140619_moomoo,마마무에게 인생배팅~^^,,어제 한 끼도 안 먹고 오늘 새벽에 새우탕 한 컵에 후        ㅡㅡㅡ쨩 옵치본다,ko,[],[],[],0,0,0,[],[],https://twitter.com/140619_moomoo/status/871400855735377920,False,,0,,,,,,,,[],,,,
870499892971556864,870499892971556864,2017-06-02 13:38:42 ´ëÇÑ¹Î±¹ Ç¥ÁØ½Ã,2017-06-02,13:38:42,+0900,1282714082,hsoosong,🌴,,컵누들 연구 중. 생각보다 여러 맛이 있고 실물을 본 적이 없어 인터넷 주문해볼까 생각. 맛 별로 한박스씩 사면 세달간 컵누들만 먹게 되겠지.... 똠양꿍과 새우탕이 궁금해서 꿈에 나올 것 같다.,ko,[],[],[],0,0,0,[],[],https://twitter.com/hsoosong/status/870499892971556864,False,,0,,,,,,,,[],,,,
861146462939262976,861113192453349376,2017-05-07 18:11:30 ´ëÇÑ¹Î±¹ Ç¥ÁØ½Ã,2017-05-07,18:11:30,+0900,360033490,rochellechung,톡톡,,@anne1702__ 마른 멸치 대신 우동스프 쓰시면 맛 비슷할 것 같아요. 컵우동(새우탕같은)을 사서 스프로 육수 내고 우동은 마지막에 사리로 이용. 액젓은 생략하시고 대신 국간장이나 진간장을 좀더 넣으시면 될것 같아요.,ko,[],[],[],0,0,0,[],[],https://twitter.com/rochellechung/status/861146462939262976,False,,0,,,,,,,,"[{'screen_name': 'anne1702__', 'name': 'Sunnnnnn', 'id': '272161274'}]",,,,
854334437214920704,854334437214920704,2017-04-18 23:02:57 ´ëÇÑ¹Î±¹ Ç¥ÁØ½Ã,2017-04-18,23:02:57,+0900,150152827,gomtoro_life,곰토로,,집에서 혼술 소주 안주로 국물이 아쉬울 때 새우탕 미니컵이 참 좋네. 크으.,ko,[],[],[],0,0,0,[],[],https://twitter.com/Gomtoro_life/status/854334437214920704,False,,0,,,,,,,,[],,,,
847866098863058944,847861625801625603,2017-04-01 02:40:05 ´ëÇÑ¹Î±¹ Ç¥ÁØ½Ã,2017-04-01,02:40:05,+0900,2478335702,akia_ru,루루루루루루루루루,,"@Akia_ru 한시간만에 먹은 것 : 새우탕면 작은컵, 백숙(가슴살) 30g쯤, 방울토마토 적어도 100g 이상, 오감자(양념치킨맛) 30~40g쯤",ko,[],[],[],1,0,0,[],[],https://twitter.com/Akia_ru/status/847866098863058944,False,,0,,,,,,,,"[{'screen_name': 'Akia_ru', 'name': '루루루루루루루루루', 'id': '2478335702'}]",,,,
837306409893056513,837301537709838336,2017-03-02 23:19:39 ´ëÇÑ¹Î±¹ Ç¥ÁØ½Ã,2017-03-02,23:19:39,+0900,1962191052,manuvidan,비단,,@sulleim_v 넘나 늦어서... 작은컵새우탕 먹었습니당ㅜㅜ 빈님도 조심히 가셔여,ko,[],[],[],0,0,0,[],[],https://twitter.com/manuvidan/status/837306409893056513,False,,0,,,,,,,,[],,,,
831812720441712640,831691047138758657,2017-02-15 19:29:41 ´ëÇÑ¹Î±¹ Ç¥ÁØ½Ã,2017-02-15,19:29:41,+0900,4675882214,_hurryup___,급급,,@dxeaxing 허억..신라면 참깨라면 오모리 김치찌개 진라면 진짬뽕 간짬뽕 육개장 우육면 안성탕면 스낵면 치즈볶이 라면볶이 스파게티 짜파게티 짜왕 진짜장 간짜장 새우탕 해물왕컵 꼬꼬면 나가사키 삼양라면 누들컵 오징어짬뽕 도시락 (이봐요,ko,[],[],[],0,0,0,[],[],https://twitter.com/_hurryup___/status/831812720441712640,False,,0,,,,,,,,[],,,,
813079621642043392,813079621642043392,2016-12-26 02:51:02 ´ëÇÑ¹Î±¹ Ç¥ÁØ½Ã,2016-12-26,02:51:02,+0900,3034638901,parana0,🌊 parana 박해솔 🏄‍♂️,,그치만 저는 공정왕이니깐요 튀김우동 큰컵이랑 새우탕 작은컵을 먹겠습니다,ko,[],[],[],0,0,0,[],[],https://twitter.com/parana0/status/813079621642043392,False,,0,,,,,,,,[],,,,
800965411340623872,800964882807934977,2016-11-22 16:33:29 ´ëÇÑ¹Î±¹ Ç¥ÁØ½Ã,2016-11-22,16:33:29,+0900,1325120881,sex_sm_,브루노,,@sexy_min735 새우탕 작은컵,ko,[],[],[],0,0,0,[],[],https://twitter.com/sex_sm_/status/800965411340623872,False,,0,,,,,,,,[],,,,
795985323163406336,795974790724997120,2016-11-08 22:44:24 ´ëÇÑ¹Î±¹ Ç¥ÁØ½Ã,2016-11-08,22:44:24,+0900,4486968318,tt_0x0,✧티튬✧,,@ilove_7634 새우탕 신라면 우동 해물왕컵 이런 것 뿐ㄴ,ko,[],[],[],0,0,0,[],[],https://twitter.com/TT_0x0/status/795985323163406336,False,,0,,,,,,,,[],,,,
795976130121449473,795974626799075334,2016-11-08 22:07:52 ´ëÇÑ¹Î±¹ Ç¥ÁØ½Ã,2016-11-08,22:07:52,+0900,4486968318,tt_0x0,✧티튬✧,,@honyaenyae_poke 헤헤 보낼때 두개정도 보내드려야지ㅣ 해물왕컵 새우탕 우동 등등 흔한 것만 있는ㄴ데 괜찮으실가,ko,[],[],[],1,1,0,[],[],https://twitter.com/TT_0x0/status/795976130121449473,False,,0,,,,,,,,"[{'screen_name': 'honyaenyae_poke', 'name': '노트북 고장난 자활', 'id': '794143755385257984'}]",,,,
791118240499965954,791118240499965954,2016-10-26 12:24:21 ´ëÇÑ¹Î±¹ Ç¥ÁØ½Ã,2016-10-26,12:24:21,+0900,4535499066,thne0422,[죽어있다] 뀨피트 뀨,,"엄마가 도시락 싸주셨는데.. 소시지랑 밥이랑 무생채라니.. 나 무생채 못먹는데....싫어하는게 아니라 아예 못먹는데... 비엔나랑만 먹으면 느끼해서 싫어!!! 그러니까 라면도 먹어야지(살찜) 오짬,너구리,컵누들,스낵면,새우탕.. 머먹지..큽흑.....",ko,[],[],[],0,0,0,[],[],https://twitter.com/thne0422/status/791118240499965954,False,,0,,,,,,,,[],,,,
791117723665399809,791117723665399809,2016-10-26 12:22:18 ´ëÇÑ¹Î±¹ Ç¥ÁØ½Ã,2016-10-26,12:22:18,+0900,742731158090174465,tini0422,계이합니다 메인트 봐주세요!) 뀨💕,,"엄마가 도시락 싸주셨는데.. 소시지랑 밥이랑 무생채라니.. 나 무생채 못먹는데....싫어하는게 아니라 아예 못먹는데... 비엔나랑만 먹으면 느끼해서 싫어!!! 그러니까 라면도 먹어야지(살찜) 오짬,너구리,컵누들,스낵면,새우탕.. 머먹지..큽흑.....",ko,[],[],[],0,0,0,[],[],https://twitter.com/tini0422/status/791117723665399809,False,,0,,,,,,,,[],,,,
779444498996658177,778938742329323520,2016-09-24 07:17:04 ´ëÇÑ¹Î±¹ Ç¥ÁØ½Ã,2016-09-24,07:17:04,+0900,424089507,ulikeo,야옹이형,,"@kimminia 육개장은 작은컵이 맛있고 큰컵은 맛없엉 김치사발면도 마찬가지. 맛있는 큰컵은 새우탕, 우육탕, 또 뭐가있더라",ko,[],[],[],0,0,0,[],[],https://twitter.com/UlikeO/status/779444498996658177,False,,0,,,,,,,,"[{'screen_name': 'kimminia', 'name': '김미냐🎗', 'id': '130662070'}]",,,,
767263498296373248,767229997664710656,2016-08-21 16:34:07 ´ëÇÑ¹Î±¹ Ç¥ÁØ½Ã,2016-08-21,16:34:07,+0900,748527656623173632,beni07190,✨대박나는 아루카🍀🍀,,"@Saeromi_1004 @109banana @yanocturne @happypeach_xia 일반 치즈면, 슬라이스 치즈요? 슬라이스 보다는 모짜렐라 치즈가 찰떡궁합이예요!  슬라이스 치즈는 컵 라면에 더 잘어울립니당(특히 새우탕면요",ko,[],[],[],0,0,1,[],[],https://twitter.com/beni07190/status/767263498296373248,False,,0,,,,,,,,"[{'screen_name': 'Saeromi_1004', 'name': '새로미', 'id': '746991854932000768'}, {'screen_name': '109banana', 'name': '중년바나나( ᵕ̩̩ㅅᵕ̩̩ )', 'id': '161561509'}, {'screen_name': 'yanocturne', 'name': '자유의 모미 되지 못한 디위', 'id': '747785584211427329'}]",,,,
746764370722447361,746764370722447361,2016-06-26 02:57:54 ´ëÇÑ¹Î±¹ Ç¥ÁØ½Ã,2016-06-26,02:57:54,+0900,3108434636,sae_5s,센에,,아 달걀말이+머스타드 먹고 싶어어어어 여기에 참깨라면 큰컵이나 새우탕 소면에다 탄산음료 껴먹음 맛있긋다,ko,[],[],[],0,0,0,[],[],https://twitter.com/sae_5s/status/746764370722447361,False,,0,,,,,,,,[],,,,
746005033259458560,746005033259458560,2016-06-24 00:40:34 ´ëÇÑ¹Î±¹ Ç¥ÁØ½Ã,2016-06-24,00:40:34,+0900,302416444,gghyeri,남는입,,비빔면.. 해물왕컵... 새우탕... 김치사발면.. 스낵면.. 너구리.. 안성탕면.. 참깨라면.. 쇠고기면.. 북경짜장..,ko,[],[],[],0,0,0,[],[],https://twitter.com/GGhyeri/status/746005033259458560,False,,0,,,,,,,,[],,,,
736557769101217793,736552170468704256,2016-05-28 23:00:31 ´ëÇÑ¹Î±¹ Ç¥ÁØ½Ã,2016-05-28,23:00:31,+0900,207855362,brother_mae,매형,,저 컵누들 처음 먹어보는데 생각보단 별로다. 내가 새우탕면같은거 안좋아해서 그런지. 맛있는데 내 스타일이 아닌것. 주먹밥은 영혼없이 골랐는데 의외로 맛있다.  https://t.co/OGqXZXLY8B,ko,[],[],['https://pbs.twimg.com/media/CjjHSwaUkAQ0BUU.jpg'],1,0,0,[],[],https://twitter.com/brother_mae/status/736557769101217793,False,,1,https://pbs.twimg.com/media/CjjHSwaUkAQ0BUU.jpg,,,,,,,[],,,,
728252328239734785,728252328239734785,2016-05-06 00:57:39 ´ëÇÑ¹Î±¹ Ç¥ÁØ½Ã,2016-05-06,00:57:39,+0900,3360578414,k0mu_hbin,난다,,아침에 새우탕 작은컵 하나랑 포테토칩 한봉지 먹고 여태까지 인데 불닭볶음면 먹어 말아?,ko,[],[],[],0,0,0,[],[],https://twitter.com/K0Mu_HBIN/status/728252328239734785,False,,0,,,,,,,,[],,,,
726583281437663232,726583281437663232,2016-05-01 10:25:28 ´ëÇÑ¹Î±¹ Ç¥ÁØ½Ã,2016-05-01,10:25:28,+0900,3048709208,2xhas,이지구,,새우탕 큰컵 맛없엉 소컵이 맛있엉,ko,[],[],[],0,0,0,[],[],https://twitter.com/2xhas/status/726583281437663232,False,,0,,,,,,,,[],,,,
712496680340316160,712496680340316160,2016-03-23 13:30:20 ´ëÇÑ¹Î±¹ Ç¥ÁØ½Ã,2016-03-23,13:30:20,+0900,118588961,takozyaki,Z,,나 사실 엊그저께 1년만에 컵라면 막었는데 진짜 눈물 흘릴 뻔했다 너무 맛있어서.... 새우탕면 작은 컵이었고 다행히 오른쪽 허벅다리에 두드러기가 좀 나는 것으로 선방했다,ko,[],[],[],1,0,0,[],[],https://twitter.com/takozyaki/status/712496680340316160,False,,0,,,,,,,,[],,,,
701458059546112001,701456665493659648,2016-02-22 02:26:48 ´ëÇÑ¹Î±¹ Ç¥ÁØ½Ã,2016-02-22,02:26:48,+0900,2264465108,heart_b_b_bitna,𝑩𝑰𝑻𝑵𝑨,,@r_ecuerdame ㅋㅋㅋㅋㅋㅋㅋㅋㅋㅋㅋㅋㅋㅋㅋㅋ컵라면 작은 컵은 육개장 큰 컵은 새우탕 봉지라면은 신라면 최고,ko,[],[],[],1,0,0,[],[],https://twitter.com/Heart_B_B_BITNA/status/701458059546112001,False,,0,,,,,,,,[],,,,
701370474467446785,701370114910752768,2016-02-21 20:38:46 ´ëÇÑ¹Î±¹ Ç¥ÁØ½Ã,2016-02-21,20:38:46,+0900,3172334552,4332__,터렛,,@4332__ 베란다에 컵새우탕 6개도 있다 개꿀,ko,[],[],[],0,0,1,[],[],https://twitter.com/4332__/status/701370474467446785,False,,0,,,,,,,,[],,,,
688750421494480897,688699491457748992,2016-01-18 00:51:11 ´ëÇÑ¹Î±¹ Ç¥ÁØ½Ã,2016-01-18,00:51:11,+0900,188670349,erisiael,E jongchan,,@snsn_2 ㅠ.ㅠ....... 걍 새우탕을 먹다보니 컵누들이 궁금해졌어... 일본 잠깐잠깐은 가도 어째 컵누들을 안먹어봐성,ko,[],[],[],2,0,0,[],[],https://twitter.com/Erisiael/status/688750421494480897,False,,0,,,,,,,,[],,,,
