id,conversation_id,created_at,date,time,timezone,user_id,username,name,place,tweet,language,mentions,urls,photos,replies_count,retweets_count,likes_count,hashtags,cashtags,link,retweet,quote_url,video,thumbnail,near,geo,source,user_rt_id,user_rt,retweet_id,reply_to,retweet_date,translate,trans_src,trans_dest
1382668967257403394,1382668967257403394,2021-04-15 21:15:45 ´ëÇÑ¹Î±¹ Ç¥ÁØ½Ã,2021-04-15,21:15:45,+0900,412220613,j_the_otaku,𝓙,,양념치킨 사발면 불량식품같고 좋네 근데 일본인이 먹을수있는 맵기가 아닌ㄷㅣ,ko,[],[],[],0,0,0,[],[],https://twitter.com/j_the_otaku/status/1382668967257403394,False,,0,,,,,,,,[],,,,
1071631399835262977,1071631399835262977,2018-12-09 14:03:30 ´ëÇÑ¹Î±¹ Ç¥ÁØ½Ã,2018-12-09,14:03:30,+0900,234220926,cjenny514,엔리카,,오늘의 발견: 양념치킨 사발면엔 뜨거운물 부은 뒤 젓가락 꽂아서 뚜껑 고정하는 구멍이 있음. 편하다  https://t.co/dFub1lhdg7,ko,[],[],['https://pbs.twimg.com/media/Dt8zEuyVYAAeAo5.jpg'],0,7,6,[],[],https://twitter.com/Cjenny514/status/1071631399835262977,False,,1,https://pbs.twimg.com/media/Dt8zEuyVYAAeAo5.jpg,,,,,,,[],,,,
1025192357497430016,1025192357497430016,2018-08-03 10:31:19 ´ëÇÑ¹Î±¹ Ç¥ÁØ½Ã,2018-08-03,10:31:19,+0900,4034711412,rei_rialtra,레이/전공대면여부확인하기,,양념치킨 사발면 먹어봤는데.... 매워(이사람 매운거 잘 못먹음),ko,[],[],[],0,0,0,[],[],https://twitter.com/Rei_Rialtra/status/1025192357497430016,False,,0,,,,,,,,[],,,,
1020240545874972672,1020240545874972672,2018-07-20 18:34:35 ´ëÇÑ¹Î±¹ Ç¥ÁØ½Ã,2018-07-20,18:34:35,+0900,2452954560,nesky_co,SKY 헤더도 예쁨,,왤케 양념치킨 사발면은 영 땡기질않지...,ko,[],[],[],0,0,0,[],[],https://twitter.com/Nesky_co/status/1020240545874972672,False,,0,,,,,,,,[],,,,
1009309187438882817,1009309187438882817,2018-06-20 14:37:17 ´ëÇÑ¹Î±¹ Ç¥ÁØ½Ã,2018-06-20,14:37:17,+0900,708321908345835520,firegoodson,효자동 불효자,,"농심에서 나온 매콤달콤 양념치킨 사발면을 먹어보았다. 비빌때 치킨 양념의 냄새가 확 올라온다. 멕시카나나 페리카나, 처갓집 같은 1세대 양념치킨에서 느낄 수 있는 그런 향이다. 한입 먹어보니 확 맵다. 불닭볶음면 급으로 맵다. 그런데 미묘하게 소스에서 치킨무 국물 냄새가 같이 난다.",ko,[],[],[],1,0,0,[],[],https://twitter.com/firegoodson/status/1009309187438882817,False,,0,,,,,,,,[],,,,
1007725167991111680,1007725164610457600,2018-06-16 05:42:57 ´ëÇÑ¹Î±¹ Ç¥ÁØ½Ã,2018-06-16,05:42:57,+0900,150878657,dangerplanet,마이너스의 손,,"꼭 그정도까지는 아니고 그냥 '양념치킨사발면'의 영역을 확보했다고 할까,그냥 일반 치킨양념과는 다른 양념임. 정 치킨이 아쉽다면 근처 패스트푸드점에서 치킨너겟을 추가해서 먹어도 됨. 추가 구매 의사가 있냐고 묻는다면..  한번이면 족함.",ko,[],[],[],0,0,0,[],[],https://twitter.com/Dangerplanet/status/1007725167991111680,False,,0,,,,,,,,[],,,,
1003993043635036160,1003992555250302976,2018-06-05 22:32:49 ´ëÇÑ¹Î±¹ Ç¥ÁØ½Ã,2018-06-05,22:32:49,+0900,150878657,dangerplanet,마이너스의 손,,양념치킨 사발면까지는 네타성 제품으로 일시 출시는 해볼 수 있다 생각하지만 이걸 봉지면으로? 제품 관여자가 회장쯤 되나...,ko,[],[],[],0,0,0,[],[],https://twitter.com/Dangerplanet/status/1003993043635036160,False,,0,,,,,,,,[],,,,
997148202083086344,997148202083086344,2018-05-18 01:13:52 ´ëÇÑ¹Î±¹ Ç¥ÁØ½Ã,2018-05-18,01:13:52,+0900,968164516608421888,honi_yamu_p,뮤케치 (=) HoneyPalette,,흑흑...돈이 쬐끔이나마 더 있었다면  양념치킨 사발면사서 마싯게 후루룩했을텐데ㅠㅠ,ko,[],[],[],0,0,1,[],[],https://twitter.com/HONi_YAMU_P/status/997148202083086344,False,,0,,,,,,,,[],,,,
995965327467995137,995965327467995137,2018-05-14 18:53:32 ´ëÇÑ¹Î±¹ Ç¥ÁØ½Ã,2018-05-14,18:53:32,+0900,985068975980625922,egggagame,로그아웃,,양념치킨 사발면 팔길래 사봤는데 물음표뜨는 맛,ko,[],[],[],0,0,1,[],[],https://twitter.com/egggagame/status/995965327467995137,False,,0,,,,,,,,[],,,,
992127550838067200,992127550838067200,2018-05-04 04:43:35 ´ëÇÑ¹Î±¹ Ç¥ÁØ½Ã,2018-05-04,04:43:35,+0900,992124656705462272,untilwhhotbody,똘추는 살빼는중,,"2018-05-03 목 오후 5시 기상 저녁- 오므라이스, 양념치킨사발면 간식- 허쉬초콜릿드링크 235ml, 듀이초코도넛x2",ko,[],[],[],0,0,0,[],[],https://twitter.com/untilWHhotbody/status/992127550838067200,False,,0,,,,,,,,[],,,,
991027894628401152,991027894628401152,2018-05-01 03:53:57 ´ëÇÑ¹Î±¹ Ç¥ÁØ½Ã,2018-05-01,03:53:57,+0900,270311891,0000up,공사없,,양념치킨 사발면 양념치킨 소스맛 자체는 잘 살린거 같음. 마늘향과 위에 뿌린 땅콩이 양념치킨소스 느낌 잘 나게 함. 그리고 생각보다 매움. 불닭보다는 약하다. 물론 어디까지나 라면이지 치킨 대용은 아니다  https://t.co/pHwCiWwmIC,ko,[],[],['https://pbs.twimg.com/media/DcDWmZzVMAEqlLK.jpg'],0,3,1,[],[],https://twitter.com/0000up/status/991027894628401152,False,,1,https://pbs.twimg.com/media/DcDWmZzVMAEqlLK.jpg,,,,,,,[],,,,
