id,conversation_id,created_at,date,time,timezone,user_id,username,name,place,tweet,language,mentions,urls,photos,replies_count,retweets_count,likes_count,hashtags,cashtags,link,retweet,quote_url,video,thumbnail,near,geo,source,user_rt_id,user_rt,retweet_id,reply_to,retweet_date,translate,trans_src,trans_dest
1475759609654956036,1475759609654956036,2021-12-28 18:24:43 ´ëÇÑ¹Î±¹ Ç¥ÁØ½Ã,2021-12-28,18:24:43,+0900,1468987694344982531,ojm011205,오정민(ojm9204),,"집에서는 삼양, 너구리, 짜파게티, 불닭, 진라면 컵, 신라면, 안성탕면이 왔다 갔다 함 ㅋㅋ",ko,[],[],[],0,0,0,[],[],https://twitter.com/OJM011205/status/1475759609654956036,False,,0,,,,,,,,[],,,,
1462743452634927108,1462741339821404164,2021-11-22 20:23:10 ´ëÇÑ¹Î±¹ Ç¥ÁØ½Ã,2021-11-22,20:23:10,+0900,1445577874254143490,mulsaen,mulsaen,,@yunhwan_98 안성탕면은 왜 컵 라면이 없지???,ko,[],[],[],1,0,1,[],[],https://twitter.com/mulsaen/status/1462743452634927108,False,,0,,,,,,,,"[{'screen_name': 'yunhwan_98', 'name': '윤환', 'id': '1036854365267480576'}]",,,,
1460622420000215045,1460622420000215045,2021-11-16 23:54:56 ´ëÇÑ¹Î±¹ Ç¥ÁØ½Ã,2021-11-16,23:54:56,+0900,1265557909066432518,seringemango7,7,,지호하면 생각나는 라면 안성탕면이나 너구리일거같고 연검은 컵누들일것같음 이 남자는 그 콩만한 양도 반만먹을것같음,ko,[],[],[],0,0,3,[],[],https://twitter.com/seringemango7/status/1460622420000215045,False,,0,,,,,,,,[],,,,
1452669683212029953,1452668647898443776,2021-10-26 01:13:36 ´ëÇÑ¹Î±¹ Ç¥ÁØ½Ã,2021-10-26,01:13:36,+0900,1447213319324979202,__yourlife,생명,,@cloudyycloud 안성탕면 컵 말구 봉지로,ko,[],[],[],1,0,1,[],[],https://twitter.com/__YourLife/status/1452669683212029953,False,,0,,,,,,,,"[{'screen_name': 'cloudyycloud', 'name': '☁️', 'id': '1451204681485615116'}]",,,,
1448520746083307523,1448520746083307523,2021-10-14 14:27:12 ´ëÇÑ¹Î±¹ Ç¥ÁØ½Ã,2021-10-14,14:27:12,+0900,1277258518584647685,moa217_b,애교,,너구리컵이랑 튀김우동이랑 안성탕면봉지랑 초콜릿 나이스초이스...,ko,[],[],[],0,0,0,[],[],https://twitter.com/moa217_b/status/1448520746083307523,False,,0,,,,,,,,[],,,,
1448208300592427012,1448208300592427012,2021-10-13 17:45:39 ´ëÇÑ¹Î±¹ Ç¥ÁØ½Ã,2021-10-13,17:45:39,+0900,2840736738,beyourbasil,라륵•••,,살거 안성탕면 불볶면 닭가슴살스테이크 컵누들이나.. 실당면,ko,[],[],[],1,0,0,[],[],https://twitter.com/beyourbasil/status/1448208300592427012,False,,0,,,,,,,,[],,,,
1442505660541800448,1442505660541800448,2021-09-28 00:05:24 ´ëÇÑ¹Î±¹ Ç¥ÁØ½Ã,2021-09-28,00:05:24,+0900,1414397375162900480,ah_wangjanim,산탄,,저양철컵에안성탕면끼려먹을거같은소품뭔게  https://t.co/FPuD7978hH,ko,[],[],['https://pbs.twimg.com/media/FATPPy4VUAUoGE-.jpg'],0,0,2,[],[],https://twitter.com/ah_wangjanim/status/1442505660541800448,False,,1,https://pbs.twimg.com/media/FATPPy4VUAUoGE-.jpg,,,,,,,[],,,,
1440719351871459337,1440719351871459337,2021-09-23 01:47:15 ´ëÇÑ¹Î±¹ Ç¥ÁØ½Ã,2021-09-23,01:47:15,+0900,1051039325801013249,mmamy_meow_mr,🍁먀미🍁 ※반동결※,,"운동 시작한지 3달이 다되가고 운동을 시작한 위로 컵누들 말고 진짜 한번도 라면을 안먹음,, 내일 드디어 먹으려고 안성탕면 꽁쳐둠,,",ko,[],[],[],0,0,2,[],[],https://twitter.com/mmamy_meow_mr/status/1440719351871459337,False,,0,,,,,,,,[],,,,
1436278028108124161,1435938645072965633,2021-09-10 19:39:01 ´ëÇÑ¹Î±¹ Ç¥ÁØ½Ã,2021-09-10,19:39:01,+0900,866137809505013760,mev0934,🕷️메브💜,,"12. 신라면, 불닭볶음면, 진라면, 안성탕면! 예전엔 나가사끼 짬뽕이랑 컵누들도 좋아했어요!  13. 주로 옷이나 액세서리... 가끔은 마우스 등 PC 관련~!!",ko,[],[],[],0,0,0,[],[],https://twitter.com/mev0934/status/1436278028108124161,False,,0,,,,,,,,[],,,,
1427870344270934016,1427654755531198468,2021-08-18 14:49:53 ´ëÇÑ¹Î±¹ Ç¥ÁØ½Ã,2021-08-18,14:49:53,+0900,1376296926723772416,xer0jcmbmorujjf,Mr.Kang,,@XWnMClZE5mAEbwG 1.참깨라면 2.오징어짬뽕 3.맛있는라면 4.열라면 5.너구리 6.틈새라면 7.튀김우동 8.진라면 9.간짜장 10.사리곰탕 11.스낵면 12.육개장사발면 13.왕뚜껑 14.팔도비빔면 15.김치사발면 16.불닭볶으면 17.짜파게티 18.새우탕 19.컵누들 20.안성탕면  다 아는 라면들이군요,ko,[],[],[],0,0,0,[],[],https://twitter.com/XEr0JcmBmorUjjF/status/1427870344270934016,False,,0,,,,,,,,"[{'screen_name': 'XWnMClZE5mAEbwG', 'name': '픽', 'id': '1370705498807267331'}]",,,,
1426895546673889290,1426880090923622404,2021-08-15 22:16:23 ´ëÇÑ¹Î±¹ Ç¥ÁØ½Ã,2021-08-15,22:16:23,+0900,1425813353587384333,you_jja,유자,,"🐹-며주야 나 배고파. -이 아저씨는 배때지에 그지가 들었나. 아침이야!! 🐥-찜읜이두 배고팡용. -며쭈는 졸령! 🐥-;;;미친놈 -머 이새끼야~ 그래서 아침 뭐 먹고싶은데? 🐹-간단하게 라면? -라면 ㅇㅋ 🐥-올~ 츤데레~ -라면 종류 개많음. 신라면 진라면 진짬뽕 컵누들 안성탕면 너구리,,,  https://t.co/aXKzyaVVJy",ko,[],[],['https://pbs.twimg.com/media/E81Z8BmVgAcXZ56.jpg'],1,0,2,[],[],https://twitter.com/you_jja/status/1426895546673889290,False,,1,https://pbs.twimg.com/media/E81Z8BmVgAcXZ56.jpg,,,,,,,[],,,,
1423579815743950853,1423579815743950853,2021-08-06 18:40:51 ´ëÇÑ¹Î±¹ Ç¥ÁØ½Ã,2021-08-06,18:40:51,+0900,1393246437069049858,blubuter,빠랑나나,,참깨라면 오징어짬뽕 맛있는라면 오라면 너구리 틈새라면 튀김우동 진라면 간짜장 사리곰탕 스낵면 육개장사발면 왕뚜껑 팔도비빔면 김치사발면 불닭볶음면 짜파게티 새우탕 컵누들 안성탕면  https://t.co/ZwaUo8XoTH,ko,[],[],['https://pbs.twimg.com/media/E8GSS57VoAA6m2G.jpg'],0,0,0,[],[],https://twitter.com/blubuter/status/1423579815743950853,False,,1,https://pbs.twimg.com/media/E8GSS57VoAA6m2G.jpg,,,,,,,[],,,,
1423453993997508614,1423453993997508614,2021-08-06 10:20:53 ´ëÇÑ¹Î±¹ Ç¥ÁØ½Ã,2021-08-06,10:20:53,+0900,831696597775888384,cloudsmoodi,(상시커미션진행중)김구름☁️,,1. 참깨라면 2.오징어짬뽕 3. 4. 열라면 5. 너구리 6.  7. 튀김우동 8. 진라면 9. 10. 사리곰탕 11.  12. 육개장사발면 13. 왕뚜껑 14. 팔도비빔면 15. 김치사발면 16. 불닭볶음면 17. 짜파게티 18. 새우탕 19. 컵누들 20. 안성탕면  https://t.co/gIrdoiGnRo,ko,[],[],['https://pbs.twimg.com/media/E8Ef3Q9VEAAFIrr.jpg'],0,0,1,[],[],https://twitter.com/CloudSmoodi/status/1423453993997508614,False,,1,https://pbs.twimg.com/media/E8Ef3Q9VEAAFIrr.jpg,,,,,,,[],,,,
1423121867515195397,1423121764150747137,2021-08-05 12:21:08 ´ëÇÑ¹Î±¹ Ç¥ÁØ½Ã,2021-08-05,12:21:08,+0900,1307226878,whine_omo,와 ᓚᘏᗢ.  (355/415),,18. ? 19. 컵누들 20. 안성탕면,ko,[],[],[],1,0,0,[],[],https://twitter.com/Whine_omo/status/1423121867515195397,False,,0,,,,,,,,[],,,,
1422195078781489154,1422195078781489154,2021-08-02 22:58:24 ´ëÇÑ¹Î±¹ Ç¥ÁØ½Ã,2021-08-02,22:58:24,+0900,1181461397818839041,myzwoo,메리,,무슨라면? 신라면진라면삼양라면열라면안성탕면틈새라면너구리꼬꼬면참깨라면불닭볶음면김치사발면새우탕사리곰탕육개장컵누들 중에 뭐?,ko,[],[],[],1,0,6,[],[],https://twitter.com/myzwoo/status/1422195078781489154,False,,0,,,,,,,,[],,,,
1417727834311729153,1417725017563942920,2021-07-21 15:07:10 ´ëÇÑ¹Î±¹ Ç¥ÁØ½Ã,2021-07-21,15:07:10,+0900,1290686069529145344,2hae6,이해,,@n3ge3ew5FTBpgxT 저는 신라면 안성탕면 열라면 불닭 짜파게티(봉지) 짜파게티범벅(컵) 좋아해요...&gt;&lt;❤❤ 안성탕면 짱 맛있죠!!,ko,[],[],[],0,0,0,[],[],https://twitter.com/2hae6/status/1417727834311729153,False,,0,,,,,,,,[],,,,
1416604169754931201,1416602194724282372,2021-07-18 12:42:07 ´ëÇÑ¹Î±¹ Ç¥ÁØ½Ã,2021-07-18,12:42:07,+0900,1331217685271592960,dmddo94,CLOSE,,@JKJK_LQVE_0901 안성탕면은 생라면도 맛잇구 끓여먹어도 맛있는데 왜 큰 컵이 없능거냐구!@@,ko,[],[],[],1,0,0,[],[],https://twitter.com/dmddo94/status/1416604169754931201,False,,0,,,,,,,,"[{'screen_name': 'JKJK_LQVE_0901', 'name': 'SLOW 유 리 ෆ', 'id': '1415626728135815174'}]",,,,
1413115593381715971,1413095480880340999,2021-07-08 21:39:46 ´ëÇÑ¹Î±¹ Ç¥ÁØ½Ã,2021-07-08,21:39:46,+0900,1153643139162202112,0_oneonly,永遠,,@__MaUniverse 안성탕면 작은 컵샀다!! 계란이랑 같이 먹을게요~~🥰🥰🥰🥰,ko,[],[],[],0,0,1,[],[],https://twitter.com/0_Oneonly/status/1413115593381715971,False,,0,,,,,,,,"[{'screen_name': '__MaUniverse', 'name': '제이', 'id': '1252737228406546432'}]",,,,
1411965029281193984,1411690017638862865,2021-07-05 17:27:50 ´ëÇÑ¹Î±¹ Ç¥ÁØ½Ã,2021-07-05,17:27:50,+0900,1315810132870066177,njg_rkmkmr,트친소 찾아온 지니,,"11. 맛있는게 너무 많아서 못골라요... 웨지감자 감자전 감자칩 등 감자 들어간거 거의 다 좋아하고 육개장 작은컵, 안성탕면 좋아하고 롯데리아 치즈스틱 좋아하고 과일 처돌이 특히 메론 좋아하고 토마토도 좋아하고 피클 좋아하고 아 저 민초 하와이안피자 가지 오이 다 먹어요 그리고 에그타르트좋",ko,[],[],[],1,0,0,[],[],https://twitter.com/NJG_RKMKMR/status/1411965029281193984,False,,0,,,,,,,,[],,,,
1410491112020582406,1410491112020582406,2021-07-01 15:51:01 ´ëÇÑ¹Î±¹ Ç¥ÁØ½Ã,2021-07-01,15:51:01,+0900,1313261228,witmouse,witmouse 😈🥕❄🍃,,미원라면 먹고 난 뒤 후기  매움. 잘 모르겠는데 개인적으론 신라면 보다 매웠음.  그리고 미원라면이라길래 흰색 국물일줄 ㅎㅎ; 안일한 일반론이었죠. 맛있는데 솔직히 와! 샌즈! 정도는 아니고 옛날 라면 느낌났음. 여기에 된장 진짜 조금 풀고 덜매우면 옜날 컵 안성탕면 맛날듯  https://t.co/ULzGzlJ3Xl,ko,[],[],['https://pbs.twimg.com/media/E5MR5PZUYAM65sg.jpg'],0,1,0,[],[],https://twitter.com/Witmouse/status/1410491112020582406,False,,1,https://pbs.twimg.com/media/E5MR5PZUYAM65sg.jpg,,,,,,,[],,,,
1405140734043324419,1405140243481649158,2021-06-16 21:30:31 ´ëÇÑ¹Î±¹ Ç¥ÁØ½Ã,2021-06-16,21:30:31,+0900,1354697013628080128,rang_1330,랑이,,@_chunshick 헉 안성탕면 맛있는데 컵으로 된건 없다..,ko,[],[],[],0,0,0,[],[],https://twitter.com/rang_1330/status/1405140734043324419,False,,0,,,,,,,,[],,,,
1398997980343005185,1398997980343005185,2021-05-30 22:41:25 ´ëÇÑ¹Î±¹ Ç¥ÁØ½Ã,2021-05-30,22:41:25,+0900,991845566660280321,geuru_simok,1 그루 🏳️‍🌈,,삼양라면(작은컵)에 김치 넣음 원래 안성탕면에 묵은지 넣어먹어야 존맛인데  https://t.co/PGn7H8KmXV,ko,[],[],['https://pbs.twimg.com/media/E2o9P8yVIAE5WFP.jpg'],0,0,0,[],[],https://twitter.com/geuru_simok/status/1398997980343005185,False,,1,https://pbs.twimg.com/media/E2o9P8yVIAE5WFP.jpg,,,,,,,[],,,,
1397835295706345477,1397835295706345477,2021-05-27 17:41:19 ´ëÇÑ¹Î±¹ Ç¥ÁØ½Ã,2021-05-27,17:41:19,+0900,3163933812,jie_who,25번_지에𝕁‌𝕀‌𝔼ʚ💛ɞ,,우리집=컵누들 우동맛 하니뿐=안성탕면 암욜맨=신라면 암욜맨 콘서트 직캠=핵불닭 볶음면  ㅋㅋㅋㅋㅋㅋㅋㅋ  https://t.co/7p2vAHXeup,ko,[],[],['https://pbs.twimg.com/media/E2YbyzsVoAMwc0N.jpg'],0,3,5,[],[],https://twitter.com/jie_who/status/1397835295706345477,False,,1,https://pbs.twimg.com/media/E2YbyzsVoAMwc0N.jpg,,,,,,,[],,,,
1382925139533238277,1382925139533238277,2021-04-16 14:13:41 ´ëÇÑ¹Î±¹ Ç¥ÁØ½Ã,2021-04-16,14:13:41,+0900,1360710435821903875,nodab2ne,도시,,밥 뭐먹지  1. 비빔면 2. 신라면 (컵) 3. 안성탕면,ko,[],[],[],0,0,0,[],[],https://twitter.com/Nodab2ne/status/1382925139533238277,False,,0,,,,,,,,[],,,,
1381617605379715080,1381617605379715080,2021-04-12 23:38:00 ´ëÇÑ¹Î±¹ Ç¥ÁØ½Ã,2021-04-12,23:38:00,+0900,1026321642362830848,nncat002,냐냥츄₍˄·͈༝·͈˄*₎◞,,안성탕면 컵이 건더기도 많이 넣어주고 맛잇어요,ko,[],[],[],0,0,0,[],[],https://twitter.com/nncat002/status/1381617605379715080,False,,0,,,,,,,,[],,,,
1380882103651291139,1380882103651291139,2021-04-10 22:55:23 ´ëÇÑ¹Î±¹ Ç¥ÁØ½Ã,2021-04-10,22:55:23,+0900,1278269837882490881,cbs6857,Hololo,,"오호... 이번엔 연세우유야?? 알겠어 연세우유 많이 사먹을게ㅋㅋㅋ  안성탕면, 연세우유, 책, 튤립컵, 이모티콘까지 처음하는 덕질에 특별한 굿즈가 많이 생기고 있어 기분이 너무 좋아 하하하핳  오늘도 고생했어!! 좋은꿈 꾸고 푹쉬어요 :)  #혜원메일 # 취향 # 바꾸는중 # 첫 덕질 # 특별한 굿즈",ko,[],[],[],0,0,0,['혜원메일'],[],https://twitter.com/cbs6857/status/1380882103651291139,False,,0,,,,,,,,[],,,,
1368951235110301698,1368951235110301698,2021-03-09 00:46:22 ´ëÇÑ¹Î±¹ Ç¥ÁØ½Ã,2021-03-09,00:46:22,+0900,1247710548550172677,_gaypa_nic,노비빔 。（男）,,사감T한테 라면 영업당함... 사실 영업하신건 아니규 쌤한테 받은 라면이 안성탕면인데 꿀맛이더라.. 내가 이 말을 왜 ⸌◦̈⃝⸍ʷʰʸˀ̣ˀ̣ˀ̣ 하지? 일단은 이제 안•탕•컵 먹을거라고.,ko,[],[],[],1,0,1,[],[],https://twitter.com/_Gaypa_nic/status/1368951235110301698,False,,0,,,,,,,,[],,,,
1367836581898285057,1367836581898285057,2021-03-05 22:57:08 ´ëÇÑ¹Î±¹ Ç¥ÁØ½Ã,2021-03-05,22:57:08,+0900,3572056158,uyah_ak,으야악🌻,,#내_최애음식을_말해보자  봉지라면: 안성탕면 컵라면: 육개장작은거 케이크: 악마의초코케이크 면: 펜네파스타~~ 고기: 스팸 국: 어묵국 찌개: 김치찌개 과자: 구운감자 음료수: 초코꿀단지 떡볶이: 신도림역컵볶이,ko,[],[],[],0,0,0,['내_최애음식을_말해보자'],[],https://twitter.com/uyah_ak/status/1367836581898285057,False,,0,,,,,,,,[],,,,
1367757685160964096,1367757685160964096,2021-03-05 17:43:38 ´ëÇÑ¹Î±¹ Ç¥ÁØ½Ã,2021-03-05,17:43:38,+0900,754661984,hihi_nalack,자아벅벅이,,#내_최애음식을_말해보자 봉지라면: 안성탕면 컵라면: 컵누들 케이크: 치즈케이크 면: 파스타 고기: 삼겹살/곱창 국: 미역국 찌개: 김치찌개 과자: 썬칩 음료수: 탄산다좋아 떡볶이: 국물떡볶이 달짝지근한거,ko,[],[],[],0,0,2,['내_최애음식을_말해보자'],[],https://twitter.com/hihi_nalack/status/1367757685160964096,False,,0,,,,,,,,[],,,,
1361881456398671872,1361714910959267841,2021-02-17 12:33:36 ´ëÇÑ¹Î±¹ Ç¥ÁØ½Ã,2021-02-17,12:33:36,+0900,1277604848381255682,it_s_me__now03,나우,,@lovemiku7610 음..... 신라면 맵구요 안성탕면 살짝 많이 맵습니다.... 네 근데 마라탕 개 좋아하구요  컵누들 매운맛 좋아합니다,ko,[],[],[],0,0,0,[],[],https://twitter.com/it_s_me__now03/status/1361881456398671872,False,,0,,,,,,,,"[{'screen_name': 'lovemiku7610', 'name': 'ご注文はミクですか？', 'id': '797068328'}]",,,,
1351716572155441153,1351714795653787648,2021-01-20 11:21:59 ´ëÇÑ¹Î±¹ Ç¥ÁØ½Ã,2021-01-20,11:21:59,+0900,1309683631250522118,gongjus2s2,45,,@YuJn_PM 컵누들아니면 안성탕면이욧,ko,[],[],[],0,0,0,[],[],https://twitter.com/gongjuS2S2/status/1351716572155441153,False,,0,,,,,,,,[],,,,
1346688752899432448,1346688752899432448,2021-01-06 14:23:13 ´ëÇÑ¹Î±¹ Ç¥ÁØ½Ã,2021-01-06,14:23:13,+0900,1132410405958049792,yane__yane,소금 오너 야네,,안성탕면이 컵 버전도 잇엇음...? 난 왜 몰랐지,ko,[],[],[],0,0,0,[],[],https://twitter.com/yane__yane/status/1346688752899432448,False,,0,,,,,,,,[],,,,
1335056784977883137,1335056214867070976,2020-12-05 12:01:56 ´ëÇÑ¹Î±¹ Ç¥ÁØ½Ã,2020-12-05,12:01:56,+0900,2918508631,mint_yo7,🐹❄☃️,,@arim_chichi 봉지:안성탕면삼양라면참깨라면 컵:진짬뽕신라면참깨라면육개장,ko,[],[],[],0,0,0,[],[],https://twitter.com/mint_yo7/status/1335056784977883137,False,,0,,,,,,,,[],,,,
1333225520071249920,1333216028164190212,2020-11-30 10:45:08 ´ëÇÑ¹Î±¹ Ç¥ÁØ½Ã,2020-11-30,10:45:08,+0900,1220751310711951360,idan__00,이단,,@22_2_22_ 네네! 안성탕면먹었어요! 히히 라면은 봉지든 컵이든 둘다 맛있어요 냠냠 호로롭 헉 오늘도 밖이 엄청 춥나보네요... 꼭꼭 조심할게요! 리엘님도 감기 조심하세요! 😉,ko,[],[],[],0,0,0,[],[],https://twitter.com/Idan__00/status/1333225520071249920,False,,0,,,,,,,,"[{'screen_name': '22_2_22_', 'name': 'ℳ', 'id': '1495775436009185284'}]",,,,
1329572968532303874,1329572968532303874,2020-11-20 08:51:12 ´ëÇÑ¹Î±¹ Ç¥ÁØ½Ã,2020-11-20,08:51:12,+0900,1030801882174828545,rcat_0_,알캣,,집에 진라면 북엇국라면 컵누들 안성탕면 짜파게티 짜왕  또 뭐 있더라,ko,[],[],[],0,0,0,[],[],https://twitter.com/Rcat_0_/status/1329572968532303874,False,,0,,,,,,,,[],,,,
1328560468068188163,1328560468068188163,2020-11-17 13:47:53 ´ëÇÑ¹Î±¹ Ç¥ÁØ½Ã,2020-11-17,13:47:53,+0900,1159365067499925504,kokoro_hyomo,💙코코로/효모💜,,안성탕면 좋아하는데 컵 안성탕면 지금 먹으니까...봉지 안성탕면 맛이 그리워져서 슬퍼짐,ko,[],[],[],1,0,0,[],[],https://twitter.com/kokoro_Hyomo/status/1328560468068188163,False,,0,,,,,,,,[],,,,
1325112623055040512,1325112623055040512,2020-11-08 01:27:23 ´ëÇÑ¹Î±¹ Ç¥ÁØ½Ã,2020-11-08,01:27:23,+0900,1315810132870066177,njg_rkmkmr,트친소 찾아온 지니,,"#탐라에서_비슷한_트친_찾기 MBTI: INFP 생일: 3월 29일! 별자리: 양자리 혈액형: A 키: 158쯤...? 형제자매: 여동생 한명~~ 최애: 모로야우어ㅓ으아우아ㅓ엉 최애라면: 육개장 작은컵, 김치, 안성탕면!! 좋아하는 색: 하늘색, 파란색 푸른계열 처돌이 사는 지역: 서울입네다",ko,[],[],[],0,0,0,['탐라에서_비슷한_트친_찾기'],[],https://twitter.com/NJG_RKMKMR/status/1325112623055040512,False,,0,,,,,,,,[],,,,
1324938795456737281,1324938795456737281,2020-11-07 13:56:39 ´ëÇÑ¹Î±¹ Ç¥ÁØ½Ã,2020-11-07,13:56:39,+0900,958404274987270144,1666_sb,🐈‍CATCHYA👁,,"#탐라에서_비슷한_트친_찾기 MBTI: 모름 생일: 7월달 별자리: 게? 혈액형: O형 키: 모름 형제자매: 없음 최애: 수정공 최애라면: 봉지는 안성탕면, 컵은 진짬뽕 좋아하는색: 보라, 민트, 하늘 사는 지역 : 지구",ko,[],[],[],0,0,0,['탐라에서_비슷한_트친_찾기'],[],https://twitter.com/1666_sb/status/1324938795456737281,False,,0,,,,,,,,[],,,,
1315152145822306309,1315151611988078592,2020-10-11 13:48:00 ´ëÇÑ¹Î±¹ Ç¥ÁØ½Ã,2020-10-11,13:48:00,+0900,718705593746259968,okmansoon,옥만순,,@hwawanaa ㅋㅋㅋㅋㅋㅋㅋㅋㅋㅋ 진라면 순한맛 컵라면 쳐먹고있음 씨발 안성탕면도 있고 짜파게티도 있는데 이새끼가 컵라면을 시발 그것도 작은컵을 존나 뺨 후려갈기고싶네,ko,[],[],[],0,0,0,[],[],https://twitter.com/okmansoon/status/1315152145822306309,False,,0,,,,,,,,"[{'screen_name': 'hwawanaa', 'name': '메인트계옮!!', 'id': '1298635548064493570'}]",,,,
1310867705361170435,1310867705361170435,2020-09-29 18:03:10 ´ëÇÑ¹Î±¹ Ç¥ÁØ½Ã,2020-09-29,18:03:10,+0900,858306985573269504,_sky_818,하늘,,까먹을까봐 적어둠 냉라면 레시피 소스 : 물1컵 간장2큰술 식초2큰술 설탕2큰술 라면스프 1. 면이랑 건더기스프 물에 끓인후 찬물에 한번 식힌 후 그릇에 덜기 2. 소스 붓기 (라면은 스프가 연한 안성탕면같은거 좋은 신라면같은 센 거 비추),ko,[],[],[],0,0,0,[],[],https://twitter.com/_sky_818/status/1310867705361170435,False,,0,,,,,,,,[],,,,
1296670429508239360,1296670429508239360,2020-08-21 13:48:16 ´ëÇÑ¹Î±¹ Ç¥ÁØ½Ã,2020-08-21,13:48:16,+0900,71992272,foodnjoy,foodnjoy,,"닐슨발 2020 상반기 라면 Top10 1.신라면 2.짜파게티 3.안성탕면 4.진라면(매) 5.팔도비빔면 6.육개장사발면 7.너구리 8.삼양라면 9.진라면(순) 10.신라면 컵 시장규모는 사상최대. 연초 기생충 짜파구리 특수가 있었고, 시국탓에 봉지라면 판매량이 증가하면서 매출중 컵라면 비중이 올해 약간 줄어듬  https://t.co/tYJ7TpLkh0",ko,[],[],['https://pbs.twimg.com/media/Ef6yzFMVoAALHua.jpg'],0,111,29,[],[],https://twitter.com/foodnjoy/status/1296670429508239360,False,,1,https://pbs.twimg.com/media/Ef6yzFMVoAALHua.jpg,,,,,,,[],,,,
1291665558807617538,1291662352933240835,2020-08-07 18:20:41 ´ëÇÑ¹Î±¹ Ç¥ÁØ½Ã,2020-08-07,18:20:41,+0900,924905158957350912,noname2848,아무님,,@jhk1215 1둥지냉면 2안성탕면 3?? 4육개장사발면 5생생우동 6사리곰탕 7사리면 8감자면 9?? 10짜왕 11튀김우동컵사발? 12너구리 13참치마요컵사발? 14?? 15김치사발면 16?? 17?? 18새우탕면컵사발? 19짜파게티 20??????,ko,[],[],[],2,0,0,[],[],https://twitter.com/noname2848/status/1291665558807617538,False,,0,,,,,,,,"[{'screen_name': 'jhk1215', 'name': '까자', 'id': '322094243'}]",,,,
1281590112715804676,1281590112715804676,2020-07-10 23:04:28 ´ëÇÑ¹Î±¹ Ç¥ÁØ½Ã,2020-07-10,23:04:28,+0900,1280054831143518208,i08wn9,쿠팡 오늘 먹을 거 정리,, https://t.co/IAeUCYCSOy파트너스 활동을 통해 일정액의 수수료를 제공받을 수 있음 맛있는 햇반 컵 진짬뽕 진매운맛 열 봉지 4개입 무파마 농심 컵밥 북어국 오징어짬뽕 북엇국 오뚜기 진 불닭볶음면 멀티팩 삼양 안성탕면 매운것만 먹으면 속쓰리길래 아니 이 판매자분 급하셨나 제목이 왜이리 길  https://t.co/oiOfCRQ48G,ko,[],['https://coupa.ng/bFOnn8'],['https://pbs.twimg.com/media/EckfGTcU8AAFWHB.png'],0,0,0,[],[],https://twitter.com/i08wn9/status/1281590112715804676,False,,1,https://pbs.twimg.com/media/EckfGTcU8AAFWHB.png,,,,,,,[],,,,
1272181530710794241,1272181530710794241,2020-06-14 23:58:07 ´ëÇÑ¹Î±¹ Ç¥ÁØ½Ã,2020-06-14,23:58:07,+0900,1079762221746479106,bdary_young,경계샠키,,#탐라에서_비슷한_트친_찾기  MBTI : INFP 생일 : 8/5 별자리 : 사자자리 혈액형 : A 키 : 152 형제자매 : 3살 많은 한남 하나 본인 장녀 잠 잘 때 자세 : 새우구이마싯다 최애 : 오조억명 좋아하는 색 : 오조억색 최애 라면 : 봉지 안성탕면 / 컵 육개장,ko,[],[],[],1,0,0,['탐라에서_비슷한_트친_찾기'],[],https://twitter.com/Bdary_young/status/1272181530710794241,False,,0,,,,,,,,[],,,,
1272020642208968704,1272020642208968704,2020-06-14 13:18:48 ´ëÇÑ¹Î±¹ Ç¥ÁØ½Ã,2020-06-14,13:18:48,+0900,1207291059782311937,mymymymark,늘🐯🌱,,# 탐라에서_비슷한_트친_찾기  MBTI : INFP 생일 : 🔟3️⃣ 별자리 : ⚖️ 혈액형 : B 키 : 164 형제자매 : 언ㄴI 오ㅃㅏ 잠잘 때 자세 : 3 7 무언가 안아야 잠잘온다 최애 : 마꾸 좋아하는 색 : 💙 최애 라면 : 안성탕면! 컵은 육개장! 🍥  https://t.co/UR6EJuwx1Y,ko,[],[],['https://pbs.twimg.com/media/EacgB7pU4AAknDO.jpg'],0,0,1,[],[],https://twitter.com/mymymymark/status/1272020642208968704,False,,1,https://pbs.twimg.com/media/EacgB7pU4AAknDO.jpg,,,,,,,[],,,,
1259517388208259073,1259515729012944896,2020-05-11 01:15:20 ´ëÇÑ¹Î±¹ Ç¥ÁØ½Ã,2020-05-11,01:15:20,+0900,1158411644059316224,jintoggi0417,진토끼🐰,,@_kino_10 안성탕면은봉지라면이구신라면블랙은컵이야. 사실안성탕면이더땡기긴하는데들키면어카지.,ko,[],[],[],1,0,0,[],[],https://twitter.com/jintoggi0417/status/1259517388208259073,False,,0,,,,,,,,[],,,,
1255347363633340416,1255218596160188422,2020-04-29 13:05:09 ´ëÇÑ¹Î±¹ Ç¥ÁØ½Ã,2020-04-29,13:05:09,+0900,1669365385,queixa_q,퀘이사★,,49.기억안나는데 보러가기귀찮아서 패스  50.시험끝나면: 알바 운동  51.라면: 봉지는 안성탕면 컵은 육개장  52.말투: 틔탸랑 비슷한듯  53.연락유형: 용건없으면 먼저는 잘 안하는데 오면 잘 받아줌 칼답  54.음...  55.…  56.선물 주기?받기?: 주고받기  57.13이랑같,ko,[],[],[],1,0,0,[],[],https://twitter.com/queixa_Q/status/1255347363633340416,False,,0,,,,,,,,[],,,,
1253545266008875008,1253545266008875008,2020-04-24 13:44:15 ´ëÇÑ¹Î±¹ Ç¥ÁØ½Ã,2020-04-24,13:44:15,+0900,1220071845216440320,hjxxxxxxxxxx,사람,,컵누들 불닭 신라면 안성탕면 진라면 중에 뭐 먹을까요,ko,[],[],[],0,0,0,[],[],https://twitter.com/HJxxxxxxxxxx/status/1253545266008875008,False,,0,,,,,,,,[],,,,
1253243276875886592,1253243276875886592,2020-04-23 17:44:15 ´ëÇÑ¹Î±¹ Ç¥ÁØ½Ã,2020-04-23,17:44:15,+0900,1234772087320895488,mukkuk_,무꾹,,"#탐라에서_비슷한_트친_찾기  MBTI: ESTP 생일: 0628 별자리: 게자리(두옵이랑 같음ㅎ 혈액형: B형 키: 163 형제자매: 남덩생 잠잘 때 자세: 오른쪽으로 새우자세 최애: 윤두준 좋아하는 색: ❤️ 최애 라면: 컵은 틈새라면, 봉지는 안성탕면",ko,[],[],[],0,0,0,['탐라에서_비슷한_트친_찾기'],[],https://twitter.com/Mukkuk_/status/1253243276875886592,False,,0,,,,,,,,[],,,,
1243453444209295360,1243450169443504129,2020-03-27 17:22:58 ´ëÇÑ¹Î±¹ Ç¥ÁØ½Ã,2020-03-27,17:22:58,+0900,736862642858393600,noah1533,노아,,@KMEBA_LOVE_RGB 너구리나 진라면 순한맛..? 안성탕면도 좋아하고 컵누들도 좋아해요!,ko,[],[],[],0,0,1,[],[],https://twitter.com/Noah1533/status/1243453444209295360,False,,0,,,,,,,,"[{'screen_name': 'KMEBA_LOVE_RGB', 'name': '👻강메바', 'id': '827560438418149376'}]",,,,
1242293949953269765,1242293255837892608,2020-03-24 12:35:33 ´ëÇÑ¹Î±¹ Ç¥ÁØ½Ã,2020-03-24,12:35:33,+0900,1440323612,in__your_xxx,인유,,@I_m_crunchy 안성탕면 컵도 있냐,ko,[],[],[],1,0,0,[],[],https://twitter.com/in__your_xxx/status/1242293949953269765,False,,0,,,,,,,,[],,,,
1237134011530498048,1237134011530498048,2020-03-10 06:51:47 ´ëÇÑ¹Î±¹ Ç¥ÁØ½Ã,2020-03-10,06:51:47,+0900,823993175119372288,ssor_kk,👿,,#탐라에서_비슷한_트친_찾기  별자리: 🐂 혈액형: A 키: 163-4 형제자매: 언니새끼 종량제 100L 잠잘때 자세: 옆으로 돌거나 엎어진 채로 최애: 꾹꾸까까 좋아하는 색: 꾹꾸까까 최애 라면: 봉지- 안성탕면 신라면 / 컵-육개장사발면,ko,[],[],[],0,0,0,['탐라에서_비슷한_트친_찾기'],[],https://twitter.com/SSOR_KK/status/1237134011530498048,False,,0,,,,,,,,[],,,,
1237042418710528001,1237042418710528001,2020-03-10 00:47:50 ´ëÇÑ¹Î±¹ Ç¥ÁØ½Ã,2020-03-10,00:47:50,+0900,168481964,naraemaru,나랫마루,,"#탐라에서_비슷한_트친_찾기  생일: 2/28 키: 173 형제자매: 외동 잠잘때 자세: 엄청 뒤척이다가 마지막엔 차렷자세 좋아하는 색: 파랑, 하늘, 연두, 초록..아니면 흑백 최애 라면: 진순 안성탕면, 컵은 육개장 참깨라면",ko,[],[],[],0,1,1,['탐라에서_비슷한_트친_찾기'],[],https://twitter.com/Naraemaru/status/1237042418710528001,False,,0,,,,,,,,[],,,,
1237023089575079937,1237023089575079937,2020-03-09 23:31:01 ´ëÇÑ¹Î±¹ Ç¥ÁØ½Ã,2020-03-09,23:31:01,+0900,4449868286,_prisim_0613,리즘 🐱,,#탐라에서_비슷한_트친_찾기  생일:0506 자리:황소자리 혈액형:O형 키:162cm 형제자매: 남동생1 잠잘때 자세: 옆으로 누움 최애:민윤기 좋아하는 색깔: 보라색  최애라면: 안성탕면(봉지) / 참깨라면 (컵) 이상형: 다정보스 (잘생김은 덤으로)  https://t.co/x85GexFSWB,ko,[],[],"['https://pbs.twimg.com/media/ESrJ6vHWsAoJyq7.jpg', 'https://pbs.twimg.com/media/ESrJ6x9XkAAJwLf.jpg', 'https://pbs.twimg.com/media/ESrJ6vKXsActwk6.jpg', 'https://pbs.twimg.com/media/ESrJ7XhWAAEtGjI.jpg']",0,0,0,['탐라에서_비슷한_트친_찾기'],[],https://twitter.com/_prisim_0613/status/1237023089575079937,False,,1,https://pbs.twimg.com/media/ESrJ6vHWsAoJyq7.jpg,,,,,,,[],,,,
1237007900523913222,1237007854499852288,2020-03-09 22:30:40 ´ëÇÑ¹Î±¹ Ç¥ÁØ½Ã,2020-03-09,22:30:40,+0900,993867315308449792,takoyaki_pie,비모 지렁이 꿈틀꿈틀 샤르르,,최애 라면: 끓이는건 안성탕면하고 삼양 컵은 육개장 사발면 이상형: 여전히 모르겠다..,ko,[],[],[],0,0,1,[],[],https://twitter.com/takoyaki_pie/status/1237007900523913222,False,,0,,,,,,,,[],,,,
1236993259747983361,1236621234462265345,2020-03-09 21:32:30 ´ëÇÑ¹Î±¹ Ç¥ÁØ½Ã,2020-03-09,21:32:30,+0900,1189154378189377536,root_tikitik1,root_,,"46. 휴대폰 47. 이신혁 얼굴 48. 사진 참고 49. 니베아 립밤 피치향  50. 지금 처음 보는거라 생각 안 해봄 51. 무파마(컵) 안성탕면 52. 지랄맞다  53. 카톡,통화 54. 그러게요 55. 나 나 악수 디게 좋아함",ko,[],[],[],1,0,0,[],[],https://twitter.com/root_tikitik1/status/1236993259747983361,False,,0,,,,,,,,[],,,,
1211761960510873600,1211760420744089600,2019-12-31 06:32:19 ´ëÇÑ¹Î±¹ Ç¥ÁØ½Ã,2019-12-31,06:32:19,+0900,1000970528193048576,everlast_axeria,Axeria,,@HaeRang_02 어 저도 안성탕면 해물컵 머것는데 이거머지 저희통햇나바요,ko,[],[],[],1,0,0,[],[],https://twitter.com/Everlast_Axeria/status/1211761960510873600,False,,0,,,,,,,,"[{'screen_name': 'HaeRang_02', 'name': '해랑', 'id': '801035935915745280'}]",,,,
1207302197882413056,1207302197882413056,2019-12-18 23:10:49 ´ëÇÑ¹Î±¹ Ç¥ÁØ½Ã,2019-12-18,23:10:49,+0900,1015344373,dollollob,bol,,해장하구 자야지 신라면소컵 생생우동 안성탕면 뭐먹지,ko,[],[],[],0,0,0,[],[],https://twitter.com/dollollob/status/1207302197882413056,False,,0,,,,,,,,[],,,,
1204336004263362561,1204336004263362561,2019-12-10 18:44:13 ´ëÇÑ¹Î±¹ Ç¥ÁØ½Ã,2019-12-10,18:44:13,+0900,897551724050694144,hear_darks,카레라,,"좋아하는 라면 리스트 오뚜기 스파게티 참깨라면 농심 컵:튀김우동 육개장 새우탕 봉지:오징어짬뽕,안성탕면 삼양 나가사끼짬뽕,간짬뽕 팔도 비빔면",ko,[],[],[],0,0,0,[],[],https://twitter.com/hear_darks/status/1204336004263362561,False,,0,,,,,,,,[],,,,
1196282527087882240,1196148370181521408,2019-11-18 13:22:34 ´ëÇÑ¹Î±¹ Ç¥ÁØ½Ã,2019-11-18,13:22:34,+0900,820730358253522944,roomba_t,소원은 세계평화/mynue🎗,,51. 봉지라면은 안성탕면 좋아하고 컵라면은 육개장 작은컵이랑 짜파게티 범벅 좋아함,ko,[],[],[],0,0,0,[],[],https://twitter.com/roomba_t/status/1196282527087882240,False,,0,,,,,,,,[],,,,
1183321138090217472,1183321138090217472,2019-10-13 18:58:39 ´ëÇÑ¹Î±¹ Ç¥ÁØ½Ã,2019-10-13,18:58:39,+0900,4112737405,g_dnjs_,트레비,,나 매운거 개 못먹는데...안성탕면이랑 컵누들만 먹을 수 있어..,ko,[],[],[],0,0,0,[],[],https://twitter.com/G_dnjs_/status/1183321138090217472,False,,0,,,,,,,,[],,,,
1183318989197365253,1183318989197365253,2019-10-13 18:50:06 ´ëÇÑ¹Î±¹ Ç¥ÁØ½Ã,2019-10-13,18:50:06,+0900,1216928714,matcha_365,말차,,"라면은안성탕면,너구리순한맛,참깨라면,오동통면,컵누들등등으로먹음ㅋㅋㅋㄲ맵찔이,,,,,",ko,[],[],[],0,0,0,[],[],https://twitter.com/matcha_365/status/1183318989197365253,False,,0,,,,,,,,[],,,,
1167435541584863238,1167435541584863238,2019-08-30 22:54:57 ´ëÇÑ¹Î±¹ Ç¥ÁØ½Ã,2019-08-30,22:54:57,+0900,749460154525970433,yuginong_0824,❄🐟유기농벌레🐾,,너구리 안성탕면 신라면컵 머먹지,ko,[],[],[],1,0,0,[],[],https://twitter.com/yuginong_0824/status/1167435541584863238,False,,0,,,,,,,,[],,,,
1154818827697283073,1154767467698196480,2019-07-27 03:20:38 ´ëÇÑ¹Î±¹ Ç¥ÁØ½Ã,2019-07-27,03:20:38,+0900,1147161091253792769,debut__ham,함찌,,51. 좋아하는 라면 봉지 : 안성탕면 컵: 참깨 육개장 등   52. 현실말투  글쎄 그냥 말...   53. 연락유형 카톡. 전화는 진짜 친한 사람만 ..   54. 썸 기간 아니 이런거 자꾸 왜 물어바 한달??  55. 스킨십 정도 친구 살 만지작하기 안기 등  .. 몰라 개방적임,ko,[],[],[],1,0,0,[],[],https://twitter.com/debut__Ham/status/1154818827697283073,False,,0,,,,,,,,[],,,,
1151159812979224578,1151155533904171015,2019-07-17 01:01:01 ´ëÇÑ¹Î±¹ Ç¥ÁØ½Ã,2019-07-17,01:01:01,+0900,938789792354992128,ph1la_del_ph1a,나우,,@_Stella_0415 제가 먹은 건 신라면이구 안성탕면으루 해도 맛나요!! 너구리는 면이 두꺼워서 그런지 좀 딱딱한 감이 없잖아 잇던..! 물량은 머그컵 한컵 가득 정도로 하시구 후라이팬에 넣어서 후레이크 넣고 끓으면 면 넣고 스프는 반정도만 넣어서 끓이시면 됩니당~면 어느정도 익으면 계란 톡 넣고 뚜껑닫고 1분!,ko,[],[],[],1,0,1,[],[],https://twitter.com/PH1LA_DEL_PH1A/status/1151159812979224578,False,,0,,,,,,,,"[{'screen_name': '_Stella_0415', 'name': '돌27뱜3냦👉🏻시트콤인생♬', 'id': '866299490432462848'}]",,,,
1127423700528128000,1127422195297177601,2019-05-12 13:02:11 ´ëÇÑ¹Î±¹ Ç¥ÁØ½Ã,2019-05-12,13:02:11,+0900,1039150759105900549,casa_0526_,캐사,,@SVT28289 라면 안좋아하는데 굳이 고르면 안성탕면? 컵라면은 콕콕콕이나 컵누들 쌀국수!,ko,[],[],[],0,0,0,[],[],https://twitter.com/casa_0526_/status/1127423700528128000,False,,0,,,,,,,,[],,,,
1117632985149231105,1117516984491470849,2019-04-15 12:37:22 ´ëÇÑ¹Î±¹ Ç¥ÁØ½Ã,2019-04-15,12:37:22,+0900,787725452731224064,viva_cos,열등상등 비바,,"51. 진라면, 컵누들, 너구리, 안성탕면, 삼양라면, 신라면 52. 지금 말투가 현실말투 친하면 욕 조금 더 하는거? 53. 카톡, 전화, 문자, 영통 54-55 중복 56. 사실 받는거 디게 못 함... 받으면 꼭 갚아줘야된다는 생각이 좀 큰 듯 ㅠ 주는게 더 좋아서 돈 생기면 막 사준다 57. 술마시기, 노래방가기",ko,[],[],[],1,0,0,[],[],https://twitter.com/viva_cos/status/1117632985149231105,False,,0,,,,,,,,[],,,,
1116187645187465216,1116187645187465216,2019-04-11 12:54:07 ´ëÇÑ¹Î±¹ Ç¥ÁØ½Ã,2019-04-11,12:54:07,+0900,1052186245068029957,readyy_b,[중독법/독20b]月之裏面,,점심은 안성탕면 작은컵하나,ko,[],[],[],0,0,0,[],[],https://twitter.com/Readyy_B/status/1116187645187465216,False,,0,,,,,,,,[],,,,
1105487652793475077,1105487652793475077,2019-03-13 00:16:10 ´ëÇÑ¹Î±¹ Ç¥ÁØ½Ã,2019-03-13,00:16:10,+0900,902340659578789888,ramandududu,라면만두기록계,,3/12 왕뚜껑 봉지 -맵기는 안성탕면정도(안매움) -컵이랑 완전 다름 -무난한 쇠고기라면맛 -살짝 느끼? -국물맛이 그닥이라 재구매 의사는 없음  https://t.co/vJxkJGHLKX,ko,[],[],['https://pbs.twimg.com/media/D1d7I-CU8AAN_v9.jpg'],0,0,1,[],[],https://twitter.com/ramandududu/status/1105487652793475077,False,,1,https://pbs.twimg.com/media/D1d7I-CU8AAN_v9.jpg,,,,,,,[],,,,
1098591727798140928,1098591727798140928,2019-02-21 23:34:13 ´ëÇÑ¹Î±¹ Ç¥ÁØ½Ã,2019-02-21,23:34:13,+0900,983895048,prodigyjang,장대영,,농심 해물 안성탕면 컵 (小) 라면  https://t.co/xA6YcktYhO,ko,[],['http://blog.naver.com/prodigy9771/221471741787'],[],0,0,0,[],[],https://twitter.com/prodigyjang/status/1098591727798140928,False,,0,,,,,,,,[],,,,
1097299357500551168,1096097598916546560,2019-02-18 09:58:48 ´ëÇÑ¹Î±¹ Ç¥ÁØ½Ã,2019-02-18,09:58:48,+0900,1050785934441033729,_r_rang,안경,,49) 화장안함 립밤은 니베아... 주로 쓰는데 챕스틱이나 그..어디더라 커플립밤릿잔아요 두개세트 맛 각자 다른거 50) 노래방/잠 51) 봉지는 안성탕면 컵은 육개장,ko,[],[],[],1,0,0,[],[],https://twitter.com/_R_rang/status/1097299357500551168,False,,0,,,,,,,,[],,,,
1095701314212745217,1095697754104295424,2019-02-14 00:08:45 ´ëÇÑ¹Î±¹ Ç¥ÁØ½Ã,2019-02-14,00:08:45,+0900,1081543396735385600,jo9l2h,계옮햇음,,진라면 컵으로 된 거 순한맛이랑 안성탕면이랑 새우탕이랑 등등등응,ko,[],[],[],0,0,0,[],[],https://twitter.com/JO9l2H/status/1095701314212745217,False,,0,,,,,,,,[],,,,
1095011609599037440,1094980051953565697,2019-02-12 02:28:06 ´ëÇÑ¹Î±¹ Ç¥ÁØ½Ã,2019-02-12,02:28:06,+0900,1044986311612850178,laylaproducer,백전is bug,,봉지는 안성탕면 컵은 튀김우동,ko,[],[],[],1,0,0,[],[],https://twitter.com/laylaproducer/status/1095011609599037440,False,,0,,,,,,,,[],,,,
1092656839521488896,1092645794492997633,2019-02-05 14:31:05 ´ëÇÑ¹Î±¹ Ç¥ÁØ½Ã,2019-02-05,14:31:05,+0900,128587110,becomingair,이공기 🏳️‍🌈,,51. 안성탕면! 컵라면은 육개장 작은컵 조아! 52. 뭐. 어쩌라고. 은다. 네이티브 부산말을 구사합니다. 53. 먼저 오면 답하는 편. 지이이이인짜 좋아하는 사람들한테는 가끔 먼저 하기도 한다. 54. 보통 1주 이내. 길면 한달? 55. 사바사인데 여사친은 포옹 남사친은 악수 조카는 뽑뽑ㅃㅎ뽀뽀뽑뽀뽀,ko,[],[],[],0,0,0,[],[],https://twitter.com/becomingair/status/1092656839521488896,False,,0,,,,,,,,[],,,,
1087709232713981954,1087707983813853186,2019-01-22 22:51:04 ´ëÇÑ¹Î±¹ Ç¥ÁØ½Ã,2019-01-22,22:51:04,+0900,832072903587827712,bay_cos_,계이 계정 바이오에 있음,,@H_O_miru 그래서 사실 컵누들 하나 산다고 하고 안성탕면 컵누들 김밥 햄말이 사왔음 튜큐큐ㅠ큐ㅠㅠㅠ 새벽에 몰래 먹어야해ㅠㅠ,ko,[],[],[],1,0,0,[],[],https://twitter.com/Bay_cos_/status/1087709232713981954,False,,0,,,,,,,,[],,,,
1087007031725150208,1087007031725150208,2019-01-21 00:20:46 ´ëÇÑ¹Î±¹ Ç¥ÁØ½Ã,2019-01-21,00:20:46,+0900,115345845,malweee,마리😩,,광고 보니까 생각났는데 해물 안성탕면이라고 나온 거 작은컵 버전 먹어봤는데 약간 농심 새우탕면 생각이 나는 맛이었다.,ko,[],[],[],0,0,0,[],[],https://twitter.com/Malweee/status/1087007031725150208,False,,0,,,,,,,,[],,,,
1073404481168011264,1073404481168011264,2018-12-14 11:29:05 ´ëÇÑ¹Î±¹ Ç¥ÁØ½Ã,2018-12-14,11:29:05,+0900,476718060,_x_rin__,카이린,,해물 안성탕면컵 후기: 맛없음 ㅅㄱ,ko,[],[],[],0,0,0,[],[],https://twitter.com/_x_rin__/status/1073404481168011264,False,,0,,,,,,,,[],,,,
1067344661474209792,1067344661474209792,2018-11-27 18:09:32 ´ëÇÑ¹Î±¹ Ç¥ÁØ½Ã,2018-11-27,18:09:32,+0900,133177569,breaknewscom,BreakNews,,"농심, 해물안성탕면 누적 판매 2100만개..이제 컵으로 만난다 / 브레이크뉴스   https://t.co/gmTBf1sNK3",ko,[],['http://www.breaknews.com/617045'],[],0,0,0,[],[],https://twitter.com/BreakNewsCom/status/1067344661474209792,False,,0,,,,,,,,[],,,,
1067312648499462144,1067312648499462144,2018-11-27 16:02:19 ´ëÇÑ¹Î±¹ Ç¥ÁØ½Ã,2018-11-27,16:02:19,+0900,3145996194,0dailypost0,데일리포스트,,"[데일리포스트] 농심 해물안성탕면, 두달 반 만에 2100만개 판매..컵 출시  https://t.co/bZLT778MX4  https://t.co/Sb7PszflsW",ko,[],['https://www.thedailypost.kr/news/64571'],['https://pbs.twimg.com/media/Ds_bMt1XcAA0xom.jpg'],0,0,0,[],[],https://twitter.com/0dailypost0/status/1067312648499462144,False,,1,https://pbs.twimg.com/media/Ds_bMt1XcAA0xom.jpg,,,,,,,[],,,,
1067226848512229376,1067226848512229376,2018-11-27 10:21:23 ´ëÇÑ¹Î±¹ Ç¥ÁØ½Ã,2018-11-27,10:21:23,+0900,2705672718,foodenews,식품음료신문,,"[11/27 오늘의 새상품]오리온 ‘왕상어밥 새우버거맛’, 롯데제과 ‘왓따짱셔요’, 농심 ‘해물안성탕면컵’  https://t.co/wU8x7qAqrb  https://t.co/wU8x7qAqrb",ko,[],"['http://www.thinkfood.co.kr/news/articleView.html?idxno=82700', 'http://www.thinkfood.co.kr/news/articleView.html?idxno=82700']",[],0,8,0,[],[],https://twitter.com/foodenews/status/1067226848512229376,False,,0,,,,,,,,[],,,,
1052915633791221761,1052915633791221761,2018-10-18 22:33:43 ´ëÇÑ¹Î±¹ Ç¥ÁØ½Ã,2018-10-18,22:33:43,+0900,1013000301106753536,tsru2114012,💙레아시 츠루💙,,당신은 쪼꼬만 안성탕면 컵면의 대빵만한 버섯 후레이크를 보았습니다 이 글을 10초안에 알티하면 라면과 관련된 좋은 일이 꼭!! 생길것입니다  https://t.co/YrgX1PRbVg,ko,[],[],['https://pbs.twimg.com/media/Dpy1LcjVAAAJ7vW.jpg'],6,281,97,[],[],https://twitter.com/tsru2114012/status/1052915633791221761,False,,1,https://pbs.twimg.com/media/Dpy1LcjVAAAJ7vW.jpg,,,,,,,[],,,,
1040801444750798849,1040801444750798849,2018-09-15 12:16:16 ´ëÇÑ¹Î±¹ Ç¥ÁØ½Ã,2018-09-15,12:16:16,+0900,545810821,2ndturning,白夜|2ndT,,"홈플러스에서 스타벅스 캔커피를 4캔 4천원쯤에 팔길래 해물안성탕면 살때 같이 사와서 지금 마셔보고 있는데, 맛이 고급스럽다 느껴지진 않네. 하긴 캔커피에서 뭘 바라겠냐마는. 컵커피를 사는게 더 낫지.",ko,[],[],[],0,0,0,[],[],https://twitter.com/2ndTurning/status/1040801444750798849,False,,0,,,,,,,,[],,,,
1027590789038133248,1027586576262475778,2018-08-10 01:21:50 ´ëÇÑ¹Î±¹ Ç¥ÁØ½Ã,2018-08-10,01:21:50,+0900,851069180430303232,kill_ilbefuck,월광🍑,,@stupid_asfuck 1위 안성탕면(대체품이 없음ㅠ)  2위 오동통면(원래는 너구리매운맛인데 농심이라 커트야커트8ㅅ8   3위 간짬뽕  공동 4위 참깨라면 공화춘짬뽕 육개장작은컵 틈새라면,ko,[],[],[],0,0,0,[],[],https://twitter.com/kill_ilbefuck/status/1027590789038133248,False,,0,,,,,,,,[],,,,
1023965606591098880,1023965606591098880,2018-07-31 01:16:39 ´ëÇÑ¹Î±¹ Ç¥ÁØ½Ã,2018-07-31,01:16:39,+0900,856174076691226624,an0kim,🦠농담세포,,라면 진짜 조아... 컵누들우동맛 생생우동 멸치칼국수 생면식감돈코츠라멘맛 진짬뽕 불닭볶음면 참깨라면 안성탕면(부대찌개나 콩나물 첨가 등 조리 활용도 높음) 이 제 최애들 맛잇는거머가 더잇지,ko,[],[],[],0,0,2,[],[],https://twitter.com/an0kim/status/1023965606591098880,False,,0,,,,,,,,[],,,,
1010125817995640833,1010125817995640833,2018-06-22 20:42:16 ´ëÇÑ¹Î±¹ Ç¥ÁØ½Ã,2018-06-22,20:42:16,+0900,996635112010792960,seoneong_tmi,염선혜 쓸데없는 정보봇,,"서넹님이 좋아하시는 라면은 짜파게티, 누들컵, 너구리, 신라면, 진라면, 안성탕면이다. 안성탕면은 김치가 있어야 먹으신다고",ko,[],[],[],0,0,1,[],[],https://twitter.com/seoneong_TMI/status/1010125817995640833,False,,0,,,,,,,,[],,,,
1003546402960465920,1002155973845270529,2018-06-04 16:58:02 ´ëÇÑ¹Î±¹ Ç¥ÁØ½Ã,2018-06-04,16:58:02,+0900,146526740,araland2004,ARA 🍁,,@seo00aeo 헉 전 끓여먹을때 안성탕면이고 부셔먹을땐 신라면인데 ㅋㅋㅋ 컵라면은 육개장이요! 작은컵,ko,[],[],[],0,0,0,[],[],https://twitter.com/araland2004/status/1003546402960465920,False,,0,,,,,,,,[],,,,
958734505925165057,958734505925165057,2018-02-01 01:11:33 ´ëÇÑ¹Î±¹ Ç¥ÁØ½Ã,2018-02-01,01:11:33,+0900,2591035976,cry2ymtram,람@ラム💜,,봉지가 열라면 신라면 안성탕면 삼양라면 짜파게티 비빔면 (어제까지 까르보불닭)  컵으론 육개장 신라면  ㅇㅁㅇ..라면가게인가,ko,[],[],[],0,0,1,[],[],https://twitter.com/cry2ymtRam/status/958734505925165057,False,,0,,,,,,,,[],,,,
954846102087376896,954846102087376896,2018-01-21 07:40:25 ´ëÇÑ¹Î±¹ Ç¥ÁØ½Ã,2018-01-21,07:40:25,+0900,760413727757742080,giotto_herbuckg,갱쟈,,조와요 그럼 갱쟈님이 뭘 먹어야 좋을지 택1 해주세요!@@ 누룽지 밥 짜파게티 삼양라면 카레라면 안성탕면 컵누들,ko,[],[],[],0,0,0,[],[],https://twitter.com/Giotto_herbuckG/status/954846102087376896,False,,0,,,,,,,,[],,,,
939152710372245505,936552939547742209,2017-12-09 00:20:29 ´ëÇÑ¹Î±¹ Ç¥ÁØ½Ã,2017-12-09,00:20:29,+0900,109867621,geheje,사나운 코알라,,12월8일 식사  아침 : X 점심 : 마라볶음쌀국수 컵 저녁 : 안성탕면,ko,[],[],[],1,0,0,[],[],https://twitter.com/geheje/status/939152710372245505,False,,0,,,,,,,,[],,,,
919902734316314624,919902734316314624,2017-10-16 21:27:57 ´ëÇÑ¹Î±¹ Ç¥ÁØ½Ã,2017-10-16,21:27:57,+0900,3449525354,jumpingxorange,라랄라,,일을 시작할 기력이 ㅇ벗다.................... 옆자리 분의 안성탕면 미니컵이 탐난다......,ko,[],[],[],1,0,0,[],[],https://twitter.com/jumpingxorange/status/919902734316314624,False,,0,,,,,,,,[],,,,
919187381063786497,919187381063786497,2017-10-14 22:05:23 ´ëÇÑ¹Î±¹ Ç¥ÁØ½Ã,2017-10-14,22:05:23,+0900,901790909527818240,dieornottodie_,냠,,7시간 취침  아침: 오레오오즈에 우유 한 그릇 점심: 안성탕면 작은 컵 하나,ko,[],[],[],0,0,0,[],[],https://twitter.com/dieornottodie_/status/919187381063786497,False,,0,,,,,,,,[],,,,
820297830782775296,820288764756930560,2017-01-15 00:53:37 ´ëÇÑ¹Î±¹ Ç¥ÁØ½Ã,2017-01-15,00:53:37,+0900,765157789681393665,loeyeol485,;-;,,@_Kai_88_ 안성탕면도 컵으로 있겧지,ko,[],[],[],0,0,0,[],[],https://twitter.com/loeyeol485/status/820297830782775296,False,,0,,,,,,,,"[{'screen_name': '_KAI_88_', 'name': '🍑 y 🍑', 'id': '1225005447272259584'}]",,,,
805077281345454081,805077281345454081,2016-12-04 00:52:36 ´ëÇÑ¹Î±¹ Ç¥ÁØ½Ã,2016-12-04,00:52:36,+0900,1085492646,_e4__vx,이사,,안성탕면 작은 컵 왤케 맛 없서...,ko,[],[],[],0,0,0,[],[],https://twitter.com/_e4__VX/status/805077281345454081,False,,0,,,,,,,,[],,,,
805074056093384704,805074056093384704,2016-12-04 00:39:47 ´ëÇÑ¹Î±¹ Ç¥ÁØ½Ã,2016-12-04,00:39:47,+0900,1085492646,_e4__vx,이사,,안성탕면 작은 컵이랑 짜파게티 큰 컵이랑 가격 똑같아ㅋㅋ 양심 다이죠부세요..?,ko,[],[],[],0,0,0,[],[],https://twitter.com/_e4__VX/status/805074056093384704,False,,0,,,,,,,,[],,,,
798001472986234882,798001472986234882,2016-11-14 12:15:51 ´ëÇÑ¹Î±¹ Ç¥ÁØ½Ã,2016-11-14,12:15:51,+0900,2856420427,karan_kajossi,카란,,안성탕면 컵은 봉지랑 맛이달라,ko,[],[],[],1,0,0,[],[],https://twitter.com/karan_kajossi/status/798001472986234882,False,,0,,,,,,,,[],,,,
779651373579108352,779651373579108352,2016-09-24 20:59:07 ´ëÇÑ¹Î±¹ Ç¥ÁØ½Ã,2016-09-24,20:59:07,+0900,1266780619,hwashin_nf,《 화 신 》,,중딩때 안성탕면이 500원 이었는데 아침에 등교하면 항상 문을 일찍 열어놓는 문구점+슈퍼가 있었음.  용돈 생기면 그 아침에 안성탕면 사서 뜨거운 물 정수기에서 떠다가 뽀글이 해먹음. 아침 일찍 등교하는 친구들이랑 컵에 나눠먹었었는데..,ko,[],[],[],0,1,0,[],[],https://twitter.com/HwaShin_NF/status/779651373579108352,False,,0,,,,,,,,[],,,,
776236291860025344,776231783809454080,2016-09-15 10:48:48 ´ëÇÑ¹Î±¹ Ç¥ÁØ½Ã,2016-09-15,10:48:48,+0900,2691469814,sisicolcol_,시콜🌈,,@TantsuckerB 아 왠지 둘이 공부하다 컵라면먹으면 덴시치는 컵누들 사키치는 안성탕면 먹을거같아요 이유는 알수없음이지만... (???????,ko,[],[],[],0,0,0,[],[],https://twitter.com/sisicolcol_/status/776236291860025344,False,,0,,,,,,,,[],,,,
770280067209371652,770261934402789376,2016-08-30 00:20:53 ´ëÇÑ¹Î±¹ Ç¥ÁØ½Ã,2016-08-30,00:20:53,+0900,2605637148,shinsilverstar,별✨,,@Micha_377 엑ㅋㅋㅋ 그러면 안성탕면..(//) 안매운거..?ㅋㅋㅋ 우리나라라면은 또 맛있지 훟... 아배고파졌다 아아아어 언니그러면 쵸코쟈이 카레컵우동 사다주면 안대여**?^?**,ko,[],[],[],0,0,0,[],[],https://twitter.com/shinsilverstar/status/770280067209371652,False,,0,,,,,,,,"[{'screen_name': 'Micha_377', 'name': '미카', 'id': '2587606477'}]",,,,
760868912263106562,760868033933869058,2016-08-04 01:04:19 ´ëÇÑ¹Î±¹ Ç¥ÁØ½Ã,2016-08-04,01:04:19,+0900,3252764161,xiarr_1215,(반동결) 샤요나르💫,,@XoX_jyj 안성탕면은 봉지가 ㄹㅇ이죠! ㅠㅠ 근데 컵으로도 먹어보고 싶네요.. 저희 동네에는 안팔던데 ㅇㅅㅇ,ko,[],[],[],0,0,0,[],[],https://twitter.com/xiaRr_1215/status/760868912263106562,False,,0,,,,,,,,[],,,,
760868370942001152,760868033933869058,2016-08-04 01:02:10 ´ëÇÑ¹Î±¹ Ç¥ÁØ½Ã,2016-08-04,01:02:10,+0900,3252764161,xiarr_1215,(반동결) 샤요나르💫,,@XoX_jyj 우와.. 저 안성탕면 컵으로 첨봐요! )신기,ko,[],[],[],0,0,0,[],[],https://twitter.com/xiaRr_1215/status/760868370942001152,False,,0,,,,,,,,[],,,,
746537406203977728,746537406203977728,2016-06-25 11:56:02 ´ëÇÑ¹Î±¹ Ç¥ÁØ½Ã,2016-06-25,11:56:02,+0900,88819332,johngalliana,John Galliana,,배고플 때 주문해서 그런지 신라면 안성탕면 팔도비빔면 불닭면 신라면컵 육개장사발면 3분낙지볶음 김치3kg,ko,[],[],[],2,0,1,[],[],https://twitter.com/johngalliana/status/746537406203977728,False,,0,,,,,,,,[],,,,
730403009914494977,730403009914494977,2016-05-11 23:23:42 ´ëÇÑ¹Î±¹ Ç¥ÁØ½Ã,2016-05-11,23:23:42,+0900,496701279,shineeandme525,빛나✨,,"다시 정리하면 답례품:신라면,안성탕면,맛짬뽕,짜왕,우육탕면,신라면블랙컵,꿀꽈배기,새우깡,통밀콘,카프리썬,백산수+문제맞춘상품으로 블랙컵 하나더",ko,[],[],[],0,0,0,[],[],https://twitter.com/shineeandme525/status/730403009914494977,False,,0,,,,,,,,[],,,,
730379858170109952,730379858170109952,2016-05-11 21:51:42 ´ëÇÑ¹Î±¹ Ç¥ÁØ½Ã,2016-05-11,21:51:42,+0900,496701279,shineeandme525,빛나✨,,"노옹심 견학 진짜 좋습니다 답례품=신라면,맛짬뽕,짜왕,안성탕면,우육탕면 ,신라면블랙컵,통밀콘,꿀꽈배기,새우깡+문제 맞춰서 블랙컵 하나 더",ko,[],[],[],3,0,0,[],[],https://twitter.com/shineeandme525/status/730379858170109952,False,,0,,,,,,,,[],,,,
