id,conversation_id,created_at,date,time,timezone,user_id,username,name,place,tweet,language,mentions,urls,photos,replies_count,retweets_count,likes_count,hashtags,cashtags,link,retweet,quote_url,video,thumbnail,near,geo,source,user_rt_id,user_rt,retweet_id,reply_to,retweet_date,translate,trans_src,trans_dest
1438062844755406849,1438062844755406849,2021-09-15 17:51:14 ´ëÇÑ¹Î±¹ Ç¥ÁØ½Ã,2021-09-15,17:51:14,+0900,1309837737168523265,myeong_yuhyeon,溟_명,,본좌의 라면관련 철학 중 굉장히 확고한 것은 가능하다면 꼭 삼김과 함께해야하며 그 때 베스트 조합은 신라면블랙 큰 컵에 참치마요 삼김이다,ko,[],[],[],0,0,2,[],[],https://twitter.com/Myeong_yuhyeon/status/1438062844755406849,False,,0,,,,,,,,[],,,,
1433207686976335879,1433207686976335879,2021-09-02 08:18:34 ´ëÇÑ¹Î±¹ Ç¥ÁØ½Ã,2021-09-02,08:18:34,+0900,2841675446,turquoise_rm,몽블랑 ʕ•ᴥ•ʔ,,어제 운동하고 신라면 건면 먹어봄  국물은 블랙급으로 개맛있는데 면이 개맛없음 .... 약간.. 컵누들 같은느낌..  면이 밀가루면인데 되게 맛없는밀가루면 ..  https://t.co/XjFHwwchTL,ko,[],[],['https://pbs.twimg.com/media/E-PGyGxUYAs07p_.jpg'],1,1,0,[],[],https://twitter.com/Turquoise_RM/status/1433207686976335879,False,,1,https://pbs.twimg.com/media/E-PGyGxUYAs07p_.jpg,,,,,,,[],,,,
1419684759421157377,1419634723425374211,2021-07-27 00:43:17 ´ëÇÑ¹Î±¹ Ç¥ÁØ½Ã,2021-07-27,00:43:17,+0900,1217083924624502784,kim__mooyaho,롤 자유랭 아이언2,,@S2Meety0u 신라면 컵은 별로야 근데 블랙은 또 마시씀,ko,[],[],[],0,0,0,[],[],https://twitter.com/kim__mooyaho/status/1419684759421157377,False,,0,,,,,,,,"[{'screen_name': 'S2Meety0u', 'name': '미 츄', 'id': '1399780884882944003'}]",,,,
1415608547530797066,1414213611363344384,2021-07-15 18:45:53 ´ëÇÑ¹Î±¹ Ç¥ÁØ½Ã,2021-07-15,18:45:53,+0900,1405553184190337026,molar_alah,어금니,,냉장고에 무슨 물 밖에 없어; 찬장 다 뒤져도 신라면블랙컵 하나 나옴 근데 그것도 유통기한 지남 굶겨 죽이려는 건가 핸드폰도 없음 약정 아직 남았는데 시발새끼 진짜 죽인다 티비는 켜져서 걍 컵라면 뽀개서 스프 뿌려먹음,ko,[],[],[],1,0,1,[],[],https://twitter.com/molar_alah/status/1415608547530797066,False,,0,,,,,,,,[],,,,
1409171357149974530,1409169875944177666,2021-06-28 00:26:47 ´ëÇÑ¹Î±¹ Ç¥ÁØ½Ã,2021-06-28,00:26:47,+0900,938404620702908417,ja_ssi__,조가깅,,@iamtxailand 신라면블랙컵 기기… 최고,ko,[],[],[],1,0,0,[],[],https://twitter.com/ja_ssi__/status/1409171357149974530,False,,0,,,,,,,,[],,,,
1404394264390356995,1404394264390356995,2021-06-14 20:04:19 ´ëÇÑ¹Î±¹ Ç¥ÁØ½Ã,2021-06-14,20:04:19,+0900,707458235599552512,mielo0o,달🍐,,국물있는거 먹고싶을지 볶음면 먹고싶을지 안매운거 먹고싶을지몰라서  신라면 블랙/ 짜파게티 작은컵/유부우동 세가지 준비해는데,ko,[],[],[],0,0,1,[],[],https://twitter.com/mielo0o/status/1404394264390356995,False,,0,,,,,,,,[],,,,
1395073348594401280,1395069854676250626,2021-05-20 02:46:20 ´ëÇÑ¹Î±¹ Ç¥ÁØ½Ã,2021-05-20,02:46:20,+0900,1368176740632326149,_hasuk__,하 석,,@coolxidneverdie 라면을 엄청 좋아하지는 않아서 하나 다 먹을때쯤 항상 물리는데 신라면 블랙이랑 육개장 작은컵은 딱좋더라구요😂😂 특히 신라면 블랙은 양주마실때 안주로 굿…(?),ko,[],[],[],1,0,0,[],[],https://twitter.com/_hasuk__/status/1395073348594401280,False,,0,,,,,,,,"[{'screen_name': 'coolxidneverdie', 'name': '라퓨타 | ʟᴀᴘᴜᴛᴀ', 'id': '1383971899177259011'}]",,,,
1395072324584435713,1395069854676250626,2021-05-20 02:42:16 ´ëÇÑ¹Î±¹ Ç¥ÁØ½Ã,2021-05-20,02:42:16,+0900,1383971899177259011,coolxidneverdie,라퓨타 | ʟᴀᴘᴜᴛᴀ,,"@has__uk 엇 저두 그거 해먹어보려구요.. 아니 근데 신라면 블랙, 그리고 육개장 작은컵.. 너무 완벽한 거 아니에요? 맞아요 신라면은 블랙이고 육개장은 작은컵이 진리죠 😭💦 역시 뭘 아신다... 이겁니다 👏👍✨",ko,[],[],[],1,0,0,[],[],https://twitter.com/coolxidneverdie/status/1395072324584435713,False,,0,,,,,,,,[],,,,
1394875705016479749,1394875705016479749,2021-05-19 13:40:58 ´ëÇÑ¹Î±¹ Ç¥ÁØ½Ã,2021-05-19,13:40:58,+0900,1070962242907062272,kiimbokk,bokk,,ㅋㅋㅋ도서관맛ㅋㅋㅋㅋㅋㅌㅋㅋㅋㅋㅋㅋㅋㅋㅋㅋㅋㅋㅋㅋㅋㅋㅋ신라면 블랙 컵라면 갠찬나요 저는 작은컵처럼 면이 가늘엇음 조켓어용 제가 담에 머거볼게요 히히 고마워용 ❤️     https://t.co/JTOV7lLcL9,ko,[],['https://peing.net/ko/qs/1003627761'],[],0,0,0,[],[],https://twitter.com/KIIMBOKK/status/1394875705016479749,False,,0,,,,,,,,[],,,,
1392527833226907653,1392527833226907653,2021-05-13 02:11:22 ´ëÇÑ¹Î±¹ Ç¥ÁØ½Ã,2021-05-13,02:11:22,+0900,1244250980712976387,spreadby67,한울,,삼김 말고 컵라면 끓일 걸 그랬나 신라면 블랙 컵 사온 거 있는디 전에 먹다 남은 연태고량주랑 토닉워터 새 거도 있는디,ko,[],[],[],0,0,1,[],[],https://twitter.com/spreadby67/status/1392527833226907653,False,,0,,,,,,,,[],,,,
1383722331248287753,1383722331248287753,2021-04-18 19:01:26 ´ëÇÑ¹Î±¹ Ç¥ÁØ½Ã,2021-04-18,19:01:26,+0900,1190907150492549121,msw_yn,YN,,신라면 블랙은 봉지가 컵보다 훨씬 맛없구나... 싸다고 한팩이나 사다 쟁여놓은 나는 바보야 😂,ko,[],[],[],0,0,3,[],[],https://twitter.com/MSW_YN/status/1383722331248287753,False,,0,,,,,,,,[],,,,
1378445503512244225,1378445502174294017,2021-04-04 05:33:12 ´ëÇÑ¹Î±¹ Ç¥ÁØ½Ã,2021-04-04,05:33:12,+0900,1106324038429757442,tuttle_dream,잠자는 거북이(실직),,@ : 흠 신라면블랙두부김치에 손을 뻗은 소우자 손등을 때리면서 너어는 그런 귀한 건 동생한테 줄 생각을 해야지 에잉 쯧쯧 너랑 난 컵누들이나 먹을 거니까 그렇게 알아 라고 하는 거?,ko,[],[],[],1,0,1,[],[],https://twitter.com/tuttle_dream/status/1378445503512244225,False,,0,,,,,,,,[],,,,
1368405308138086400,1368405308138086400,2021-03-07 12:37:03 ´ëÇÑ¹Î±¹ Ç¥ÁØ½Ã,2021-03-07,12:37:03,+0900,1251100687259197441,arieariaria,✨애리리✨,,신라면블랙두부김치 컵 전자레인지 2분 호로로록 짱맛,ko,[],[],[],1,1,1,[],[],https://twitter.com/Arieariaria/status/1368405308138086400,False,,0,,,,,,,,[],,,,
1362134029475045376,1362134029475045376,2021-02-18 05:17:14 ´ëÇÑ¹Î±¹ Ç¥ÁØ½Ã,2021-02-18,05:17:14,+0900,1279396836634050562,waddlewaddlewa,와,,신라면블랙 3 삼양 매운 2 꼬꼬면 1 크림 진짬 2 참깨 1 공화춘 1 불볶 1 삼양골드 1 사리곰탕 1 김치쌀국수 1 소유라멘 1 오모김치 1 김치사발 1 육개장 5 참깨 소 4 컵누들 3 신라면 2 진라면 1 너구리 1 오짬 1,ko,[],[],[],0,0,1,[],[],https://twitter.com/waddlewaddlewa/status/1362134029475045376,False,,0,,,,,,,,[],,,,
1360259535957422082,1360259535957422082,2021-02-13 01:08:40 ´ëÇÑ¹Î±¹ Ç¥ÁØ½Ã,2021-02-13,01:08:40,+0900,932954659131555843,gwimasen_sk,김말이,,라면...신라면열라면틈새라면안성탕면진라면순한맛매운맛육개장참깨라면삼양라면너구리신라면블랙신라면건면새우탕먹어보진않았지만컵누들청양고추라면스페게티콕콕붉닭까르보나라맛예전에친구랑먹었던물붓고기다리면완성되는외국라면파트에팔던것같은데아무튼튀김우동너구리볶음면비빔면 먹고싶다,ko,[],[],[],1,0,3,[],[],https://twitter.com/Gwimasen_sk/status/1360259535957422082,False,,0,,,,,,,,[],,,,
1354696473133244417,1354696220795494401,2021-01-28 16:43:02 ´ëÇÑ¹Î±¹ Ç¥ÁØ½Ã,2021-01-28,16:43:02,+0900,1177573029259304961,1bur_,원버,,@R_RYEON 신라면 블랙컵,ko,[],[],[],1,0,0,[],[],https://twitter.com/1bur_/status/1354696473133244417,False,,0,,,,,,,,"[{'screen_name': 'R_RYEON', 'name': '류련', 'id': '1184129600'}]",,,,
1348616523531735042,1348609240479395842,2021-01-11 22:03:29 ´ëÇÑ¹Î±¹ Ç¥ÁØ½Ã,2021-01-11,22:03:29,+0900,4673151313,musigyul,귤🧃,,@rolling_Nai 신라면블랙컵이 좋아요~~,ko,[],[],[],1,0,0,[],[],https://twitter.com/musigyul/status/1348616523531735042,False,,0,,,,,,,,[],,,,
1348609629064843267,1348609240479395842,2021-01-11 21:36:06 ´ëÇÑ¹Î±¹ Ç¥ÁØ½Ã,2021-01-11,21:36:06,+0900,4673151313,musigyul,귤🧃,,@SGGalbi 전자렌지 돌린 신라면블랙컵이 국룰입니다.,ko,[],[],[],0,0,1,[],[],https://twitter.com/musigyul/status/1348609629064843267,False,,0,,,,,,,,"[{'screen_name': 'SGGalbi', 'name': '🍖', 'id': '1237794915217600512'}]",,,,
1346122928249683969,1346122928249683969,2021-01-05 00:54:50 ´ëÇÑ¹Î±¹ Ç¥ÁØ½Ã,2021-01-05,00:54:50,+0900,885767368428867585,cyan_isme,쵸무🥰,,Born in:🇰🇷 Parents:🇰🇷🇰🇷 Lived in:🇰🇷 Visited:🇬🇧🇫🇷🇨🇭🇭🇺🇯🇵  눈보라치는 알프스 정상 그곳 융프라우에는 신라면 블랙 컵을 만원에 팔고 있습니다,ko,[],[],[],0,0,0,[],[],https://twitter.com/CYAN_ISME/status/1346122928249683969,False,,0,,,,,,,,[],,,,
1344696263090999296,1344342657883987968,2021-01-01 02:25:47 ´ëÇÑ¹Î±¹ Ç¥ÁØ½Ã,2021-01-01,02:25:47,+0900,1153353241511378948,malimo_1,리모,,"51. 좋아하는 라면 짜파게티, 신라면, 진라면, 불닭시리즈, 참깨, 컵누들, 너구리, 안성탕면, 신라면블랙, 00칼국수, 00우동  ...걍 다 좋아하는듯",ko,[],[],[],1,0,0,[],[],https://twitter.com/malimo_1/status/1344696263090999296,False,,0,,,,,,,,[],,,,
1337174897945014272,1337174897945014272,2020-12-11 08:18:33 ´ëÇÑ¹Î±¹ Ç¥ÁØ½Ã,2020-12-11,08:18:33,+0900,1246779318392389634,nijju_8260,🌼미나💛,,컵 라 면 이 먹 고 싶 네 요 . . . 어제 드링킹한 걸 못 풀었습니다... 선바님이 음식을 맛있게 잘 먹네요... 다들 무슨 컵라면 제일 좋아하시나요... 저는 신라면 블랙 두부김치 사발 좋아합니다... 이 글을 보고 계시는 당 신 은 . . . 어떤 컵라면을... 좋 아 하 시 나 요 . . . ?  https://t.co/9ifpnEIuzJ,ko,[],[],['https://pbs.twimg.com/media/Eo6ZelMVoAAXNxv.jpg'],0,0,0,[],[],https://twitter.com/NiJju_8260/status/1337174897945014272,False,,1,https://pbs.twimg.com/media/Eo6ZelMVoAAXNxv.jpg,,,,,,,[],,,,
1331908950157971456,1331908950157971456,2020-11-26 19:33:34 ´ëÇÑ¹Î±¹ Ç¥ÁØ½Ã,2020-11-26,19:33:34,+0900,1249489555998167040,gorani_fri_,고라니튀김,,3년 내내 주 4일간의 저녁을 편의점에서 때운 사람의 목록추가~  마라탕면 국물 급하게 못먹음 주의 왕뚜껑 국물까지 원샷가능 그렇게 안맵고 좋음 도시락 최고다 싸고 맛있다 컵누들 비싼만큼 맛있지만 양이적다 참깨라면 질리면 트위터레시피 쓰자 신라면 블랙이진리 불닭 이건 돈있을때 삼김이랑,ko,[],[],[],1,0,4,[],[],https://twitter.com/Gorani_Fri_/status/1331908950157971456,False,https://twitter.com/fure_1cha/status/1331906637301334017,0,,,,,,,,[],,,,
1325772547158282245,1325772547158282245,2020-11-09 21:09:41 ´ëÇÑ¹Î±¹ Ç¥ÁØ½Ã,2020-11-09,21:09:41,+0900,1149016182613086208,rurrks123,냥⃞⍤⃞⍢⃞,,개개개개추천하는 라면 신라면 블랙  봉지 컵 둘 다 맛있지만 컵을 추천함★,ko,[],[],[],0,0,0,[],[],https://twitter.com/rurrks123/status/1325772547158282245,False,,0,,,,,,,,[],,,,
1319641157702348800,1319641157702348800,2020-10-23 23:05:44 ´ëÇÑ¹Î±¹ Ç¥ÁØ½Ã,2020-10-23,23:05:44,+0900,3311941842,jinxialing,썸머벨,,아직 짐도 안싸고 씻지도 않았으면서 내일 첫끼로 뭐 먹을지 고민중인 사람 나야나... 짜파게티랑 김치볶음밥이랑 신라면블랙컵라 중 하나 먹어야지:),ko,[],[],[],1,0,2,[],[],https://twitter.com/jinxialing/status/1319641157702348800,False,,0,,,,,,,,[],,,,
1315546414785544192,1315546414785544192,2020-10-12 15:54:41 ´ëÇÑ¹Î±¹ Ç¥ÁØ½Ã,2020-10-12,15:54:41,+0900,590764512,kukdas_v,고냥이,,신라면블랙 두부김치 작은컵도 내 줘. 큰 컵 다 못 먹는단 말이야.,ko,[],[],[],0,0,0,[],[],https://twitter.com/kukdas_v/status/1315546414785544192,False,,0,,,,,,,,[],,,,
1312643191556857856,1312643191556857856,2020-10-04 15:38:19 ´ëÇÑ¹Î±¹ Ç¥ÁØ½Ã,2020-10-04,15:38:19,+0900,858315551197642752,ddenggul,뎅구⚾️,,오 신라면 블랙 컵 맛있네 ?-?,ko,[],[],[],0,0,0,[],[],https://twitter.com/ddenggul/status/1312643191556857856,False,,0,,,,,,,,[],,,,
1288645234067308544,1288645234067308544,2020-07-30 10:19:00 ´ëÇÑ¹Î±¹ Ç¥ÁØ½Ã,2020-07-30,10:19:00,+0900,1227976877190467584,imnotlapis,대충뭐시기계정,,영상 초반부터 뭘 계속 먹고 있나 했는데 신라면 블랙 컵 ㅋㅋ 생각보다 인기 있나?  https://t.co/4FE7xu0sf1,ko,[],[],"['https://pbs.twimg.com/media/EeIwAc5UcAIADsw.jpg', 'https://pbs.twimg.com/media/EeIwArMVoAAwA9h.jpg']",1,0,0,[],[],https://twitter.com/imnotlapis/status/1288645234067308544,False,,1,https://pbs.twimg.com/media/EeIwAc5UcAIADsw.jpg,,,,,,,[],,,,
1263879338077769728,1263879338077769728,2020-05-23 02:08:10 ´ëÇÑ¹Î±¹ Ç¥ÁØ½Ã,2020-05-23,02:08:10,+0900,409788605,nexus__iv,NexusP@君との明日を願うから,,아침은 블랙보리 점심은 신라면컵 간식은 꼬북칩 저녁은 황금목장,ko,[],[],[],2,0,1,[],[],https://twitter.com/NeXuS__IV/status/1263879338077769728,False,,0,,,,,,,,[],,,,
1239258234650685445,1239256321041379328,2020-03-16 03:32:42 ´ëÇÑ¹Î±¹ Ç¥ÁØ½Ã,2020-03-16,03:32:42,+0900,4854377999,kinam0516,팔두 양 🐣,,@OhohOhoh_Oh2 신라면블랙 컵,ko,[],[],[],0,0,0,[],[],https://twitter.com/kinam0516/status/1239258234650685445,False,,0,,,,,,,,"[{'screen_name': 'OhohOhoh_Oh2', 'name': '애긔악마', 'id': '1050750708679495680'}]",,,,
1239142879102226433,1239123414612234241,2020-03-15 19:54:19 ´ëÇÑ¹Î±¹ Ç¥ÁØ½Ã,2020-03-15,19:54:19,+0900,1203679028730720256,reflection_519,SLOW 메리🪴,,@coco3554 진짜 저 국물라면은 별루 안좋아하는데 신라면 블랙 컵 정말 좋아해요오..ㅠㅜㅜ,ko,[],[],[],0,0,0,[],[],https://twitter.com/Reflection_519/status/1239142879102226433,False,,0,,,,,,,,[],,,,
1239090145019625472,1239043096400154624,2020-03-15 16:24:46 ´ëÇÑ¹Î±¹ Ç¥ÁØ½Ã,2020-03-15,16:24:46,+0900,2996074052,yenagod929,최달콤,,@HWYW_Iluvizone 신라면 블랙 전자레인지에 데워드십쇼.  짜파게티 범벅 작은 컵,ko,[],[],[],1,0,1,[],[],https://twitter.com/YenaGod929/status/1239090145019625472,False,,0,,,,,,,,[],,,,
1235237498894209025,1235237498894209025,2020-03-05 01:15:43 ´ëÇÑ¹Î±¹ Ç¥ÁØ½Ã,2020-03-05,01:15:43,+0900,236726805,junchi225,준치,,헐 머야 학교 매점에 신라면블랙컵 사라졌어요,ko,[],[],[],1,0,0,[],[],https://twitter.com/junchi225/status/1235237498894209025,False,,0,,,,,,,,[],,,,
1223677137581826048,1223667911299981312,2020-02-02 03:38:59 ´ëÇÑ¹Î±¹ Ç¥ÁØ½Ã,2020-02-02,03:38:59,+0900,1110375936770203648,breadmans_lust,까마귀 자식,,@PURPLEPINKIVORY 신라면 블랙 컵입니다만  https://t.co/mSK8dpVxF5,ko,[],[],['https://pbs.twimg.com/media/EPtf3WSUcAMmVvO.jpg'],0,0,0,[],[],https://twitter.com/breadmans_lust/status/1223677137581826048,False,,1,https://pbs.twimg.com/media/EPtf3WSUcAMmVvO.jpg,,,,,,,[],,,,
1217773747467276288,1217773747467276288,2020-01-16 20:41:01 ´ëÇÑ¹Î±¹ Ç¥ÁØ½Ã,2020-01-16,20:41:01,+0900,559259834,brk6012,샤이스타(シャイスター)P,,신라면 블랙 컵을 군보급으로 해야한다,ko,[],[],[],3,0,0,[],[],https://twitter.com/brk6012/status/1217773747467276288,False,,0,,,,,,,,[],,,,
1211633080290566146,1211632086102069251,2019-12-30 22:00:12 ´ëÇÑ¹Î±¹ Ç¥ÁØ½Ã,2019-12-30,22:00:12,+0900,1001098612640645120,readycherrygo,리고,,요것이었습니다 냄새가 꽤 그럴듯하고 맵지 않음 이천원이었던 걸로 기억 ㅇㅇ 길어보이는데 신라면작은컵 사이즈 아니고 신라면 블랙??의 좀더 긴 버전 !!  https://t.co/jnSmlVDkDS,ko,[],[],['https://pbs.twimg.com/media/ENCV2tFUwAAQldd.jpg'],0,0,1,[],[],https://twitter.com/readycherrygo/status/1211633080290566146,False,,1,https://pbs.twimg.com/media/ENCV2tFUwAAQldd.jpg,,,,,,,[],,,,
1194791555497771008,1194791555497771008,2019-11-14 10:37:59 ´ëÇÑ¹Î±¹ Ç¥ÁØ½Ã,2019-11-14,10:37:59,+0900,348589836,_from_5am,다섯시,,신라면 블랙 컵 마쉿내,ko,[],[],[],0,0,0,[],[],https://twitter.com/_from_5AM/status/1194791555497771008,False,,0,,,,,,,,[],,,,
1186018651951886336,1186018651951886336,2019-10-21 05:37:36 ´ëÇÑ¹Î±¹ Ç¥ÁØ½Ã,2019-10-21,05:37:36,+0900,877920950767013888,lynn__e,린,,아침밥추천좀 1. 김치볶음밥(해먹어야함) 2. 신라면블랙(컵) 3. 까르보불닭 4. 오레오우유에말아먹기 5. 치킨너겟튀기기 6. 냉동탕수육튀겨먹기 7. 그냥쳐굶기,ko,[],[],[],4,0,0,[],[],https://twitter.com/Lynn__E/status/1186018651951886336,False,,0,,,,,,,,[],,,,
1181236128357072897,1181218109488656384,2019-10-08 00:53:33 ´ëÇÑ¹Î±¹ Ç¥ÁØ½Ã,2019-10-08,00:53:33,+0900,1109525064699920384,timote96_,/T.RR/김모테,,"20. 신라면 블랙 컵!! 21. 레인보우 샤베트 22. 검은색, 흰색, 핑크색, 보라색, 형광색 23. 좋아하는 건 뭐.... 거무튀튀하면 다 좋아하는 것 가틈.... 올블랙 짱조아 24. 글쎄요 별로 관심이 없어섳... 25. 카톡, 인스타 합니다 26. 머.... 저는 제가 스킨쉽 하는것보다 당하는 걸 좋아합니다",ko,[],[],[],1,0,0,[],[],https://twitter.com/TiMote96_/status/1181236128357072897,False,,0,,,,,,,,[],,,,
1161911183831474177,1161911183831474177,2019-08-15 17:03:08 ´ëÇÑ¹Î±¹ Ç¥ÁØ½Ã,2019-08-15,17:03:08,+0900,836200337186803712,bori_58,보리,,"초6때는 진짜 급식 남기면 스티커 안준다고 지랄해서 국물에 밥 말아서 다 먹고 집 와서는 배고파서 신라면컵 블랙에 또 밥 말아 먹고 후식으로는 오예스 6개 먹고 살앗던 인간이었다네요 진짜 초등학교 졸사 볼때마다 재기 각 재고 있음;-;그래서 약간 트라우마? 로 중학교부터 라면,오예스극혐하는",ko,[],[],[],0,0,5,[],[],https://twitter.com/Bori_58/status/1161911183831474177,False,,0,,,,,,,,[],,,,
1156223322977234946,1156220987345494017,2019-07-31 00:21:36 ´ëÇÑ¹Î±¹ Ç¥ÁØ½Ã,2019-07-31,00:21:36,+0900,1146422451728818176,new__guk,은원예,,@salgu_14 맛잇어?? 근데 신라면 블랙은 컵이 더 맛잇대 봉지보다,ko,[],[],[],1,0,1,[],[],https://twitter.com/New__guk/status/1156223322977234946,False,,0,,,,,,,,"[{'screen_name': 'salgu_14', 'name': '🍋살구🍋', 'id': '3303888866'}]",,,,
1156154094261690370,1156154094261690370,2019-07-30 19:46:31 ´ëÇÑ¹Î±¹ Ç¥ÁØ½Ã,2019-07-30,19:46:31,+0900,998084660927152133,_blue11rose22,파란장미,,컵-신라면 블랙/짜파게티/투움바 파스타/까르보 불닭/참깨 냄비-막국수/삼양/비빔  생각보다 집에있는 라면종류가 많다,ko,[],[],[],0,0,0,[],[],https://twitter.com/_Blue11Rose22/status/1156154094261690370,False,,0,,,,,,,,[],,,,
1146707137571069952,1146707137571069952,2019-07-04 18:07:41 ´ëÇÑ¹Î±¹ Ç¥ÁØ½Ã,2019-07-04,18:07:41,+0900,2685620767,jingji_19,Jingji✨,,저녁은 신라면 블랙 컵에 찐계란에 식은밥(좋아!),ko,[],[],[],0,0,1,[],[],https://twitter.com/Jingji_19/status/1146707137571069952,False,,0,,,,,,,,[],,,,
1136484097113509888,1136484097113509888,2019-06-06 13:04:58 ´ëÇÑ¹Î±¹ Ç¥ÁØ½Ã,2019-06-06,13:04:58,+0900,3253492933,ezr_nm,남늘,,신라면 블랙 컵라먼 먹고싶다,ko,[],[],[],0,0,0,[],[],https://twitter.com/eZr_NM/status/1136484097113509888,False,,0,,,,,,,,[],,,,
1131919620812656640,1131915323924291584,2019-05-24 22:47:22 ´ëÇÑ¹Î±¹ Ç¥ÁØ½Ã,2019-05-24,22:47:22,+0900,491254855,jeanfillioux53,암◯프사☄️☘️🐶🌸🐾🐏🎪,,@tigranaidasu 그때  신라면 블랙이 컵으로 없었을 걸요...,ko,[],[],[],1,0,0,[],[],https://twitter.com/JeanFillioux53/status/1131919620812656640,False,,0,,,,,,,,[],,,,
1125629357840584706,1125629357840584706,2019-05-07 14:12:06 ´ëÇÑ¹Î±¹ Ç¥ÁØ½Ã,2019-05-07,14:12:06,+0900,3223844598,dancing_on_moon,덕질하는 말차🍵,,1. 많으면 14시간 적으면 2시간 평균 5시간 2. 쌀 3. 블랙 타이거 슈가 보바 쩐쭈 밀쿠티 4. 🤔 5. 수면바지 6. 먹을만함 7. 매일 8. 겜 9. 양말+ 슬리퍼 10. 강아지 11. 잘 12. 신라면 블랙 사천짜장 육개장컵 작은것 13. 본진  https://t.co/G83NdgLOGK,ko,[],[],['https://pbs.twimg.com/media/D58J7sWV4AEcQZt.jpg'],0,0,1,[],[],https://twitter.com/Dancing_on_Moon/status/1125629357840584706,False,,1,https://pbs.twimg.com/media/D58J7sWV4AEcQZt.jpg,,,,,,,[],,,,
1112800466230874113,1112800466230874113,2019-04-02 04:34:40 ´ëÇÑ¹Î±¹ Ç¥ÁØ½Ã,2019-04-02,04:34:40,+0900,146340553,mikibear_,미키베어,,신라면 블랙컵 끓여서 두 개 째 먹는 중,ko,[],[],[],2,0,1,[],[],https://twitter.com/MikiBear_/status/1112800466230874113,False,,0,,,,,,,,[],,,,
1100950833523388416,1100950833523388416,2019-02-28 11:48:28 ´ëÇÑ¹Î±¹ Ç¥ÁØ½Ã,2019-02-28,11:48:28,+0900,869230322998587393,aidinano,🍏POL@RIS🍎,,신라면블랙(컵)과 건빵의 조화는 체고야,ko,[],[],[],1,0,0,[],[],https://twitter.com/aidinano/status/1100950833523388416,False,,0,,,,,,,,[],,,,
1085552491410927616,1085552491410927616,2019-01-17 00:00:57 ´ëÇÑ¹Î±¹ Ç¥ÁØ½Ã,2019-01-17,00:00:57,+0900,1022868126633877510,m0net___,모네,,낼 아침에 블랙 신라면 컵으로 사둔 거 호로록 하고 싶따 옹엉 배고팡,ko,[],[],[],0,0,0,[],[],https://twitter.com/M0NET___/status/1085552491410927616,False,,0,,,,,,,,[],,,,
1081472103218466816,1081448079004295168,2019-01-05 17:46:56 ´ëÇÑ¹Î±¹ Ç¥ÁØ½Ã,2019-01-05,17:46:56,+0900,1076725469708410880,dngsa_59,덩사,,"51. 신라면 블랙, 진라면 컵, 불닭볶음면, 틈새라면 등등",ko,[],[],[],1,0,0,[],[],https://twitter.com/dngsa_59/status/1081472103218466816,False,,0,,,,,,,,[],,,,
1073786261062660096,1073436218212286464,2018-12-15 12:46:09 ´ëÇÑ¹Î±¹ Ç¥ÁØ½Ã,2018-12-15,12:46:09,+0900,922493205333000192,yys_in,🏴‍☠️유연신,,@eungalawyer 응변님 좋은 아침입니다!(일어나서 밥 안먹으면 아직 아침)ㅋㅋㅋ태영이 컵라면 참깨라면이나 치즈볶이 이런거 먹을거 같지 않나요 아니면 컵라면 싫다고 컵떡볶이 먹을거 같구ㅋㅋ소월이 블랙 신라면 아니면 오징어짬뽕 먹을거 같아요ㅋㅋㅋㅋㅋ,ko,[],[],[],1,0,1,[],[],https://twitter.com/YYS_in/status/1073786261062660096,False,,0,,,,,,,,"[{'screen_name': 'eungalawyer', 'name': '응가변호사', 'id': '1025015594771349504'}]",,,,
1066996216431439874,1066996216431439874,2018-11-26 19:04:56 ´ëÇÑ¹Î±¹ Ç¥ÁØ½Ã,2018-11-26,19:04:56,+0900,2341362811,lim_observer,#SaveUkraine제한적관찰자,,RT&gt; 이의 있소!! 신라면 블랙은 전자렌지가 필요하기에 전차 안에선 제대로된 취식이 불가능!! 그리고 다즐링은 너구리 작은컵을 좋아할거라고!!! #뇌내설정,ko,[],[],[],0,0,0,['뇌내설정'],[],https://twitter.com/Lim_observer/status/1066996216431439874,False,,0,,,,,,,,[],,,,
1042731239688462336,1042723986356953089,2018-09-20 20:04:35 ´ëÇÑ¹Î±¹ Ç¥ÁØ½Ã,2018-09-20,20:04:35,+0900,864985729050435584,tusdnjs,제로,,"@myinsangjojyeot 하 씨시싯ㅆ 그럼 치즈.. 아 근대 요즘 매운거 땡겨서 ㅠ 신라면 블랙ㅇ두 큰 컵 ㅇ잇나요,, 함 먹어보고싶어서,,, ㅋㅋ 아 저히 집 근처 편의점애 잇써야대는디,,,,",ko,[],[],[],1,0,1,[],[],https://twitter.com/tusdnjs/status/1042731239688462336,False,,0,,,,,,,,"[{'screen_name': 'myinsangjojyeot', 'name': '인생', 'id': '961563229825593344'}]",,,,
1027253541683908608,1027253541683908608,2018-08-09 03:01:44 ´ëÇÑ¹Î±¹ Ç¥ÁØ½Ã,2018-08-09,03:01:44,+0900,922525376785539072,woongtmi,여환웅 Tmi 정리,,227. 우승하고 가져간 간식 -꽈배기 -소보루빵 -신라면 블랙컵 -허니버터칩 -맛있는우유 초코맛 -맥스봉 숯불갈비맛 핫바 -카스타드(롯데) -제크  https://t.co/AcPb2hSisT,ko,[],[],"['https://pbs.twimg.com/media/DkGJpeGU0AA5SVL.jpg', 'https://pbs.twimg.com/media/DkGJpqOUwAAx3PB.jpg']",0,11,15,[],[],https://twitter.com/WoongTMI/status/1027253541683908608,False,,1,https://pbs.twimg.com/media/DkGJpeGU0AA5SVL.jpg,,,,,,,[],,,,
1026821052930744321,1026820744590712832,2018-08-07 22:23:11 ´ëÇÑ¹Î±¹ Ç¥ÁØ½Ã,2018-08-07,22:23:11,+0900,760396093,kge445,여등,,@gang_community 신라면 진라면 왕뚜껑 비빔면 꼬꼬면 불닭볶음면 까르보굴닭볶음면 참깨라면 컵라면 컵누들 튀김우동 삼양라면 안성탕면 신라면블랙 남자라면 무파마,ko,[],[],[],0,0,0,[],[],https://twitter.com/kge445/status/1026821052930744321,False,,0,,,,,,,,"[{'screen_name': 'gang_community', 'name': 'Gang_community', 'id': '1305795351987785728'}]",,,,
1018357579720736769,1018357579720736769,2018-07-15 13:52:21 ´ëÇÑ¹Î±¹ Ç¥ÁØ½Ã,2018-07-15,13:52:21,+0900,889131556832333824,passing_user,직장인 익명이,,스위스에서 먹은 신라면컵 진짜 작아서 아쉬운데 블랙컵으로 업그레이드하면  푸짐해서 좋다 ㅎㅎ 정작 나는 유럽여행 다녀오고 난 후 알게된거라 친구에게 내쿠폰을 대신 보내줬던 기억이..ㅠ  https://t.co/1AyRPjG8qB,ko,[],[],['https://pbs.twimg.com/media/DiHuzzNUwAAYXBJ.jpg'],0,0,0,[],[],https://twitter.com/passing_user/status/1018357579720736769,False,,1,https://pbs.twimg.com/media/DiHuzzNUwAAYXBJ.jpg,,,,,,,[],,,,
1010825535180554241,1010825535180554241,2018-06-24 19:02:42 ´ëÇÑ¹Î±¹ Ç¥ÁØ½Ã,2018-06-24,19:02:42,+0900,1719320882,timote96,티모테(계이함),,신라면 블랙 컵 전자렌지에 먹으면 짱맛잇움,ko,[],[],[],0,0,0,[],[],https://twitter.com/timote96/status/1010825535180554241,False,,0,,,,,,,,[],,,,
1006450918710104067,1006450918710104067,2018-06-12 17:19:32 ´ëÇÑ¹Î±¹ Ç¥ÁØ½Ã,2018-06-12,17:19:32,+0900,912412647101829120,91203_3,⚡️the Dual,,신라면 블랙 큰컵으로 나왔더라구요,ko,[],[],[],0,0,0,[],[],https://twitter.com/91203_3/status/1006450918710104067,False,,0,,,,,,,,[],,,,
1000725781268447233,1000725781268447233,2018-05-27 22:09:53 ´ëÇÑ¹Î±¹ Ç¥ÁØ½Ã,2018-05-27,22:09:53,+0900,123555670,swayingflower,흔들리는 꽃,,"인정! 신라면블랙컵 전자렌지 돌리믄 맛나지,",ko,[],[],[],0,0,0,[],[],https://twitter.com/Swayingflower/status/1000725781268447233,False,,0,,,,,,,,[],,,,
985029253308735488,985029253308735488,2018-04-14 14:37:29 ´ëÇÑ¹Î±¹ Ç¥ÁØ½Ã,2018-04-14,14:37:29,+0900,207561815,dde_uk,인생무상,,분수에 안맞게 신라면 블랙먹어서 트러블난듯 분수에맞게 신라면 작은컵먹자,ko,[],[],[],0,0,0,[],[],https://twitter.com/DDe_Uk/status/985029253308735488,False,,0,,,,,,,,[],,,,
975732902741778433,975732902741778433,2018-03-19 22:57:06 ´ëÇÑ¹Î±¹ Ç¥ÁØ½Ã,2018-03-19,22:57:06,+0900,3253818715,beat_1995,🍤계이중 메인트🍤,,메릴은 진라면 먹고 있었고요 체자레랑 엘머랑 너구리 먹고 있었고요 잭은 신라면 블랙 먹고 잇엇음 율리아는 왕뚜껑 먹고 모건은 컵누들 우동맛 먹엇어요,ko,[],[],[],1,1,7,[],[],https://twitter.com/Beat_1995/status/975732902741778433,False,,0,,,,,,,,[],,,,
965192053859627009,965191908749328385,2018-02-18 20:51:32 ´ëÇÑ¹Î±¹ Ç¥ÁØ½Ã,2018-02-18,20:51:32,+0900,862614261222199296,lanana_sf,라나나,,까르보구리&gt;=신라면블랙컵&gt;&gt;&gt;&gt;육개장 특,ko,[],[],[],0,0,1,[],[],https://twitter.com/lanana_sf/status/965192053859627009,False,,0,,,,,,,,[],,,,
965191908749328385,965191908749328385,2018-02-18 20:50:58 ´ëÇÑ¹Î±¹ Ç¥ÁØ½Ã,2018-02-18,20:50:58,+0900,862614261222199296,lanana_sf,라나나,,신라면 블랙컵 렌지조리하니깐 되게 맛나더라,ko,[],[],[],1,0,2,[],[],https://twitter.com/lanana_sf/status/965191908749328385,False,,0,,,,,,,,[],,,,
963493651941801984,963493651941801984,2018-02-14 04:22:42 ´ëÇÑ¹Î±¹ Ç¥ÁØ½Ã,2018-02-14,04:22:42,+0900,3014207336,hestel_ruru,𝗦𝗧𝗲𝗟,,저번에 간식으로 신라면블랙(컵)사둔거 아버지께서 한번 드시더니 두박스 사오셨다.,ko,[],[],[],1,0,0,[],[],https://twitter.com/Hestel_ruru/status/963493651941801984,False,,0,,,,,,,,[],,,,
958895447443034112,958895447443034112,2018-02-01 11:51:04 ´ëÇÑ¹Î±¹ Ç¥ÁØ½Ã,2018-02-01,11:51:04,+0900,131203665,kandakanna,YUMIKO,,점심은 간단하게 신라면블랙컵에 홍게장삼각김밥입니다. 전자렌지 돌리니 맛있네요.  https://t.co/6wIPPelG9Y,ko,[],[],"['https://pbs.twimg.com/media/DU6uNBDVAAAYeya.jpg', 'https://pbs.twimg.com/media/DU6uO9SVMAA00X9.jpg', 'https://pbs.twimg.com/media/DU6uQyZVAAUhV-W.jpg', 'https://pbs.twimg.com/media/DU6uTTcVMAAvgpb.jpg']",0,0,0,[],[],https://twitter.com/KandaKanna/status/958895447443034112,False,,1,https://pbs.twimg.com/media/DU6uNBDVAAAYeya.jpg,,,,,,,[],,,,
953714183467487233,953714183467487233,2018-01-18 04:42:35 ´ëÇÑ¹Î±¹ Ç¥ÁØ½Ã,2018-01-18,04:42:35,+0900,824640668123406338,scotch_revive,배곺,,신라면 블랙 컵 존맛탱이던데,ko,[],[],[],0,0,0,[],[],https://twitter.com/Scotch_revive/status/953714183467487233,False,,0,,,,,,,,[],,,,
953166714245541889,953166714245541889,2018-01-16 16:27:08 ´ëÇÑ¹Î±¹ Ç¥ÁØ½Ã,2018-01-16,16:27:08,+0900,4055658566,embty_d,덫 (X),,신라면 블랙 컵 전자레인지 용 너무 맛있다,ko,[],[],[],0,0,1,[],[],https://twitter.com/emBty_D/status/953166714245541889,False,,0,,,,,,,,[],,,,
942347121834958848,936552939547742209,2017-12-17 19:53:56 ´ëÇÑ¹Î±¹ Ç¥ÁØ½Ã,2017-12-17,19:53:56,+0900,109867621,geheje,사나운 코알라,,12월16일 식사  아침 : X 점심 : 신라면블랙 컵 저녁 : 회,ko,[],[],[],1,0,0,[],[],https://twitter.com/geheje/status/942347121834958848,False,,0,,,,,,,,[],,,,
942307685176786945,942307685176786945,2017-12-17 17:17:14 ´ëÇÑ¹Î±¹ Ç¥ÁØ½Ã,2017-12-17,17:17:14,+0900,150878657,dangerplanet,마이너스의 손,,신라면 블랙 사발면. 뜨거운물을 넣고 전자레인지에 돌려서 먹는 버전으로 마트에서 할인하길래 한번 사봤다.용량은 소형컵 버전이랑 똑같은데 옆으로 늘려놓은거임. 결론부터 말하자면 그냥 신라면 블랙의 사리곰탕에 신라면 섞은 맛이고 딱히 전자레인지 조리를 통한 매리트는 그닥 없어 보임.  https://t.co/7JLq5RHeEm,ko,[],[],"['https://pbs.twimg.com/media/DRO_OdiVwAA_NUv.jpg', 'https://pbs.twimg.com/media/DRO_O3iUEAALJm4.jpg', 'https://pbs.twimg.com/media/DRO_PVCVAAAvxF5.jpg', 'https://pbs.twimg.com/media/DRO_P2PUQAAxpuR.jpg']",1,1,0,[],[],https://twitter.com/Dangerplanet/status/942307685176786945,False,,1,https://pbs.twimg.com/media/DRO_OdiVwAA_NUv.jpg,,,,,,,[],,,,
942229487780970497,942229487780970497,2017-12-17 12:06:30 ´ëÇÑ¹Î±¹ Ç¥ÁØ½Ã,2017-12-17,12:06:30,+0900,895862501325262848,amoidarao,와다,,신라면 블랙 큰컵 전자렌지돌려먹으라고되있는거 맛 괜찮다 1600원이었나 했는데 돈아깝지않았음  면도 괜찮고 국물도 풍부항 맛이 난다,ko,[],[],[],0,0,0,[],[],https://twitter.com/amoidarao/status/942229487780970497,False,,0,,,,,,,,[],,,,
941971272686231552,941971272686231552,2017-12-16 19:00:27 ´ëÇÑ¹Î±¹ Ç¥ÁØ½Ã,2017-12-16,19:00:27,+0900,426752417,erissue,이코노믹리뷰,,신라면 블랙사발 vs 진라면 골드에디션컵 #데스매치  https://t.co/1SEExSrR7w  https://t.co/lqRrMQ6a55,ko,[],['http://www.econovill.com/news/articleView.html?idxno=328497'],['https://pbs.twimg.com/media/DRKN4U2VwAAvKxO.jpg'],0,0,0,['데스매치'],[],https://twitter.com/erissue/status/941971272686231552,False,,1,https://pbs.twimg.com/media/DRKN4U2VwAAvKxO.jpg,,,,,,,[],,,,
940462087452508160,940456237107331072,2017-12-12 15:03:29 ´ëÇÑ¹Î±¹ Ç¥ÁØ½Ã,2017-12-12,15:03:29,+0900,71992272,foodnjoy,foodnjoy,,@KimMaSin 폴리스틸렌 거르고 종이용기는 그래도 돌릴만 했는데 이번엔 아예 전자렌지가 권장이더라구요. 전 사실 이것보다 융프라우에서 나눠주는 블랙신라면 컵이 어찌 되는지가 궁금해졌습니다...,ko,[],[],[],0,2,1,[],[],https://twitter.com/foodnjoy/status/940462087452508160,False,,0,,,,,,,,"[{'screen_name': 'KimMaSin', 'name': 'KimMaSin', 'id': '55492879'}]",,,,
921189405842395138,921188092379385856,2017-10-20 10:40:43 ´ëÇÑ¹Î±¹ Ç¥ÁØ½Ã,2017-10-20,10:40:43,+0900,83836951,louielouielu,룰루,,그나저나 한국에서도 안 먹어본 신라면 블랙을 여기서 먹어보네. 맛있다 여긴 작은 컵 하나에 3불.,ko,[],[],[],0,0,0,[],[],https://twitter.com/louielouielu/status/921189405842395138,False,,0,,,,,,,,[],,,,
897154889322708992,897154889322708992,2017-08-15 02:56:08 ´ëÇÑ¹Î±¹ Ç¥ÁØ½Ã,2017-08-15,02:56:08,+0900,858990683624951808,pandora_cmc,새벽,,집에있어서먹긴먹는데신라면블랙컵진짜맛없음......'-'......몬맛이냐....,ko,[],[],[],0,0,0,[],[],https://twitter.com/Pandora_cmc/status/897154889322708992,False,,0,,,,,,,,[],,,,
878090871119335428,878090871119335428,2017-06-23 12:22:32 ´ëÇÑ¹Î±¹ Ç¥ÁØ½Ã,2017-06-23,12:22:32,+0900,309482925,cocoa_loop,nonemi@カムラ里民,,농심은 신라면 컵하고 신라면 블랙하고 감자면 밖에 없더라;;;,ko,[],[],[],0,0,0,[],[],https://twitter.com/cocoa_loop/status/878090871119335428,False,,0,,,,,,,,[],,,,
818224204046737409,818224204046737409,2017-01-09 07:33:46 ´ëÇÑ¹Î±¹ Ç¥ÁØ½Ã,2017-01-09,07:33:46,+0900,3033052872,naiive_jp,naiive.jp,,[일본 컵라면]일본 컵라멘이지만 어디서 많이 본 컵라면...신라면 블랙  https://t.co/yjql8ijbR2,ko,[],['http://blog.naver.com/sekitoba/220905347649'],[],0,0,0,[],[],https://twitter.com/naiive_jp/status/818224204046737409,False,,0,,,,,,,,[],,,,
795106165155774466,795106165155774466,2016-11-06 12:30:56 ´ëÇÑ¹Î±¹ Ç¥ÁØ½Ã,2016-11-06,12:30:56,+0900,2613466112,mybuckylist,쉐릴/덕수,,고등어통조림 주부9단프랑크소시지 새우탕컵 사리곰탕컵 신라면블랙 아 스바 ㅋㅌㅋㅋㅋ ㅋㅋㅋㅋㅋㅋㅋㅋㅋㅋ,ko,[],[],[],0,0,0,[],[],https://twitter.com/mybuckylist/status/795106165155774466,False,,0,,,,,,,,[],,,,
767038646629175297,767030147509649408,2016-08-21 01:40:38 ´ëÇÑ¹Î±¹ Ç¥ÁØ½Ã,2016-08-21,01:40:38,+0900,1521896605,blackstyle0522,비스킷(BisCuit),,"@mauve_petal 그리고 편의점에서 꼭 사는거는... 팝콘과자, 신라면 블랙 컵, 그리고.... 문화상품권... (부끄...)",ko,[],[],[],0,0,1,[],[],https://twitter.com/BlackStyle0522/status/767038646629175297,False,,0,,,,,,,,"[{'screen_name': 'mauve_petal', 'name': 'Mauve petal. 🎗', 'id': '953822318546927616'}]",,,,
747014069442359296,747014069442359296,2016-06-26 19:30:07 ´ëÇÑ¹Î±¹ Ç¥ÁØ½Ã,2016-06-26,19:30:07,+0900,3737838432,alasforalice,아익오아익오,,신라면 블랙 컵 맛있찌 지금 너무 많이 먹어서 위가 튀어나와서 배가 동그래졌다 두드리면 수박 두드릴 때 나는 것 같이 맑은 통통 소리가 난다,ko,[],[],[],0,0,0,[],[],https://twitter.com/alasforalice/status/747014069442359296,False,,0,,,,,,,,[],,,,
721703305206845441,721693954513604608,2016-04-17 23:14:11 ´ëÇÑ¹Î±¹ Ç¥ÁØ½Ã,2016-04-17,23:14:11,+0900,3627519732,bs2mh_y,민 혁 옌,,@qeq0321 5. 라면 개조아해욧 저 면 종류 다 좋아하는데 특히 라면 라면중에서도 신라면 짜파게티 맛짬 너구리 컵은 진라면이랑 신라면블랙,ko,[],[],[],0,0,0,[],[],https://twitter.com/BS2MH_Y/status/721703305206845441,False,,0,,,,,,,,[],,,,
709308244213112832,709308244213112832,2016-03-14 18:20:38 ´ëÇÑ¹Î±¹ Ç¥ÁØ½Ã,2016-03-14,18:20:38,+0900,2888370817,tri_angle53,행복하자!! / 민우 / 린우 / Meanwho?,,아니 왜 내가 갈 때 마다 신라면 오리지널 쪼매난 컵 없고 블랙컵이 거기 있는거냐 신라면 큰사발 면발 별로라서 오리지날 쪼매난 거 사먹는데 ㅇㅅㅠ,ko,[],[],[],0,0,0,[],[],https://twitter.com/tri_angle53/status/709308244213112832,False,,0,,,,,,,,[],,,,
687721993685184513,687721993685184513,2016-01-15 04:44:35 ´ëÇÑ¹Î±¹ Ç¥ÁØ½Ã,2016-01-15,04:44:35,+0900,39171420,zeliphish_,무색무취 해파리_ 🎗,,하루치 나트륨은 단번에 완샷 - 신라면 블랙 컵누들.,ko,[],[],[],0,0,0,[],[],https://twitter.com/zeliphish_/status/687721993685184513,False,,0,,,,,,,,[],,,,
