id,conversation_id,created_at,date,time,timezone,user_id,username,name,place,tweet,language,mentions,urls,photos,replies_count,retweets_count,likes_count,hashtags,cashtags,link,retweet,quote_url,video,thumbnail,near,geo,source,user_rt_id,user_rt,retweet_id,reply_to,retweet_date,translate,trans_src,trans_dest
1329050051033776129,1329050051033776129,2020-11-18 22:13:19 ´ëÇÑ¹Î±¹ Ç¥ÁØ½Ã,2020-11-18,22:13:19,+0900,1030121041102688256,emsen_mena,할메나,,나 생생우동 데리야끼 좋아하는데 잘 안파는거같음,ko,[],[],[],0,0,0,[],[],https://twitter.com/Emsen_mena/status/1329050051033776129,False,,0,,,,,,,,[],,,,
1286213281623846912,1286213281623846912,2020-07-23 17:15:17 ´ëÇÑ¹Î±¹ Ç¥ÁØ½Ã,2020-07-23,17:15:17,+0900,947434221735370752,shr_impo,ƪƪƪ🦐,,생생우동 데리야끼맛 먹고 싶다.. 근데 울집 근처 마트에는 안팜.. 편의점에 파나,ko,[],[],[],0,0,1,[],[],https://twitter.com/shr_impo/status/1286213281623846912,False,,0,,,,,,,,[],,,,
1170581444768362496,1170580910472757248,2019-09-08 15:15:39 ´ëÇÑ¹Î±¹ Ç¥ÁØ½Ã,2019-09-08,15:15:39,+0900,514399580,ardent_sh,아덴트,,그냥 생생우동이랑 데리야끼맛 진짜 최고 좋아하는 라면인데 이럴수가,ko,[],[],[],0,0,0,[],[],https://twitter.com/ardent_SH/status/1170581444768362496,False,,0,,,,,,,,[],,,,
1056130427600007168,1056130427600007168,2018-10-27 19:28:10 ´ëÇÑ¹Î±¹ Ç¥ÁØ½Ã,2018-10-27,19:28:10,+0900,850022051444215812,_lg629,𝐥𝐢𝐚,,데리야끼 생생우동 왜.. 편의점에 안 파냐고요.. 괜히̤̫ 잡채컵라면이나̄̈ 사가는중....,ko,[],[],[],0,0,1,[],[],https://twitter.com/_lg629/status/1056130427600007168,False,,0,,,,,,,,[],,,,
960247003367096320,960243992301481984,2018-02-05 05:21:40 ´ëÇÑ¹Î±¹ Ç¥ÁØ½Ã,2018-02-05,05:21:40,+0900,723899877600587778,wawaragone,와와라고,,@Victer309 진짜맛있어요 제가원래 생생우동 좋아하긴하는데 야끼우동있길래ㅜ먹어봤거든요 데리야끼맛은 안먹어봐서 잘모르겠고 화끈한맛도 그렇게맵지않고 정말맛있었어요 추천드립니다...,ko,[],[],[],1,0,0,[],[],https://twitter.com/wawaragone/status/960247003367096320,False,,0,,,,,,,,"[{'screen_name': 'Victer309', 'name': '어빈 🏳️\u200d🌈', 'id': '415625347'}]",,,,
762653173500620800,762651127129051136,2016-08-08 23:14:20 ´ëÇÑ¹Î±¹ Ç¥ÁØ½Ã,2016-08-08,23:14:20,+0900,2922742736,sooya112,계옮,,@dreaminbaek 생생우동 볶음이에요!!!데리야끼,ko,[],[],[],0,0,0,[],[],https://twitter.com/sooya112/status/762653173500620800,False,,0,,,,,,,,"[{'screen_name': 'dreaminbaek', 'name': 'dreamink', 'id': '1406112179510730752'}]",,,,
762647049309343744,762647049309343744,2016-08-08 22:50:00 ´ëÇÑ¹Î±¹ Ç¥ÁØ½Ã,2016-08-08,22:50:00,+0900,2922742736,sooya112,계옮,,"이제 저녁 먹는다 ,,생생우동 데리야끼랑 볶음밥 남은거 머거야지😆",ko,[],[],[],0,0,0,[],[],https://twitter.com/sooya112/status/762647049309343744,False,,0,,,,,,,,[],,,,
