id,conversation_id,created_at,date,time,timezone,user_id,username,name,place,tweet,language,mentions,urls,photos,replies_count,retweets_count,likes_count,hashtags,cashtags,link,retweet,quote_url,video,thumbnail,near,geo,source,user_rt_id,user_rt,retweet_id,reply_to,retweet_date,translate,trans_src,trans_dest
1455504152042164234,1455497987572916228,2021-11-02 20:56:46 ´ëÇÑ¹Î±¹ Ç¥ÁØ½Ã,2021-11-02,20:56:46,+0900,877385443,nadassibural,맑탉앉않꿇헒,,@_SelectBot2 고추기름 무파마컵 무파마4 감자면,ko,[],[],[],1,0,0,[],[],https://twitter.com/Nadassibural/status/1455504152042164234,False,,0,,,,,,,,"[{'screen_name': '_SelectBot2', 'name': '선택봇2', 'id': '4641466698'}]",,,,
1441842443331244036,1441842052979994626,2021-09-26 04:10:01 ´ëÇÑ¹Î±¹ Ç¥ÁØ½Ã,2021-09-26,04:10:01,+0900,989888334649491457,crazy_heukbal,🌌함🌌,,신라면 / 너구리 / 진라면 주로 먹고 좋아하는 라면은 무파마랑 신라면 블랙이에요  좀 가격대를 붙이면 진짬뽕을 좋아한답니다... 가끔 입가심으로 꼬꼬면이랑 나가사끼 짬뽕을 먹어요 컵라면 중에서는 컵누들을 제일 좋아하구요 그나마 밤에 야식먹을 때 양심이 있으면 신라면 건면을 먹는답니다,ko,[],[],[],0,0,0,[],[],https://twitter.com/Crazy_Heukbal/status/1441842443331244036,False,,0,,,,,,,,[],,,,
1426561344287830016,1426538823136124928,2021-08-15 00:08:23 ´ëÇÑ¹Î±¹ Ç¥ÁØ½Ã,2021-08-15,00:08:23,+0900,1414284891223560199,cutie_ramin,효랑,,@_E88T_ 라면 죠와합니다 대신 먹어본 것만 먹는 성격이라 맛을 알고 잇는 라면이 적어요  진라면 왕뚜껑 무파마 불닭 짜파게티말곤 먹어본 적이 없는데  아 세상... 컵누들을 최근에 처음 먹어봣어요 존맛탱구리애요 이거 만든 사람 노벨상 받아야함,ko,[],[],[],0,0,0,[],[],https://twitter.com/CUTIE_RAMIN/status/1426561344287830016,False,,0,,,,,,,,[],,,,
1417096127082496001,1416741351115214851,2021-07-19 21:16:59 ´ëÇÑ¹Î±¹ Ç¥ÁØ½Ã,2021-07-19,21:16:59,+0900,1013812954284716033,iyane_,𝑲𝒊𝒎-𝑰𝒚𝒂𝒏🌛🌱💝👑,,@new_black_dog 어릴적 꿈이 무파마 컵을 돈걱정 없이 먹는거였는데 이젠 더 비싼게 너무 많아....,ko,[],[],[],0,0,1,[],[],https://twitter.com/IyanE_/status/1417096127082496001,False,,0,,,,,,,,"[{'screen_name': 'new_black_dog', 'name': '신흑구 인외공방🔞/黑球の人外工房🌽', 'id': '909401957453905920'}]",,,,
1387686031835623427,1387686031835623427,2021-04-29 17:31:46 ´ëÇÑ¹Î±¹ Ç¥ÁØ½Ã,2021-04-29,17:31:46,+0900,3277575745,angppongtang,Ang deux Pong Tang,,무파마컵을 먹을 때마다 후회한다 내가 원했던 건 좀 더 Cheap한 Spicy였구나 하고  하지만 가끔 한번씩 먹을 수 박에 없어 무파마잖아,ko,[],[],[],0,0,1,[],[],https://twitter.com/ANGppongtANG/status/1387686031835623427,False,,0,,,,,,,,[],,,,
1374357731922964482,1374355433670897666,2021-03-23 22:49:52 ´ëÇÑ¹Î±¹ Ç¥ÁØ½Ã,2021-03-23,22:49:52,+0900,1114637042376298496,kimdubu__,김두부,,@welwelwel320 컵누들은 없구 무파마랑 틈새라면 있서요!,ko,[],[],[],1,0,1,[],[],https://twitter.com/KIMDUBU__/status/1374357731922964482,False,,0,,,,,,,,"[{'screen_name': 'welwelwel320', 'name': '도루니', 'id': '1081032558572318720'}]",,,,
1348591816673611778,1348591264422187009,2021-01-11 20:25:19 ´ëÇÑ¹Î±¹ Ç¥ÁØ½Ã,2021-01-11,20:25:19,+0900,719106066349367297,anjsep_0q,안즈님,,@beumi_beumi 컵이면 오짬 봉지면 무파마!,ko,[],[],[],1,0,1,[],[],https://twitter.com/anjsep_0q/status/1348591816673611778,False,,0,,,,,,,,"[{'screen_name': 'beumi_beumi', 'name': '브미브미🦋 @CH4NGE', 'id': '1256502259648573441'}]",,,,
1332335417559945216,1332327113978875904,2020-11-27 23:48:11 ´ëÇÑ¹Î±¹ Ç¥ÁØ½Ã,2020-11-27,23:48:11,+0900,882605470472482817,kkkk_ai__,💛🌹19D 까이,,@rel_rel0817 어 저 무파마 좋아해요ㅋㅋㄱㅋㅋㅋㅋㅋㅋ 전 진라면이랑 컵누들 사이에서 고민중이에요 컵누들은 맛있겠지만 분명 아쉬울텐데ㅠ,ko,[],[],[],1,0,0,[],[],https://twitter.com/kkkk_ai__/status/1332335417559945216,False,,0,,,,,,,,"[{'screen_name': 'rel_rel0817', 'name': '🦊_REL', 'id': '1149975955'}]",,,,
1330900952711249920,1330880094517174276,2020-11-24 00:48:08 ´ëÇÑ¹Î±¹ Ç¥ÁØ½Ã,2020-11-24,00:48:08,+0900,1316773031092523010,mont_cham_a,생요,,@JMT_xH @TwoHyeon0311 열라면 저도 종종 먹어요!! 원래 전 육개장 작은 컵에 진심이던 새럼... 무파마도 나중에 꼭 도전....!!,ko,[],[],[],0,0,0,[],[],https://twitter.com/mont_cham_a/status/1330900952711249920,False,,0,,,,,,,,"[{'screen_name': 'JMT_xH', 'name': '🍸빠텐더🔥', 'id': '1317433766701223936'}, {'screen_name': 'TwoHyeon0311', 'name': '투혅에주식투자 성공한 개미', 'id': '1312373238832394240'}]",,,,
1315957318089990145,1315957318089990145,2020-10-13 19:07:28 ´ëÇÑ¹Î±¹ Ç¥ÁØ½Ã,2020-10-13,19:07:28,+0900,1015851775956381696,universe_n_me,☃️우주네🎄,,많이 좋아해서... 좋아했던 순서대로 나열해보겠습니다.  육개장(컵라면)&gt;무파마(봉지)&gt;너구리(봉)&gt;불닭볶음면(컵)&gt;참깨라면(컵)&gt;진라면매운맛(봉)&gt;팔도비빔면(봉)&gt;육개장(컵)    https://t.co/c5KxJQ7eKy,ko,[],['https://peing.net/ko/qs/934365311'],[],0,0,3,[],[],https://twitter.com/universe_n_me/status/1315957318089990145,False,,0,,,,,,,,[],,,,
1307535259777425409,1307529854623989761,2020-09-20 13:21:13 ´ëÇÑ¹Î±¹ Ç¥ÁØ½Ã,2020-09-20,13:21:13,+0900,4882246994,musics2bonnoung,본능쟝٩(●'▿'●)۶,,@Jahwa0314 @paladinc22 육개장 작은컵 맛잇찌 그리구 열라면도 맛잇어ㅓㅓ무파마가 으딜 비벼,ko,[],[],[],1,0,0,[],[],https://twitter.com/musicS2BonNoung/status/1307535259777425409,False,,0,,,,,,,,"[{'screen_name': 'Jahwa0314', 'name': '연자화', 'id': '1186126673441259520'}, {'screen_name': 'paladinc22', 'name': '팔라딘(MKGA)', 'id': '714103850345476096'}]",,,,
1304086058120830978,1304086058120830978,2020-09-11 00:55:19 ´ëÇÑ¹Î±¹ Ç¥ÁØ½Ã,2020-09-11,00:55:19,+0900,636051031,playcrabs,도파민 중독자,,우리함께 라면이름을 읊어볼까요~ 신라면 진라면 삼양라면 열라면 참깨라면 너구리 스낵면 비빔면 칼빔면 짜파구리 짜왕 컵누들 사라곰탕 불닭 생생우동 무파마 우육면 치즈볶이 카레라면 건면 미역국면 틈새라면 진짬뽕 튀김우동 꼬꼬면 부대찌개면 홍라면 오모리김치찌개~,ko,[],[],[],0,2,2,[],[],https://twitter.com/playcrabs/status/1304086058120830978,False,,0,,,,,,,,[],,,,
1232296968501641216,1232296968501641216,2020-02-25 22:31:06 ´ëÇÑ¹Î±¹ Ç¥ÁØ½Ã,2020-02-25,22:31:06,+0900,4294693878,dodam_33333,˙Ⱉ˙,,진라면 순한맛 맛있음 매운맛도 맛있음 난 육개장파 하지만 왕뚜껑이랑 무파마도 마싰음 짜파게티는 컵으로 먹으면 좀 거북함 그래서 새우탕이랑 같이 먹어줘야함 작은컵으로,ko,[],[],[],0,0,0,[],[],https://twitter.com/dodam_33333/status/1232296968501641216,False,,0,,,,,,,,[],,,,
1225865876336869376,1225865876336869376,2020-02-08 04:36:15 ´ëÇÑ¹Î±¹ Ç¥ÁØ½Ã,2020-02-08,04:36:15,+0900,717968221605732352,co__shrimp,큐티빠띠 단새몬,,백종원라면 끓이는식으류 끓여보았고 1. 면을 생각보다 좀 더 빨리 건져도 되겠다.. 2. 김치 꺼내느라 계란이 좀 많이 익어버린게 미쓰 3. 물 양은 무파마를 한컵 반만 넣었지만 괜찮은듯  https://t.co/5dljPvcUtw,ko,[],[],['https://pbs.twimg.com/media/EQMmgsmUEAANsxz.jpg'],2,0,1,[],[],https://twitter.com/co__shrimp/status/1225865876336869376,False,,1,https://pbs.twimg.com/media/EQMmgsmUEAANsxz.jpg,,,,,,,[],,,,
1220782081430544385,1220772815592280064,2020-01-25 03:55:03 ´ëÇÑ¹Î±¹ Ç¥ÁØ½Ã,2020-01-25,03:55:03,+0900,538248141,cal_520,칼리번,,"@Sn6728 그렇다면 확 가격 올려서 사천짜장,무파마,컵누들 추천함 매운거 좋아하면 불닭시리즈",ko,[],[],[],0,0,0,[],[],https://twitter.com/Cal_520/status/1220782081430544385,False,,0,,,,,,,,[],,,,
1211343766398726144,1211342610435989504,2019-12-30 02:50:34 ´ëÇÑ¹Î±¹ Ç¥ÁØ½Ã,2019-12-30,02:50:34,+0900,1204032041781612544,istpee1,공대맨,,@loveyouistp 짜장범벅 육개장 치즈볶이 라면볶이 진라면 불닭볶음면 새우탕 오모리김치찌개라면 오징어짬뽕 튀김우동 스낵면 컵누들 도시락 왕뚜껑 참깨라면 삼양라면 김치라면 열라면 짜파게티 스파게티 안성탕면 진짬뽕 꼬꼬면 사리곰탕 쇠고기미역국 팔도비빔면 너구리 무파마 짜왕 쌀국수컵라면,ko,[],[],[],0,0,1,[],[],https://twitter.com/istpee1/status/1211343766398726144,False,,0,,,,,,,,[],,,,
1208403708939296769,1208385760946081792,2019-12-22 00:07:49 ´ëÇÑ¹Î±¹ Ç¥ÁØ½Ã,2019-12-22,00:07:49,+0900,1156066207822336002,hr_nmnmgd,내사랑루미에,,@Cheon_9 ㅇㅁㅇ 난 컵은 왔다갔다해도 봉지는 일편단심 무파마야,ko,[],[],[],1,0,0,[],[],https://twitter.com/HR_NmNmGd/status/1208403708939296769,False,,0,,,,,,,,"[{'screen_name': 'Cheon_9', 'name': '천구', 'id': '1179331815284199424'}]",,,,
1203888394658447360,1203888394658447360,2019-12-09 13:05:35 ´ëÇÑ¹Î±¹ Ç¥ÁØ½Ã,2019-12-09,13:05:35,+0900,762855752532762624,oozi_arts,우지,,무파마 컵라면 첨 먹어봤는데 빨간국물인데 아무맛이 없어..... 먹은 라면중 노맛.... 차라리 컵누들매운맛이 더 낫겠다.... ㅠㅠ,ko,[],[],[],0,0,0,[],[],https://twitter.com/Oozi_arts/status/1203888394658447360,False,,0,,,,,,,,[],,,,
1194840246598295553,1194840246598295553,2019-11-14 13:51:28 ´ëÇÑ¹Î±¹ Ç¥ÁØ½Ã,2019-11-14,13:51:28,+0900,945499313873993728,under_feet_six,🖤💙😶애기🙂💙🖤,,컵라면듀스 301 도시락 탈락 김치도시락 탈락 너구리큰컵 탈락 오징어짬뽕큰컵 탈락 무파마큰컵&lt;아직안먹음,ko,[],[],[],0,0,0,[],[],https://twitter.com/under_feet_six/status/1194840246598295553,False,,0,,,,,,,,[],,,,
1186321092639506433,1186314976480227328,2019-10-22 01:39:23 ´ëÇÑ¹Î±¹ Ç¥ÁØ½Ã,2019-10-22,01:39:23,+0900,920524050824343552,xxvanzzakxx,➳✩⡱ ᴠᴀɴᴢᴢᴀᴄᴋ ੈ✩,,맛없는거랑 맛있는걸 같이 먹어서 화가 애매하게 나네…🤔 무파마 아니고 컵누들 먹었으면 화나지 않았을 것이다 컵누들은 맛있기때문에…,ko,[],[],[],1,0,0,[],[],https://twitter.com/xxvanzzakxx/status/1186321092639506433,False,,0,,,,,,,,[],,,,
1165310591986102272,1165310591986102272,2019-08-25 02:11:10 ´ëÇÑ¹Î±¹ Ç¥ÁØ½Ã,2019-08-25,02:11:10,+0900,343289650,snape_31,스네이프,,그래서 컵라면 먹을일 있으면 그냥 볶음라면이나 아예 그 튀김우동 같은거 먹는듯 붉은국물 정 먹고싶으면 무파마 열라면 신라면작은컵 정도 중에서 고르고,ko,[],[],[],0,0,0,[],[],https://twitter.com/Snape_31/status/1165310591986102272,False,,0,,,,,,,,[],,,,
1135176670535593986,1135176670535593986,2019-06-02 22:29:43 ´ëÇÑ¹Î±¹ Ç¥ÁØ½Ã,2019-06-02,22:29:43,+0900,988614880025497601,ju5t___,그냥,,또 무슨라면있지 무파마... 먹어봣는데 인상에 안남음 글케 맛있진 않았던듯 불닭도 예전엔 잘먹었는데 이젠 작은컵도 잘 못먹고..ㅋㅋㅋㅋㅋ 편의점라면중에 씨유거 청양고추라면이 진짜 맛있음 지에스는 공화춘,ko,[],[],[],0,0,0,[],[],https://twitter.com/JU5T___/status/1135176670535593986,False,,0,,,,,,,,[],,,,
1131617654509195264,1131617654509195264,2019-05-24 02:47:27 ´ëÇÑ¹Î±¹ Ç¥ÁØ½Ã,2019-05-24,02:47:27,+0900,139907946,xechrome,あっしゅ,,야식으로 무파마 컵 하나 조지고 왔다,ko,[],[],[],0,0,0,[],[],https://twitter.com/Xechrome/status/1131617654509195264,False,,0,,,,,,,,[],,,,
1117440648515186688,1117436300385107970,2019-04-14 23:53:06 ´ëÇÑ¹Î±¹ Ç¥ÁØ½Ã,2019-04-14,23:53:06,+0900,417469007,juliafromm31,프로피곤러 쥴리슬 🙃,,이 참에 알아보는 후보 별 나트륨 합량(큰컵 기준) 무파마 1570 사리곰탕면 1590 오짬 1780 진라면컵 154  봉지라면은 진라면 매운맛이 나트륨 높다고 알고 있는데 컵라면은 좀 다르네?,ko,[],[],[],1,0,0,[],[],https://twitter.com/JuliafromM31/status/1117440648515186688,False,,0,,,,,,,,[],,,,
1090663197596499969,1090663197596499969,2019-01-31 02:29:04 ´ëÇÑ¹Î±¹ Ç¥ÁØ½Ã,2019-01-31,02:29:04,+0900,869824408063320066,junkochan_new,밀표과/준코씨,,오늘의 야식 : 무파마컵(잔다매),ko,[],[],[],0,0,0,[],[],https://twitter.com/Junkochan_new/status/1090663197596499969,False,,0,,,,,,,,[],,,,
1067000051774324736,1066886168455786498,2018-11-26 19:20:10 ´ëÇÑ¹Î±¹ Ç¥ÁØ½Ã,2018-11-26,19:20:10,+0900,926479750717087744,myheart_toyou,밤식빵이 된 나무,,@dk_1_2 내가 조아하는 컵라면은? 1. 무파마 2. 컵누들 3. 짜파게티 4. 불닭,ko,[],[],[],1,0,0,[],[],https://twitter.com/myheart_toyou/status/1067000051774324736,False,,0,,,,,,,,[],,,,
1065396802319351809,1065396802319351809,2018-11-22 09:09:26 ´ëÇÑ¹Î±¹ Ç¥ÁØ½Ã,2018-11-22,09:09:26,+0900,744155062146990080,xxx08128,준비중,,무파마컵 전자렌지에 돌려먹으니 맛있다,ko,[],[],[],0,0,0,[],[],https://twitter.com/xxx08128/status/1065396802319351809,False,,0,,,,,,,,[],,,,
1052748184722669568,1052748173934919680,2018-10-18 11:28:21 ´ëÇÑ¹Î±¹ Ç¥ÁØ½Ã,2018-10-18,11:28:21,+0900,1936663568,vldzmf97,Rose Selene Lion☾,,라면 : 삼시세끼 라면만 먹고 살았으면 좋겠다.밥은 삼김으로 먹으면 됨.컵라면은 맛있는데 양이 작고 봉지는 양은 많은데 컵보다 덜 맛있다. 짬뽕류랑 불닭이랑 홍라면/신라면/꼬꼬면/무파마/김치라면 정도만 빼면 다 먹는편.면꼬들꼬들면보다 좀 부드러운 거 좋아하고 이것저것 넣어 먹는 거 좋아함,ko,[],[],[],1,0,0,[],[],https://twitter.com/vldzmf97/status/1052748184722669568,False,,0,,,,,,,,[],,,,
1052626620584845312,1052626620584845312,2018-10-18 03:25:17 ´ëÇÑ¹Î±¹ Ç¥ÁØ½Ã,2018-10-18,03:25:17,+0900,202432950,starnoasami,Sumito,,스파게티면 먹으려다가 동생이 무파마컵 사왔던 거 떠올리고 무파마 먹는 중  오랜만에 먹으니까 꽤 맛있네 이거,ko,[],[],[],0,0,0,[],[],https://twitter.com/StarnoAsami/status/1052626620584845312,False,,0,,,,,,,,[],,,,
1048430331336912896,1048430165510914048,2018-10-06 13:30:44 ´ëÇÑ¹Î±¹ Ç¥ÁØ½Ã,2018-10-06,13:30:44,+0900,4634769926,grape_r,Ichigo*,,@FoolLady 컵: 참깨 봉지: 무파마,ko,[],[],[],1,0,0,[],[],https://twitter.com/Grape_R/status/1048430331336912896,False,,0,,,,,,,,"[{'screen_name': 'FoolLady', 'name': '카페알바', 'id': '409198767'}]",,,,
1022034866307821569,1022034866307821569,2018-07-25 17:24:35 ´ëÇÑ¹Î±¹ Ç¥ÁØ½Ã,2018-07-25,17:24:35,+0900,2899410151,kwangssi8,광씨 (대충 삽시다),,난결심했다... 무파마 큰컵을 먹기로..,ko,[],[],[],0,0,0,[],[],https://twitter.com/kwangssi8/status/1022034866307821569,False,,0,,,,,,,,[],,,,
997818560985497600,997818560985497600,2018-05-19 21:37:38 ´ëÇÑ¹Î±¹ Ç¥ÁØ½Ã,2018-05-19,21:37:38,+0900,915592431126462465,ty1en0l,브로콜리맨,,무파마 컵면  무파마 맛 하나도 안나잖아요 걍 밍숭한 컵라면 맛...  속상합니다...,ko,[],[],[],0,0,0,[],[],https://twitter.com/ty1en0l/status/997818560985497600,False,,0,,,,,,,,[],,,,
977726847986233345,977726847986233345,2018-03-25 11:00:20 ´ëÇÑ¹Î±¹ Ç¥ÁØ½Ã,2018-03-25,11:00:20,+0900,3320679012,wlflauffuf,햄스터,,무파마컵에 가장 크게 실망한점은 후첨스프가 없다는점이다,ko,[],[],[],0,0,0,[],[],https://twitter.com/wlflauffuf/status/977726847986233345,False,,0,,,,,,,,[],,,,
910456162453094400,910456162453094400,2017-09-20 19:50:39 ´ëÇÑ¹Î±¹ Ç¥ÁØ½Ã,2017-09-20,19:50:39,+0900,724809324946550784,dms2936,🌿클로이🌿,,오늘 저녁은 무파마 큰컵+스팸+밥이다!!!!!!!!,ko,[],[],[],0,0,0,[],[],https://twitter.com/dms2936/status/910456162453094400,False,,0,,,,,,,,[],,,,
878215619501367296,878215619501367296,2017-06-23 20:38:14 ´ëÇÑ¹Î±¹ Ç¥ÁØ½Ã,2017-06-23,20:38:14,+0900,3190841569,liciaesr,LI?CIA🌈,,ㅜㅜ 봉지라면 새로 산거 있길래 신라면 부숴먹어야지 했는데 무파마밖에 없네.. 신라면 작은컵 두개 끓여먹는중이다 뭔가 서럽다,ko,[],[],[],1,0,0,[],[],https://twitter.com/liciaesr/status/878215619501367296,False,,0,,,,,,,,[],,,,
850671619265646593,850671619265646593,2017-04-08 20:28:13 ´ëÇÑ¹Î±¹ Ç¥ÁØ½Ã,2017-04-08,20:28:13,+0900,297425259,tonberiesknife,linda ji,,오늘은 무슨 라면을 어떻게 먹어볼까? - 육개장컵 - 치즈불닭 - 공화춘짜장 - 무파마 - 참기름,ko,[],[],[],2,0,0,[],[],https://twitter.com/tonberiesknife/status/850671619265646593,False,,0,,,,,,,,[],,,,
823893108979077121,823893108979077121,2017-01-24 22:59:59 ´ëÇÑ¹Î±¹ Ç¥ÁØ½Ã,2017-01-24,22:59:59,+0900,2179645080,star36571,브뎀인데 올뎀이인 브라이머리,,아 라달씌 제 컵라면 무파마가 아니라 해물왕컵이야,ko,[],[],[],0,0,0,[],[],https://twitter.com/star36571/status/823893108979077121,False,,0,,,,,,,,[],,,,
802739202483834881,802739202483834881,2016-11-27 14:01:54 ´ëÇÑ¹Î±¹ Ç¥ÁØ½Ã,2016-11-27,14:01:54,+0900,21198307,kaykiwoongkim,Kay Kim (김기웅),,"일본 라왕(2,000원)을 먹어봤는데, 한국 프리미엄 컵 라면(예: 무파마 큰 사발, 1,500원)보다 훨씬 나았다:  https://t.co/2gAC570U5O 치과 같은 일부 품목을 제외하면, 일본이 수입 대비 더 높은 품질의 삶을 누리고 있으려나?",ko,[],['http://fudd.kr/1167'],[],0,0,0,[],[],https://twitter.com/KayKiwoongKim/status/802739202483834881,False,,0,,,,,,,,[],,,,
780693610450694144,780693610450694144,2016-09-27 18:00:35 ´ëÇÑ¹Î±¹ Ç¥ÁØ½Ã,2016-09-27,18:00:35,+0900,3317582150,epycros1106,얀센과금러,,컵라면 먹으니까 더 배고파짐 무파마 만들어보겠다고 농심 육개장 작은 컵에 파랑 다진마늘이랑 고추가루 넣어봤는데 매우 이상하다,ko,[],[],[],1,0,0,[],[],https://twitter.com/epycros1106/status/780693610450694144,False,,0,,,,,,,,[],,,,
772907797704871936,772907797704871936,2016-09-06 06:22:33 ´ëÇÑ¹Î±¹ Ç¥ÁØ½Ã,2016-09-06,06:22:33,+0900,2257896974,hibiyasleep,종이 aka hibiya,,컵 &gt; 무파마 &gt; 맛짬뽕 &lt; 갓본 컵라면 (기름져서 패스) &gt; 짜파게티,ko,[],[],[],2,0,0,[],[],https://twitter.com/hibiyasleep/status/772907797704871936,False,,0,,,,,,,,[],,,,
