id,conversation_id,created_at,date,time,timezone,user_id,username,name,place,tweet,language,mentions,urls,photos,replies_count,retweets_count,likes_count,hashtags,cashtags,link,retweet,quote_url,video,thumbnail,near,geo,source,user_rt_id,user_rt,retweet_id,reply_to,retweet_date,translate,trans_src,trans_dest
1463432856206655488,1463432856206655488,2021-11-24 18:02:36 ´ëÇÑ¹Î±¹ Ç¥ÁØ½Ã,2021-11-24,18:02:36,+0900,1369614448399282177,do32ee,삼삼이,,"은비가 좋아하는 라면 신라면 너구리 참깨 불닭로제 감자면 짜파게티 컵누들-잔치국수,쌀국수 생생우동 튀김우동 새우탕  🤔",ko,[],[],[],0,0,0,[],[],https://twitter.com/do32ee/status/1463432856206655488,False,,0,,,,,,,,[],,,,
1250462770820075521,1250462770820075521,2020-04-16 01:35:31 ´ëÇÑ¹Î±¹ Ç¥ÁØ½Ã,2020-04-16,01:35:31,+0900,212243400,_nokdu,🌱녹두 / 복권 1등 당첨,,아 감자면 컵 살까.. 16개... 살까.. 살까 ㅠ,ko,[],[],[],0,0,0,[],[],https://twitter.com/_nokdu/status/1250462770820075521,False,,0,,,,,,,,[],,,,
1238441131400028161,1238441131400028161,2020-03-13 21:25:49 ´ëÇÑ¹Î±¹ Ç¥ÁØ½Ã,2020-03-13,21:25:49,+0900,702048117454012416,hiji_s22,✿ ʜɪᴊɪ ✿,,내 최애라면 감자면 카레라면 굴진짬뽕 진라면(순한맛) 오징어짬뽕 불닭볶음면(까르보나라) 육개장(작은컵) 새우탕면(작은컵)  최애는 쌓이는 것이지,ko,[],[],[],0,0,2,[],[],https://twitter.com/HiJi_s22/status/1238441131400028161,False,,0,,,,,,,,[],,,,
1234540706850455552,1234540706850455552,2020-03-03 03:06:55 ´ëÇÑ¹Î±¹ Ç¥ÁØ½Ã,2020-03-03,03:06:55,+0900,1223979711283392517,011011011_,앵쯧,,"다른거 안먹어봐도 ㄱㅊ 대신 진라면랑 컵누들은 진짜,,, 전자렌지 돌려봐 아 감자면도 맛있음 지금까지 내가먹은 컵라면은 컵라면이 아니였구나 할수있을 맛🥺",ko,[],[],[],0,0,0,[],[],https://twitter.com/011011011_/status/1234540706850455552,False,https://twitter.com/011011011_/status/1234540017399128067,0,,,,,,,,[],,,,
1221799300310564866,1221799300310564866,2020-01-27 23:17:07 ´ëÇÑ¹Î±¹ Ç¥ÁØ½Ã,2020-01-27,23:17:07,+0900,212243400,_nokdu,🌱녹두 / 복권 1등 당첨,,감자면 컵으로 2개먹었는데... 대만식 마장면 컵라면 하나 더먹을까고민중이야....ㅎ,ko,[],[],[],0,0,0,[],[],https://twitter.com/_nokdu/status/1221799300310564866,False,,0,,,,,,,,[],,,,
1173236330400104448,1173236330400104448,2019-09-15 23:05:13 ´ëÇÑ¹Î±¹ Ç¥ÁØ½Ã,2019-09-15,23:05:13,+0900,877385443,nadassibural,맑탉앉않꿇헒,,컵 감자면이라고??¿?¿???¿?¿¿?,ko,[],[],[],0,0,0,[],[],https://twitter.com/Nadassibural/status/1173236330400104448,False,,0,,,,,,,,[],,,,
1157611082745126912,1157611082745126912,2019-08-03 20:16:04 ´ëÇÑ¹Î±¹ Ç¥ÁØ½Ã,2019-08-03,20:16:04,+0900,4119638785,chillinwith1024,𝓀𝒾𝓂𝒹𝑒𝒶𝒹,,지금 약 3일사이에 끼니로 짜파게티 불닭 감자면 비빔면 컵누들 파스타 오만 면컵 다먹는것같아서 사람이 인스턴트만 먹다가는 큰일날것같다는 걸 몸소 느끼는 중,ko,[],[],[],0,0,1,[],[],https://twitter.com/chillinwith1024/status/1157611082745126912,False,,0,,,,,,,,[],,,,
1142710797778296832,1142710797778296832,2019-06-23 17:27:39 ´ëÇÑ¹Î±¹ Ç¥ÁØ½Ã,2019-06-23,17:27:39,+0900,902340659578789888,ramandududu,라면만두기록계,,6/23 감자면 컵  https://t.co/uuevrwV6w5,ko,[],[],['https://pbs.twimg.com/media/D9u5X4ZUIAAzRxz.jpg'],0,0,1,[],[],https://twitter.com/ramandududu/status/1142710797778296832,False,,1,https://pbs.twimg.com/media/D9u5X4ZUIAAzRxz.jpg,,,,,,,[],,,,
1137045510932520961,1137041940975824896,2019-06-08 02:15:49 ´ëÇÑ¹Î±¹ Ç¥ÁØ½Ã,2019-06-08,02:15:49,+0900,2306885672,ruko_p,루코,,@Zephyr_kq 어라 감자면컵 렌지조리가능이네요 한번 사서 비교해봐야겟네요,ko,[],[],[],0,0,0,[],[],https://twitter.com/Ruko_P/status/1137045510932520961,False,,0,,,,,,,,"[{'screen_name': 'Zephyr_kq', 'name': '제퍼', 'id': '4035972673'}]",,,,
1128218093988093954,1128218093988093954,2019-05-14 17:38:49 ´ëÇÑ¹Î±¹ Ç¥ÁØ½Ã,2019-05-14,17:38:49,+0900,2984108378,natsu_iro__,글 써 💚💙 커미1 GM3 (엘11-3) 😷🎗️,,감자면 컵 지에스 투플원이내 ..,ko,[],[],[],0,0,0,[],[],https://twitter.com/Natsu_iro__/status/1128218093988093954,False,,0,,,,,,,,[],,,,
1108565911366045696,1108565911366045696,2019-03-21 12:08:04 ´ëÇÑ¹Î±¹ Ç¥ÁØ½Ã,2019-03-21,12:08:04,+0900,215494875,anansi1191,Krushed in Action,,감자면 컵이 나왔다고? 내일 점심은 정해졌다,ko,[],[],[],0,0,0,[],[],https://twitter.com/anansi1191/status/1108565911366045696,False,,0,,,,,,,,[],,,,
1106547319619477504,1106547319619477504,2019-03-15 22:26:54 ´ëÇÑ¹Î±¹ Ç¥ÁØ½Ã,2019-03-15,22:26:54,+0900,924553175767457792,aa488e,L엘⭐,,회사 근처 씨유에 감자면 컵으로 나온거 처음봐서 2+1이라 사버렸는데 생각없이 봉지 필요없다해서 버스와 전철을 소중하게 품고 귀가중이다  https://t.co/kRdNvJ5RKX,ko,[],[],['https://pbs.twimg.com/media/D1s-6QvUYAULli9.jpg'],0,0,2,[],[],https://twitter.com/aa488E/status/1106547319619477504,False,,1,https://pbs.twimg.com/media/D1s-6QvUYAULli9.jpg,,,,,,,[],,,,
1106377851714961408,1106374614995734528,2019-03-15 11:13:30 ´ëÇÑ¹Î±¹ Ç¥ÁØ½Ã,2019-03-15,11:13:30,+0900,3158741858,misaki_hjj,🐰희진🐰,,@Enril_cos 헐 감자면도 컵으로 나와또??? 맛있게따!!!,ko,[],[],[],1,0,2,[],[],https://twitter.com/Misaki_Hjj/status/1106377851714961408,False,,0,,,,,,,,"[{'screen_name': 'Enril_cos', 'name': '은릴✨', 'id': '215802547'}]",,,,
1105411357564792832,1105411357564792832,2019-03-12 19:12:59 ´ëÇÑ¹Î±¹ Ç¥ÁØ½Ã,2019-03-12,19:12:59,+0900,820327098883588099,xiu_uuu,익슈,,감자면 컵이 나왓다고 해서 제가 경험해볼게요,ko,[],[],[],0,0,1,[],[],https://twitter.com/XIU_UUU/status/1105411357564792832,False,,0,,,,,,,,[],,,,
1091554471023337475,1091538740537786368,2019-02-02 13:30:40 ´ëÇÑ¹Î±¹ Ç¥ÁØ½Ã,2019-02-02,13:30:40,+0900,3537514399,bern_fate,🎗BR/B비넨도존버🌸,,@kkyalook1 그냥 감자면 먹을바엔 컵누들 2개를 먹을거란 생각으로 사왔읍니다,ko,[],[],[],0,0,0,[],[],https://twitter.com/Bern_fate/status/1091554471023337475,False,,0,,,,,,,,"[{'screen_name': 'kkyalook1', 'name': 'JC', 'id': '1345334588000718848'}]",,,,
1089375268060356608,1089375268060356608,2019-01-27 13:11:18 ´ëÇÑ¹Î±¹ Ç¥ÁØ½Ã,2019-01-27,13:11:18,+0900,2233048620,watermelon1206,수박🍉,,감자면 3개 끓이기..떨린다.. 라면 물 맞추는 컵 살까..?,ko,[],[],[],1,0,0,[],[],https://twitter.com/WaterMelon1206/status/1089375268060356608,False,,0,,,,,,,,[],,,,
1065155776786780160,1065068392204296193,2018-11-21 17:11:41 ´ëÇÑ¹Î±¹ Ç¥ÁØ½Ã,2018-11-21,17:11:41,+0900,376201695,suimir_bd,🎗𝕾𝖚𝖎𝖒𝖎𝕽스이미르😷,,피 얇고 고기가 닭가슴살이라 그런지 전혀 안 느끼함(사실 김치맛이 세서 고기맛은 잘 안느껴짐) 그냥 닭가슴살 만두는 상당히 담백할 거 같네용. 만두는 찌는 게 촉촉하고 맛있을 건데(아쉽) 컵누들도 걍 평범함.기존 편의점 것과 큰차이 없어요. 감자면임.  https://t.co/u0kIT2djaM,ko,[],[],"['https://pbs.twimg.com/media/DsgxfBjUUAAm99R.jpg', 'https://pbs.twimg.com/media/DsgxgvbUcAYRFBZ.jpg']",1,0,0,[],[],https://twitter.com/SuimiR_BD/status/1065155776786780160,False,,1,https://pbs.twimg.com/media/DsgxfBjUUAAm99R.jpg,,,,,,,[],,,,
981187050727661568,981187050727661568,2018-04-04 00:09:57 ´ëÇÑ¹Î±¹ Ç¥ÁØ½Ã,2018-04-04,00:09:57,+0900,545080255,flowerc0331,🌸 꽃 쳰 🌸,,다급하게 나의 손은... 라면들을 장바구니에 담앗다.......... 감자면.. 짜파게티... 컵누들...불탕면...,ko,[],[],[],0,0,0,[],[],https://twitter.com/FlowerC0331/status/981187050727661568,False,,0,,,,,,,,[],,,,
973218980994326530,973218007454330880,2018-03-13 00:27:41 ´ëÇÑ¹Î±¹ Ç¥ÁØ½Ã,2018-03-13,00:27:41,+0900,1473552703,simbak00,bak🖍️,,@h_o_h_a 뿌셔뿌셔 감자맛 만큼이나 찾아보기 어려운 듯 해요 편의점만 가도 감자면 묶음으로 있고 컵도 파는 시대 왔으면🍜,ko,[],[],[],1,0,1,[],[],https://twitter.com/simbak00/status/973218980994326530,False,,0,,,,,,,,"[{'screen_name': 'h_o_h_a', 'name': '호하', 'id': '2296778400'}]",,,,
970962126981316609,970962126981316609,2018-03-06 18:59:45 ´ëÇÑ¹Î±¹ Ç¥ÁØ½Ã,2018-03-06,18:59:45,+0900,829587084939665408,ju_ana_pr,쥬아나와 아도니스와 베루와 타마키네,,"구챠 시즌한정 메뉴 나와서 먹었는데 이건 진짜 원하던 메뉴고  특히 리얼 생딸기 밀크랑 치즈소스 컵감자면 식사 1끼 해결되서 앞으로 픞하러올때 먹을거야 ""사장님 늘 먹던거로 주세요""를 외칠수있는 메뉴야...☆ 맘같아서 독식하고싶다.. 너무 맛있어서 정신없이 먹다가 사진도 못찍었어..",ko,[],[],[],1,0,0,[],[],https://twitter.com/Ju_Ana_Pr/status/970962126981316609,False,,0,,,,,,,,[],,,,
966946609358499841,966946609358499841,2018-02-23 17:03:31 ´ëÇÑ¹Î±¹ Ç¥ÁØ½Ã,2018-02-23,17:03:31,+0900,1310797250,bingu_sama,𓆉구겨진 빵,,안녕 저는 집앞4분거리 마트에서 불닭볶음면 감자면 짜왕 컵떡볶이를 팔고있다는걸 알게된사람,ko,[],[],[],0,0,1,[],[],https://twitter.com/bingu_sama/status/966946609358499841,False,,0,,,,,,,,[],,,,
922824852960026625,922824852960026625,2017-10-24 22:59:24 ´ëÇÑ¹Î±¹ Ç¥ÁØ½Ã,2017-10-24,22:59:24,+0900,860869936582770688,nabinaii,Nabi,,아침~점심: 마늘바게뜨빵 블루베리윌넛베이글 우유2컵 간식 : 마늘 양배추 저녁: 감자면 단백질쉐이크,ko,[],[],[],0,0,0,[],[],https://twitter.com/Nabinaii/status/922824852960026625,False,,0,,,,,,,,[],,,,
902579770487070720,902579770487070720,2017-08-30 02:12:41 ´ëÇÑ¹Î±¹ Ç¥ÁØ½Ã,2017-08-30,02:12:41,+0900,812894134528638976,destin_1110,슈밍,,"내취향 라면은..콩나물넣은 열라면,컵누들 매운맛(중요),참치마요비빔면+치즈불닭,김치넣은 신라면,우유넣은 감자면",ko,[],[],[],1,0,1,[],[],https://twitter.com/Destin_1110/status/902579770487070720,False,,0,,,,,,,,[],,,,
894406508166774788,894406508166774788,2017-08-07 12:55:03 ´ëÇÑ¹Î±¹ Ç¥ÁØ½Ã,2017-08-07,12:55:03,+0900,215494875,anansi1191,Krushed in Action,,감자면은 왜 컵이 안나오지,ko,[],[],[],0,0,0,[],[],https://twitter.com/anansi1191/status/894406508166774788,False,,0,,,,,,,,[],,,,
878090871119335428,878090871119335428,2017-06-23 12:22:32 ´ëÇÑ¹Î±¹ Ç¥ÁØ½Ã,2017-06-23,12:22:32,+0900,309482925,cocoa_loop,nonemi@カムラ里民,,농심은 신라면 컵하고 신라면 블랙하고 감자면 밖에 없더라;;;,ko,[],[],[],0,0,0,[],[],https://twitter.com/cocoa_loop/status/878090871119335428,False,,0,,,,,,,,[],,,,
699979855740317697,699979855740317697,2016-02-18 00:32:57 ´ëÇÑ¹Î±¹ Ç¥ÁØ½Ã,2016-02-18,00:32:57,+0900,164511669,resilie46234164,.,,농심은 왜 감자면 카레맛을 단종시켰는가 이마트는 왜 카레볶음면과 토마토볶음면을 출시했는가 니신 컵누들은 왜24개까지만 국내로 배송가능한가,ko,[],[],[],0,0,0,[],[],https://twitter.com/Resilie46234164/status/699979855740317697,False,,0,,,,,,,,[],,,,
